date,slot,icode,brand,name,discount,price,qty_open,mid_qty,qty_close,sold,sold_out,sell_rate
2026/08/10,07:00,15236172,舒潔,熱銷霸王抽取110抽x60包x2箱,5折,1510,357,311,245,112,否,31.4
2026/08/10,07:00,13279705,ARIEL,抗菌抗臭洗衣精2+6組,57折,799,498,467,416,82,否,16.5
2026/08/10,07:00,7266941,鮮綠生活,台南XL超大片去刺虱目魚肚共7片,35折,999,310,274,237,73,否,23.5
2026/08/10,07:00,9621690,Oral-B,PRO1 3D電動牙刷+兩年份刷頭,45折,1490,200,164,140,60,否,30.0
2026/08/10,07:00,12914393,Chic Chic 琪琪,多款任選★升級零感提拉無痕內衣,4折,638,499,476,443,56,否,11.2
2026/08/10,07:00,8085585,五桔國際,綜合堅果450gx3包,55折,829,491,468,441,50,否,10.2
2026/08/10,07:00,10558277,台東初鹿,原味保久乳200mlx24入/箱,76折,769,399,384,360,39,否,9.8
2026/08/10,07:00,14069123,American Explorer 美國探險家,29吋 前開式行李箱 可擴充 剎車飛機輪 雙層拉鏈 上掀式 TSA鎖 CF8 旅行箱,41折,2368,88,77,53,35,否,39.8
2026/08/10,07:00,12012630,Cetaphil,潤膚乳 591mlx4入,19折,1112,268,254,233,35,否,13.1
2026/08/10,07:00,10822679,聖萊西,MamaMia貓餐罐85g*48入組,42折,899,500,474,465,35,否,7.0
2026/08/10,07:00,13286234,adidas 愛迪達,精選運動鞋 跑鞋 慢跑鞋 男鞋/女鞋 多款任選,37折,999,199,186,166,33,否,16.6
2026/08/10,07:00,13244428,ZOJIRUSHI 象印,買1送1 不鏽鋼彈開式600ml+600ml(SM-SK60EMD+SM-SK60EMD),35折,1288,188,169,155,33,否,17.6
2026/08/10,07:00,11659902,潘婷,爆水膠囊護髮膜 64入,35折,1111,229,216,203,26,否,11.4
2026/08/10,07:00,13901279,MIT iLook,冰冰被/冰絲床包-2入組,21折,918,330,324,306,24,否,7.3
2026/08/10,07:00,14383417,Logitech 羅技,ALTO KEYS K98M機械式鍵盤,92折,2490,75,66,52,23,否,30.7
2026/08/10,07:00,15310281,TOMMY HILFIGER,多功能POLO衫,32折,1099,249,237,228,21,否,8.4
2026/08/10,07:00,15101343,Tefal 特福,法製精悍炒鍋28cm,54折,3199,100,93,82,18,否,18.0
2026/08/10,07:00,14133892,挺立,樂活高鈣強力錠+K2配方 3盒組(95錠/盒-鍾欣凌推薦 升級配方 新添加維生素K2),83折,2505,200,195,185,15,否,7.5
2026/08/10,07:00,14639455,Apple,iPhone 17 Pro(256G/6.3吋)(45W雙孔閃充組),94折,38400,47,39,32,15,否,31.9
2026/08/10,07:00,14747971,Laifen,SE2 高速負離子吹風機,61折,2888,50,43,36,14,否,28.0
2026/08/10,07:00,14951103,Branden,SAFEPLUS輕量安心防盜後背包,75折,2590,115,106,101,14,否,12.2
2026/08/10,07:00,10968457,資生堂美髮,極光綻色洗髮露500ml,31折,1248,150,143,137,13,否,8.7
2026/08/10,07:00,13535014,微星平台,R5文書機(R5-3400G/16G/512G),85折,9999,21,17,11,10,否,47.6
2026/08/10,07:00,10689278,SK-II,青春露330ml送10禮,54折,7761,200,197,192,8,否,4.0
2026/08/10,07:00,10343393,元大珠寶黃金一錢金塊金條 十三選一(獨家與白沙屯媽祖授權聯名),元大珠寶黃金一錢金塊金條 十三選一(獨家與白沙屯媽祖授權聯名),95折,18688,93,93,86,7,否,7.5
2026/08/10,07:00,14257015,AOC,55型 4K QD MiniLED Google量子點智慧TV,41折,11111,35,31,29,6,否,17.1
2026/08/10,07:00,15114843,Philips 飛利浦,S5889智能電鬍刀-全能旗艦組,54折,5488,100,96,94,6,否,6.0
2026/08/10,07:00,15543359,NIKE 耐吉,VOMERO PREMIUM 全掌氣墊跑鞋 慢跑鞋 運動鞋 緩震 (多款選),72折,5199,100,97,95,5,否,5.0
2026/08/10,07:00,14922617,YouBest 優倍多,蔓越莓益生菌 5入(共150包),44折,2088,65,63,61,4,否,6.2
2026/08/10,07:00,8141534,大研生醫,德國頂級魚油10入組(600粒.陳美鳳&權威醫生共同推薦),4折,7950,100,100,98,2,否,2.0
2026/08/10,07:00,11620837,雨揚,2026中元補運招財法會-補運/補財庫大組,5折,2060,22,21,20,2,否,9.1
2026/08/10,07:00,10958352,好奇,小森林尿布 (好眠褲/好動褲/黏貼型),82折,1398,2,1,1,1,否,50.0
2026/08/10,07:00,15543249,MSI 微星,15.6吋C7 RTX5060輕薄電競,82折,46999,15,15,15,0,否,0.0
2026/08/10,07:00,14359839,BURTLE 巴特雷,涼感風扇空調服背心含電池,84折,8490,10,9,48,0,否,0.0
2026/08/10,07:00,13881007,NETGEAR,Orbi RBE773 BE11000 三頻 WiFi 7 Mesh 延伸系統 路由器 +2衛星(1.5GHz 四核 + 2GB RAM),46折,16994,34,34,34,0,否,0.0
2026/08/10,07:00,15528652,星巴克,大杯焦糖瑪奇朵(兌換冰熱任選),78折,125,2,2,2,0,否,0.0
2026/08/10,07:00,11405576,雨沐HOOMUA,經典前開式雨衣防滲水升級版,4折,399,1,949,895,0,否,0.0
2026/08/10,11:00,13092955,幫寶適,一級幫散熱拉拉褲/黏貼尿布2箱,8折,2298,499,,0,499,是,100.0
2026/08/10,11:00,12502187,好來,全亮白進階款牙膏12入,47折,649,399,359,319,80,否,20.1
2026/08/10,11:00,15051259,芝初,8倍細高鈣黑芝麻粉3+3分享組,57折,1169,274,245,198,76,否,27.7
2026/08/10,11:00,11150640,好奇,純水濕巾30包,65折,1029,110,74,42,68,否,61.8
2026/08/10,11:00,9044965,Amy的私人廚房,昆布高湯2入,6折,699,447,423,400,47,否,10.5
2026/08/10,11:00,15376430,新竹國賓大飯店,八方燴西餐廳★平日下午茶吃到飽,72折,719,412,389,369,43,否,10.4
2026/08/10,11:00,11761101,IMPACT 怡寶,輕量成長型／閃耀星空輕量護脊書包｜momo限定｜120cm以上(國小 小學 兒童 學生),53折,1611,116,92,79,37,否,31.9
2026/08/10,11:00,11724005,ONEHOUSE五開門折疊收納箱4入,ONEHOUSE五開門折疊收納箱4入,45折,1499,180,170,143,37,否,20.6
2026/08/10,11:00,15248937,雅詩蘭黛,小棕瓶100ml買1送1(國際航空版),25折,4011,91,80,64,27,否,29.7
2026/08/10,11:00,14906346,CIAO,啾嚕肉泥綜合桶50入*2組,6折,899,499,485,474,25,否,5.0
2026/08/10,11:00,15007680,Teamson,磁吸軌道小火車豪華組159PCS,43折,950,296,282,272,24,否,8.1
2026/08/10,11:00,8865338,佳德,鳳梨酥禮盒12入x2盒,78折,1099,279,269,258,21,否,7.5
2026/08/10,11:00,15137218,華碩,15.6吋Core5輕薄16G,79折,19999,47,35,28,19,否,40.4
2026/08/10,11:00,13905679,TiANN 鈦安,專利萬用鈦砧板 大+中款(砧盤/沾板/切菜板/烘焙烤盤/露營餐盤),72折,2980,99,92,85,14,否,14.1
2026/08/10,11:00,14224016,NEW BALANCE,2010復古鞋/運動鞋_多款任選,53折,2599,196,189,182,14,否,7.1
2026/08/10,11:00,6686848,HERAN禾聯,20000Pa無線手持吸塵器HVC-23E6B,47折,2699,100,92,88,12,否,12.0
2026/08/10,11:00,14366880,YOMIX 優迷65W氮化鎵四合一手錶自帶線快充充電器,YOMIX 優迷65W氮化鎵四合一手錶自帶線快充充電器,53折,849,180,175,168,12,否,6.7
2026/08/10,11:00,12874651,NEOFLAM,momo獨家陶瓷輕量IH雙鍋組28炒鍋含蓋+24平底鍋,22折,1099,500,491,488,12,否,2.4
2026/08/10,11:00,9929266,m2 美度,超能膠原飲8盒囤貨組(64入),37折,5080,500,491,488,12,否,2.4
2026/08/10,11:00,10908299,象印,6人份多段式壓力IH電子鍋,57折,7990,50,43,39,11,否,22.0
2026/08/10,11:00,10063303,TRUU,酵母潔顏露2入,41折,1899,200,195,190,10,否,5.0
2026/08/10,11:00,8479508,i-Rocks人體工學椅,i-Rocks人體工學椅,59折,8399,35,29,26,9,否,25.7
2026/08/10,11:00,14951759,理膚寶水,MELA B3 淡斑精華,36折,3865,197,191,189,8,否,4.1
2026/08/10,11:00,15249732,少年讀臺灣：認識歷史、地理、生態及文化（隨書贈《我的臺灣探究筆記》),少年讀臺灣：認識歷史、地理、生態及文化（隨書贈《我的臺灣探究筆記》),55折,1064,161,157,154,7,否,4.3
2026/08/10,11:00,6941241,ISHUR 伊舒爾,3M防潑水記憶單人折疊床墊,5折,999,340,336,334,6,否,1.8
2026/08/10,11:00,14276041,Apple,A+級福利品 iPhone 16 Pro 128G 6.3吋,89折,24688,11,8,6,5,否,45.5
2026/08/10,11:00,13530351,華陀扶元堂,龜鹿雙寶葡萄糖胺飲EX-輕巧包10盒組,92折,3888,80,76,76,4,否,5.0
2026/08/10,11:00,15425248,蘭蔻,超極限小黑瓶PRO50ml,37折,4185,150,147,146,4,否,2.7
2026/08/10,11:00,14835718,麥雪爾,薄款萊賽爾錐形褲(多色選),37折,1280,235,233,231,4,否,1.7
2026/08/10,11:00,12844269,大研生醫,德國專利苦瓜胜膠囊6入組(360粒.陳美鳳代言.專利苦瓜胜x肉桂萃取物),36折,5450,100,98,98,2,否,2.0
2026/08/10,11:00,11121923,富士通,2-4坪一級變頻冷暖空調,47折,18888,10,10,9,1,否,10.0
2026/08/10,11:00,8333154,3M,S301三道式淨水器特惠組,63折,9111,1,0,0,1,是,100.0
2026/08/10,11:00,15543248,MSI 微星,15.6吋C7 RTX5070熱銷電競,91折,49999,15,15,15,0,否,0.0
2026/08/10,14:00,15491285,OBgE,控油清爽防曬棒2入組,6折,919,325,274,244,81,否,24.9
2026/08/10,14:00,15087578,Gelovery Gift,北海道十勝KANEKA生乳捲2條,45折,499,599,558,527,72,否,12.0
2026/08/10,14:00,9688786,Kotex 靠得住,晚安好眠褲/日用懶人褲 M-XL(多款選),39折,639,777,732,709,68,否,8.8
2026/08/10,14:00,10729530,鍋寶,316不鏽鋼調理鍋3鍋6件組,33折,990,304,280,254,50,否,16.4
2026/08/10,14:00,13258563,白蘭,香氛洗衣球超值組172顆,57折,629,494,464,446,48,否,9.7
2026/08/10,14:00,9683295,台灣好田,香檬原汁300mlX6瓶,49折,899,346,317,300,46,否,13.3
2026/08/10,14:00,15234910,GUXON,迷你冰敷手持扇 GXFMINI02,6折,600,448,419,403,45,否,10.0
2026/08/10,14:00,13123458,高露潔,抗敏專家牙膏10入,31折,899,300,268,257,43,否,14.3
2026/08/10,14:00,15312736,滿意寶寶,TOMICA&哆啦A夢輕巧褲L-XL,63折,1198,499,471,456,43,否,8.6
2026/08/10,14:00,14035038,鐵鎚,除臭貓砂40磅x2組,55折,1099,499,476,462,37,否,7.4
2026/08/10,14:00,12161679,日本桃雪,飯店大毛巾4件組,31折,999,102,83,73,29,否,28.4
2026/08/10,14:00,9738883,銀寶善存,50+男性/女性綜合維他命2盒,78折,1799,200,188,178,22,否,11.0
2026/08/10,14:00,15183897,Crocs,Offroad 經典洞洞鞋,48折,1399,192,181,176,16,否,8.3
2026/08/10,14:00,14456332,蘿拉蜜思,煥顏透明蜜粉29gx3入,29折,1599,199,189,183,16,否,8.0
2026/08/10,14:00,13799375,Simply 新普利,超級夜酵素DX 100顆(x2盒),37折,4180,500,489,484,16,否,3.2
2026/08/10,14:00,11141670,髮速黑,免沖洗黑髮套組(遮白髮),72折,1999,200,189,184,16,否,8.0
2026/08/10,14:00,13615633,DR.WU,玻尿酸保濕精華液2入組,5折,1600,200,188,186,14,否,7.0
2026/08/10,14:00,13892968,WEDGWOOD,英倫寢具天絲床包枕套組,23折,1999,99,92,88,11,否,11.1
2026/08/10,14:00,15253180,URUHIMEMOMOKO 潤姬桃子,潤姬桃子30入x3盒,96折,2784,200,196,191,9,否,4.5
2026/08/10,14:00,13913204,飛利浦,14.2L抗敏清淨除濕機-DE5306,64折,8999,48,45,40,8,否,16.7
2026/08/10,14:00,12787780,德國Emma,日式折疊床墊-單人,61折,3999,100,96,93,7,否,7.0
2026/08/10,14:00,13590953,白蘭氏,官方直營 全新保捷三合一EX 30顆x5盒,78折,7722,40,35,34,6,否,15.0
2026/08/10,14:00,12102840,RayBan 雷朋,經典飛行員墨鏡/太陽眼；多款任選,67折,4888,100,97,95,5,否,5.0
2026/08/10,14:00,15325345,Samsung 三星,Galaxy S26 Ultra 5G 6.9吋(12G/256G/Snapdragon 8 Elite Gen 5/2億鏡頭畫素/AI手機),93折,37120,28,24,23,5,否,17.9
2026/08/10,14:00,14660441,FLOKK,HAG Capisco Puls工學椅,45折,16999,59,56,55,4,否,6.8
2026/08/10,14:00,13244470,小米,75型4K Mini LED 杜比智慧聯網TV,76折,22999,35,31,31,4,否,11.4
2026/08/10,14:00,15518527,MSI 微星,15.6吋i7 RTX4050入門電競,82折,35999,15,13,12,3,否,20.0
2026/08/10,14:00,14366680,Abee 快譯通,iFLYTEK AI外語助教辭典筆DP-588,85折,5999,40,38,37,3,否,7.5
2026/08/10,14:00,11658969,Canon,PowerShot V10 數位相機 VLOG相機(公司貨),49折,11390,14,12,12,2,否,14.3
2026/08/10,14:00,14478818,LA NEW,品牌週獨家↘舒適減壓真皮休閒鞋(多款),42折,2288,200,198,198,2,否,1.0
2026/08/10,14:00,15491298,麥當勞,麥克雞塊 (10塊)+薯條(大)+可樂(中),7折,149,2,1,1,1,否,50.0
2026/08/10,14:00,14208908,Le Creuset,Gourmand 專業迷你鑄鐵鍋具3入組,33折,3999,300,300,299,1,否,0.3
2026/08/10,14:00,14333848,Tefal 特福,瑪黑不沾深煎鍋30CM,37折,999,1,976,963,0,否,0.0
2026/08/10,14:00,14417185,Philips 飛利浦,600W 攜帶式儲能行動電源 DLP8093C,62折,13111,9,9,9,0,否,0.0
2026/08/10,14:00,15379808,萬播,TOGO PRO 行動投影機+專用收納包,73折,7888,50,50,50,0,否,0.0
2026/08/10,14:00,14463274,PP 石墨烯,石墨烯塑崩褲全系列任選2件,33折,4688,88,88,88,0,否,0.0
2026/08/10,18:00,12516094,高露潔,全效牙膏8入,34折,699,400,366,288,112,否,28.0
2026/08/10,18:00,13640189,Calbee 卡樂比,任選薯條三兄弟2入(原味/玉米),61折,599,482,426,379,103,否,21.4
2026/08/10,18:00,13100507,高露潔,抗敏感牙膏120gx16入,33折,899,300,268,207,93,否,31.0
2026/08/10,18:00,11150640,好奇,純水濕巾30包,65折,1029,112,72,24,88,否,78.6
2026/08/10,18:00,12214847,Chic Chic 琪琪,下殺50/件★10入抑菌無痕女內褲(多款選),42折,499,295,259,226,69,否,23.4
2026/08/10,18:00,15271389,舒潔,棉柔厚韌三層110抽x30包x2箱,41折,1079,800,772,736,64,否,8.0
2026/08/10,18:00,13240324,皇家東方泰,泰式古法全身舒壓100分鐘★贈眼部熱敷(假日不加價),28折,899,157,134,105,52,否,33.1
2026/08/10,18:00,12576226,mo select,可微波密封不鏽鋼保鮮盒5件組,25折,699,139,120,89,50,否,36.0
2026/08/10,18:00,14867617,未來美,早C晚A囤貨組,29折,2186,144,127,104,40,否,27.8
2026/08/10,18:00,14296672,REEBOK,LITE 5 男女慢跑鞋 運動鞋 休閒鞋 (多款選),45折,999,65,52,30,35,否,53.8
2026/08/10,18:00,9773637,Pril 淨麗,小蘇打環保洗碗精/洗滌劑補充包 1000mlx5包,52折,499,300,284,267,33,否,11.0
2026/08/10,18:00,12118491,元氣堂,醣的對策胜月太苦瓜膠囊30粒x6盒,4折,2280,200,185,169,31,否,15.5
2026/08/10,18:00,9621690,Oral-B,PRO1 3D電動牙刷+兩年份刷頭,45折,1490,200,188,170,30,否,15.0
2026/08/10,18:00,14931605,Buffalo 牛頭牌,小牛石英陶不沾鍋炒鍋30cm,33折,950,147,136,119,28,否,19.0
2026/08/10,18:00,14323067,OSIM,護眼樂Air 2,66折,3780,49,38,26,23,否,46.9
2026/08/10,18:00,15024570,FJ豐傑生醫,德國100%膠原蛋白15包/盒x5入(胜級小分子ｘ單方無添加膠原蛋白ｘ水解膠原蛋白),66折,1980,239,228,217,22,否,9.2
2026/08/10,18:00,12569371,Diptyque,淡香精75ml,64折,4199,150,138,129,21,否,14.0
2026/08/10,18:00,11821954,達摩本草,92%高濃度魚油10入（共1200顆),33折,6399,49,42,31,18,否,36.7
2026/08/10,18:00,11145334,STARBUCKS 星巴克,咖啡膠囊10顆x5盒組(口味任選;僅適用於Nespresso Original膠囊咖啡機),95折,1150,260,254,245,15,否,5.8
2026/08/10,18:00,10343393,元大珠寶黃金一錢金塊金條 十三選一(獨家與白沙屯媽祖授權聯名),元大珠寶黃金一錢金塊金條 十三選一(獨家與白沙屯媽祖授權聯名),95折,18688,77,74,64,13,否,16.9
2026/08/10,18:00,14951759,理膚寶水,MELA B3 淡斑精華,36折,3865,200,195,188,12,否,6.0
2026/08/10,18:00,14996773,PP 石墨烯,石墨烯能量護膝2雙(3D立體包覆 穩定支撐),44折,3588,200,197,188,12,否,6.0
2026/08/10,18:00,14645690,健康優見,高單位葉黃素軟膠囊10瓶+贈維生素C1000緩釋錠2瓶,46折,2099,300,294,288,12,否,4.0
2026/08/10,18:00,15273118,A FACTORY 傢俱工場,回彈支撐透氣床墊,25折,1980,80,78,69,11,否,13.8
2026/08/10,18:00,15506513,巴黎萊雅,水光洗/護髮素任選3入,75折,949,320,317,309,11,否,3.4
2026/08/10,18:00,15406670,BRITA官方直營 純淨濾水壺XL(石灰藍)+MXPRO去水垢6入x2(共1壺13芯),BRITA官方直營 純淨濾水壺XL(石灰藍)+MXPRO去水垢6入x2(共1壺13芯),48折,2888,100,93,89,11,否,11.0
2026/08/10,18:00,13907931,微星平台,R7/RTX5060TI電競電腦(R7-7700/32G/1TB),92折,36999,20,14,13,7,否,35.0
2026/08/10,18:00,15530199,FELLOW,Matcha Set抹茶碗套裝組合,7折,3499,30,28,24,6,否,20.0
2026/08/10,18:00,13878318,dyson,HT01二合一吹風直髮器/吹風機(絲絨紅禮盒版),54折,8999,149,149,143,6,否,4.0
2026/08/10,18:00,15464156,HR赫蓮娜,植萃綠寶再生精萃50ml,68折,6500,50,48,44,6,否,12.0
2026/08/10,18:00,15407603,GIANT,LATTE E+ 都會媽咪電動輔助自行車(2027),93折,34388,12,8,7,5,否,41.7
2026/08/10,18:00,15543245,MSI 微星,14吋Ultra 7 355 長續航AI筆電,83折,34900,14,13,10,4,否,28.6
2026/08/10,18:00,14960109,MSI,i5 RTX3050電競★免3萬入手,69折,29900,10,8,6,4,否,40.0
2026/08/10,18:00,13308316,COACH,官方直營 MINI ROWAN/BRYNN/MOLLIE 斜背/肩背/托特包-多款,49折,6288,60,57,56,4,否,6.7
2026/08/10,18:00,12270439,輝葉良品,天胡一號 電動麻將桌HYG-W01_摺疊款全配版,69折,21888,56,55,54,2,否,3.6
2026/08/10,18:00,10958352,好奇,小森林尿布 (好眠褲/好動褲/黏貼型),82折,1398,2,1,1,1,否,50.0
2026/08/10,18:00,10009779,惠而浦,10.5KG變頻滾筒,59折,8999,23,23,22,1,否,4.3
2026/08/10,18:00,15541764,ASUS 華碩,ASUS PAD3K OLED平板電腦(8G/256G),91折,17999,50,49,49,1,否,2.0
2026/08/10,18:00,9744328,台達電子,多功能浴室廁所涼暖風機-豪華300系列遙控型韻律風門-適用3-6坪,49折,7388,200,200,200,0,否,0.0
2026/08/10,22:00,6859685,古寶無患子,育髮秘方洗髮精任4入,41折,499,599,555,525,74,否,12.4
2026/08/10,22:00,15022873,GIORDANO 佐丹奴,男女裝抽繩鬆緊腰涼感短褲(多色任選),46折,369,810,790,765,45,否,5.6
2026/08/10,22:00,3667789,黑豆桑,滷味醬香6入組(缸底醬油/厚黑金醬油 各3入),42折,1199,115,91,78,37,否,32.2
2026/08/10,22:00,15264635,阿原,momo獨家★艾草皂75gx10入,55折,1599,40,20,6,34,否,85.0
2026/08/10,22:00,6867502,Hang Ten,9件組經典彈力男內褲_多款任選(平口褲/三角褲),51折,620,488,468,458,30,否,6.1
2026/08/10,22:00,13229276,農純鄉,新口味上市!寶寶燉飯150gx16入,66折,1280,399,378,371,28,否,7.0
2026/08/10,22:00,3911336,好神拖,手壓/腳踩 旋轉拖把組(1拖+1桶+2布),75折,888,189,172,163,26,否,13.8
2026/08/10,22:00,14434857,摩洛哥優油買100送200ml,摩洛哥優油買100送200ml,34折,1799,200,188,179,21,否,10.5
2026/08/10,22:00,14552511,NEW BALANCE,996_313系列_小童鞋_多款任選(0-4歲),67折,999,149,138,130,19,否,12.8
2026/08/10,22:00,12584101,德國雙人,Enjoy不沾鍋湯鍋20cm附玻璃蓋,3折,999,300,292,282,18,否,6.0
2026/08/10,22:00,15046853,American Explorer 美國探險家,20+28吋 雙開箱 前開式 雙排輪 兩件組 CF39 行李箱 兩用箱 旅行箱,48折,2348,51,41,35,16,否,31.4
2026/08/10,22:00,15051594,POCO X8 Pro Max 6.83 吋 5G(12G/512G/聯發科天璣 9500s /主相機5000 萬畫素,POCO X8 Pro Max 6.83 吋 5G(12G/512G/聯發科天璣 9500s /主相機5000 萬畫素,77折,13999,98,90,85,13,否,13.3
2026/08/10,22:00,15537742,innisfree,維他命C精華,54折,1199,70,60,57,13,否,18.6
2026/08/10,22:00,9316878,京城之霜,60植萃全能乳任選4入,29折,2960,99,88,86,13,否,13.1
2026/08/10,22:00,14019718,成長天地,新實木100cm/120cm兒童書桌椅任選組,52折,8888,95,85,84,11,否,11.6
2026/08/10,22:00,9152341,HERAN 禾聯,熱銷1萬台!最高續航/薄機身濕拖掃地機-mo獨家,49折,2988,97,90,87,10,否,10.3
2026/08/10,22:00,14819088,亞馬生醫,MPE-311靈活粒現5盒,47折,3770,56,50,47,9,否,16.1
2026/08/10,22:00,15346066,MSI 微星,15.6吋i9-14HX RTX5060滿血電競,7折,53999,15,12,10,5,否,33.3
2026/08/10,22:00,13420520,富精多,男性配方 植物性膠囊 60顆/盒 1盒組(精胺酸 肉酸 Q10),69折,5500,9,6,5,4,否,44.4
2026/08/10,22:00,15226163,九陽,瞬熱RO廚下淨水器,45折,22900,28,24,24,4,否,14.3
2026/08/10,22:00,14590061,三星,65型Neo QLED AI顯示器,65折,32900,9,6,6,3,否,33.3
2026/08/10,22:00,10958352,好奇,小森林尿布 (好眠褲/好動褲/黏貼型),82折,1398,2,1,1,1,否,50.0
2026/08/10,22:00,15491298,麥當勞,麥克雞塊 (10塊)+薯條(大)+可樂(中),7折,149,2,1,1,1,否,50.0
2026/08/10,22:00,15503313,Milwaukee 美沃奇,18V電鑽起子機雙機組,78折,15688,11,10,10,1,否,9.1
2026/08/10,22:00,15182453,MSI 微星,32型 VA 180Hz 2K 曲面電競螢幕,77折,5390,29,28,28,1,否,3.4
2026/08/10,22:00,13094241,Herman Miller,Aeron2.0人體工學椅,62折,24888,2,0,1,1,否,50.0
2026/08/10,22:00,6638288,床的世界,涼感天絲乳膠蜂巢式獨立筒床墊,27折,8888,35,35,35,0,否,0.0
2026/08/11,00:00,15491286,麥當勞,大麥克+麥脆雞腿*2+麥克雞塊(6塊)+薯條(中)*2+中可*2,73折,330,985,767,697,288,否,29.2
2026/08/11,00:00,7463058,舒跑,鹼性離子水850mlx3箱(共60入)+贈100mo點,42折,888,330,263,237,93,否,28.2
2026/08/11,00:00,10631397,潘婷,3分鐘奇蹟護髮精華5入組,57折,799,418,381,371,47,否,11.2
2026/08/11,00:00,15106212,STANLEY,官方直營 輕滑速吸水壺0.59L,92折,1180,258,221,212,46,否,17.8
2026/08/11,00:00,12996987,MARDI MERCREDI,印花短TEE 多色 經典小雛菊,68折,950,314,281,271,43,否,13.7
2026/08/11,00:00,6303806,艾可,豆腐貓砂7L-6入,33折,609,112,80,74,38,否,33.9
2026/08/11,00:00,7763758,包大人,瞬吸防漏 黏貼型紙褲,55折,999,901,881,867,34,否,3.8
2026/08/11,00:00,9112474,Vita美國原裝進口酪梨油 1000mlx3瓶,Vita美國原裝進口酪梨油 1000mlx3瓶,72折,1199,259,239,227,32,否,12.4
2026/08/11,00:00,15457201,THE VEGAN 樂維根,經典植物優蛋白 2入組 1KG/袋,6折,1299,449,427,419,30,否,6.7
2026/08/11,00:00,13998594,熊貓金黃金金條0.5錢多種款式任選(黃金金條),熊貓金黃金金條0.5錢多種款式任選(黃金金條),91折,9188,46,19,17,29,否,63.0
2026/08/11,00:00,9835777,台灣第一筷,316不鏽鋼寶筷5雙組,53折,669,446,421,418,28,否,6.3
2026/08/11,00:00,15056655,FILA,韓韶禧代言款 男女慢跑鞋 運動鞋 (多款選),34折,999,240,220,212,28,否,11.7
2026/08/11,00:00,12723306,小米官方旗艦館,無線吸塵器G20Lite,8折,2411,71,50,45,26,否,36.6
2026/08/11,00:00,9787614,韓國Kassel,不沾輕深炒鍋28cm,17折,880,340,319,315,25,否,7.4
2026/08/11,00:00,15236172,舒潔,熱銷霸王抽取110抽x60包x2箱,5折,1510,496,477,471,25,否,5.0
2026/08/11,00:00,15231994,西湖渡假村,仲夏花火節★雙人一泊三食(贈4000元住宿抵用券),19折,3599,128,108,106,22,否,17.2
2026/08/11,00:00,4908380,統一LP33,健字號益生菌膠囊*4盒,62折,2995,147,132,127,20,否,13.6
2026/08/11,00:00,14474472,義美生醫,I•ME•I 還原型CoQ10x3盒(30粒/盒；芯活元氣、日本專利還原型Q10、精神旺盛),68折,1225,132,121,113,19,否,14.4
2026/08/11,00:00,15161141,MEDITHERAPY,修護3入組,3折,959,318,307,299,19,否,6.0
2026/08/11,00:00,14933219,SK-II,肌源賦能煥顏活膚霜100G,58折,4199,99,83,81,18,否,18.2
2026/08/11,00:00,12831408,MarCella 瑪榭,任選3件★集中美胸無鋼圈內衣,6折,1450,500,493,489,11,否,2.2
2026/08/11,00:00,14019529,BRITA,ModelONE+濾芯13芯組,39折,8888,30,21,21,9,否,30.0
2026/08/11,00:00,13352709,Kolin 歌林,四重精濾濾水壺 3.8L+濾芯12入(共13芯/34個月/適用Brita),45折,1599,9,4,0,9,是,100.0
2026/08/11,00:00,15321467,Microsoft 微軟,Office 2024 家用中文版 盒裝(軟體拆封後無法退換貨),82折,4690,77,70,69,8,否,10.4
2026/08/11,00:00,15474746,Samsung 三星,Galaxy A57 5G 6.7吋(12G/256G/Exynos1680/5000萬鏡頭畫素),74折,14590,35,29,28,7,否,20.0
2026/08/11,00:00,13427532,Apple,AirPods 4,84折,4190,50,43,43,7,否,14.0
2026/08/11,00:00,15143441,科沃斯,全新獨家T90 PRO滾筒掃拖機器人,35折,19688,49,45,43,6,否,12.2
2026/08/11,00:00,7364400,Nespresso,獨家輕巧迷你咖啡機Inissia,72折,4000,100,94,94,6,否,6.0
2026/08/11,00:00,13281442,東芝,50型QLED TV,44折,11111,26,21,20,6,否,23.1
2026/08/11,00:00,15346066,MSI 微星,15.6吋i9-14HX RTX5060滿血電競,7折,53999,15,14,12,3,否,20.0
2026/08/11,00:00,15081559,SEAGATE 希捷,新黑鑽12TB外接硬碟,84折,11790,50,50,50,0,否,0.0
2026/08/11,00:00,11666255,YAMAHA 山葉,BWS 125 UBS雙碟 LED霧燈版2026年式,95折,93000,10,10,10,0,否,0.0
2026/08/11,07:00,15039734,王品集團,西堤牛排經典套餐,94折,729,450,362,314,136,否,30.2
2026/08/11,07:00,8986416,UCC,職人系列濾掛式咖啡6盒(共72入;8gx12入/盒;3種風味各2盒),37折,638,470,424,360,110,否,23.4
2026/08/11,07:00,15033421,ARIEL,洗衣球60+30顆組,68折,639,498,456,406,92,否,18.5
2026/08/11,07:00,11777997,AOTTO,免組裝碳鋼折疊梯,5折,499,600,563,521,79,否,13.2
2026/08/11,07:00,10101929,Logitech 羅技,Lift 人體工學垂直藍牙滑鼠,71折,1790,80,55,25,55,否,68.8
2026/08/11,07:00,14814619,獅王,NONIO全效漱口水2入,52折,499,300,282,248,52,否,17.3
2026/08/11,07:00,9723542,樂米穀場,花蓮富里產雪姬之星1.5KG*6入組,53折,859,350,320,298,52,否,14.9
2026/08/11,07:00,8991214,甜露露,華盛頓9.5R櫻桃1.5kg(空運脆甜),64折,799,800,779,749,51,否,6.4
2026/08/11,07:00,7194165,PaperOne,Copier 多功能高效影印紙 70G A4 5包/箱,76折,499,62,48,12,50,否,80.6
2026/08/11,07:00,15227699,BIODERMA,舒敏潔膚液4入,32折,1099,198,165,149,49,否,24.7
2026/08/11,07:00,12634519,YT shop,買一送一 男女吸排速乾褲/涼感褲(多款任選),23折,468,640,624,593,47,否,7.3
2026/08/11,07:00,7177530,ALAI寢飾工場,買1送1 天絲床包枕套組,2折,799,400,385,367,33,否,8.2
2026/08/11,07:00,8069349,天使娜拉EX膠原蛋白粉x7盒(15包/盒/牛奶),天使娜拉EX膠原蛋白粉x7盒(15包/盒/牛奶),21折,1950,200,183,173,27,否,13.5
2026/08/11,07:00,10419093,滿意寶寶,極上呵護輕巧褲L-XL(任選2箱組),78折,2998,499,488,478,21,否,4.2
2026/08/11,07:00,13454873,小米官方旗艦館,Xiaomi 電動打氣機 2 Pro,87折,1349,199,186,180,19,否,9.5
2026/08/11,07:00,13728021,蒂巴蕾,贈100mo★6件組-中高腰無痕抗菌內褲,74折,899,499,493,482,17,否,3.4
2026/08/11,07:00,12916072,美心,可拆奶茶咕咕鍋IH不沾3鍋5件組,43折,990,210,202,194,16,否,7.6
2026/08/11,07:00,14176994,妮維雅,630淡斑精華3入,42折,1899,300,295,285,15,否,5.0
2026/08/11,07:00,13986702,Sodastream,時尚風自動扣瓶氣泡水機,39折,2580,98,91,86,12,否,12.2
2026/08/11,07:00,10157297,LAC,活性納豆紅麴Q10膠囊x3盒組,54折,2880,588,584,579,9,否,1.5
2026/08/11,07:00,8133412,大研生醫,德國頂級魚油5入組(60粒/入.陳美鳳&權威醫生共同推薦),41折,4099,147,143,139,8,否,5.4
2026/08/11,07:00,9294858,伊萊克斯,Well Q6無線吸塵器(WQ61-1EDB毛髮截斷版),36折,4688,65,61,57,8,否,12.3
2026/08/11,07:00,15453223,Boatilus,2026新款義大利機能兒童涼鞋/護趾涼鞋(多色任選),77折,850,205,203,198,7,否,3.4
2026/08/11,07:00,12278722,嘿囉,無榖貓糧10磅,61折,1799,190,189,183,7,否,3.7
2026/08/11,07:00,8013804,飛利浦,全自動義式咖啡機(EP2220),28折,9999,100,95,94,6,否,6.0
2026/08/11,07:00,15180439,亞馬生醫,MPE-311激孅粒現5盒,48折,3840,100,98,94,6,否,6.0
2026/08/11,07:00,13698969,芭比波朗,大理石粉嫩蜜粉餅(控油x提亮x鎖妝),69折,1800,96,93,91,5,否,5.2
2026/08/11,07:00,15406786,NEW BALANCE,509系列_復古鞋/運動鞋(多款任選),77折,2699,199,197,194,5,否,2.5
2026/08/11,07:00,11300579,Lunio,Helix雙人乳膠獨立筒床墊,39折,7890,39,37,35,4,否,10.3
2026/08/11,07:00,14208908,Le Creuset,Gourmand 專業迷你鑄鐵鍋具3入組,33折,3999,200,199,198,2,否,1.0
2026/08/11,07:00,15325345,Samsung 三星,Galaxy S26 Ultra 5G 6.9吋(12G/256G/Snapdragon 8 Elite Gen 5/2億鏡頭畫素/AI手機),93折,37120,30,29,28,2,否,6.7
2026/08/11,07:00,15119015,樂敦,V游離型葉黃素複方軟膠囊 120粒*2入,77折,2799,150,149,149,1,否,0.7
2026/08/11,07:00,14237834,Lenovo,15.3吋i5 H版輕薄筆電,6折,16990,25,24,24,1,否,4.0
2026/08/11,07:00,15132081,Apple,13吋 A18 Pro(8G/512G),97折,25123,15,14,14,1,否,6.7
2026/08/11,07:00,15489437,DJI,Osmo Nano隨行套裝(128GB) 運動相機/迷你相機｜續航200分｜自帶卡槽(聯強國際貨),95折,10190,20,20,20,0,否,0.0
2026/08/11,07:00,15493441,TCL,65型 4K RGB Mini LED 量子智慧連網TV,77折,38691,30,30,30,0,否,0.0
2026/08/11,11:00,15016422,DIKE,14吋智能變頻遙控扇 HLE160WT,5折,799,397,359,330,67,否,16.9
2026/08/11,11:00,15356986,SKECHERS,女款 輕量防水涼鞋 (多款選),57折,1090,299,273,242,57,否,19.1
2026/08/11,11:00,14937238,台北茹曦酒店,SUNNY BUFFET★平日午/晚餐吃到飽(假日+200),83折,1088,277,237,221,56,否,20.2
2026/08/11,11:00,13760168,華元,餅乾派對箱2箱,59折,499,604,578,557,47,否,7.8
2026/08/11,11:00,13303475,古寶無患子,玉容深層亮白水凝乳4入,55折,880,86,63,46,40,否,46.5
2026/08/11,11:00,11911911,大同,10人份電鍋瑰蜜粉,78折,2590,97,76,66,31,否,32.0
2026/08/11,11:00,9735781,Persil,深層酵解濃縮洗衣精6包,49折,949,499,489,469,30,否,6.0
2026/08/11,11:00,10055187,古寶無患子,20入-玉容活膚晶白皙經典組100g,38折,990,299,278,270,29,否,9.7
2026/08/11,11:00,15050983,野人舒食,舒肥雞胸30入,44折,1599,200,184,172,28,否,14.0
2026/08/11,11:00,9643162,清秀佳人,送濕式衛生紙12抽2入★M-XL5件包/XXL4件包x12入,72折,1111,399,388,376,23,否,5.8
2026/08/11,11:00,7636288,雨之情,時尚高機能風雨衣 2.0版(升級版防水拉鍊),68折,609,498,489,475,23,否,4.6
2026/08/11,11:00,6467970,TiANN 鈦安專利萬用鈦砧板 大款-36x30公分,TiANN 鈦安專利萬用鈦砧板 大款-36x30公分,7折,1619,99,86,77,22,否,22.2
2026/08/11,11:00,4908380,統一LP33,健字號益生菌膠囊*4盒,62折,2995,150,139,129,21,否,14.0
2026/08/11,11:00,14047897,惜惜,康普茶氣泡飲420mlx2箱(共48入),52折,949,288,276,267,21,否,7.3
2026/08/11,11:00,14532866,Tefal 特福,醇火不沾鍋具3件組,33折,899,350,338,333,17,否,4.9
2026/08/11,11:00,15395134,契爾氏,冰河醣蛋白吸油水感凝凍,45折,1440,114,109,99,15,否,13.2
2026/08/11,11:00,14553162,Haier 海爾,全新升級!R9 Plus 白大帥 高溫蒸氣織物清洗機+廚衛清潔組(高溫100度蒸氣/60度熱水/一機多用),57折,3988,79,75,67,12,否,15.2
2026/08/11,11:00,14734140,Nutram 紐頓,無穀均衡健康狗飼料11.4kg,49折,1999,76,69,64,12,否,15.8
2026/08/11,11:00,14499417,翻轉拉！孩子最愛的交通×工程×城市探險立體遊戲書,翻轉拉！孩子最愛的交通×工程×城市探險立體遊戲書,55折,1247,91,84,80,11,否,12.1
2026/08/11,11:00,12608515,ASUS 華碩,Zenfone 11 Ultra 5G 6.78吋(12G/256G/高通驍龍8 Gen3/5000萬鏡頭畫素/AI手機),74折,17777,29,21,19,10,否,34.5
2026/08/11,11:00,13506797,歐姬兒,升級版凍齡蜂王乳凝露EX6入,36折,4622,70,63,61,9,否,12.9
2026/08/11,11:00,14645822,健康優見,活力B群糖衣錠升級版x10瓶,16折,888,200,192,191,9,否,4.5
2026/08/11,11:00,10977760,COACH,斜背包/肩背包/後背包/兩用包(多款),98折,6888,39,35,30,9,否,23.1
2026/08/11,11:00,9929266,m2 美度,超能膠原飲8盒囤貨組(64入),37折,5080,500,495,492,8,否,1.6
2026/08/11,11:00,15491033,Foodcycler,廚餘大師Pro 五合一家用廚餘機(容量大、不挑食！FC-100TW),54折,11380,500,498,493,7,否,1.4
2026/08/11,11:00,8649334,德邁國際工學椅,德邁國際工學椅,59折,2499,119,116,112,7,否,5.9
2026/08/11,11:00,14069610,LEGO 樂高,航海王系列 75639 前進梅利號海賊船,63折,2999,60,56,53,7,否,11.7
2026/08/11,11:00,15479611,Apple,2025 iPad 11 A16/11吋/WiFi/256G,92折,17588,29,26,23,6,否,20.7
2026/08/11,11:00,14003035,JVC,65型Mini LED TV,66折,19988,49,44,44,5,否,10.2
2026/08/11,11:00,14833198,HP 惠普,15吋Ultra 5輕薄高效筆電,67折,22999,15,12,10,5,否,33.3
2026/08/11,11:00,15231994,西湖渡假村,仲夏花火節★雙人一泊三食(贈4000元住宿抵用券),19折,3599,139,138,135,4,否,2.9
2026/08/11,11:00,15535147,大研生醫,山苦瓜胜雙層緩釋錠4入組(共240錠.陳美鳳代言-1200mg山苦瓜萃取.武靴葉.鉻),43折,3150,100,97,96,4,否,4.0
2026/08/11,11:00,14956392,華碩,Ultra 7獨家AI 32G/OLED,93折,41999,50,49,47,3,否,6.0
2026/08/11,11:00,13992136,歌林,4-5坪一級變頻冷暖,63折,16490,15,14,12,3,否,20.0
2026/08/11,11:00,14211446,輝葉,WePAPA登山健走機(超慢跑 走路機HY-20613),69折,12400,20,19,18,2,否,10.0
2026/08/11,11:00,10960211,HP,ST580三合一wifi連供機★低成本大印量多功能,76折,5990,15,14,13,2,否,13.3
2026/08/11,11:00,15256433,法國STAUB,鑄鐵雙鍋組 圓鍋+平煎鍋16cm,31折,4699,65,64,63,2,否,3.1
2026/08/11,11:00,8666029,Sofy蘇菲,彈力貼身衛生棉,39折,459,1,1,1,0,否,0.0
2026/08/11,14:00,7628356,Scoot&Ride,Kick1 Cool飛滑步車/滑板車(奧地利滑步車 平衡車 嚕嚕車 學步車),58折,2899,200,,0,200,是,100.0
2026/08/11,14:00,7727286,怪獸部落,無膠犬貓副食罐80gx24入,63折,499,497,389,302,195,否,39.2
2026/08/11,14:00,15491286,麥當勞,大麥克+麥脆雞腿*2+麥克雞塊(6塊)+薯條(中)*2+中可*2,73折,330,998,934,839,159,否,15.9
2026/08/11,14:00,15460534,台東鹿鳴溫泉酒店,2-4人入住★升等4人房享一泊多食,16折,3888,130,,0,130,是,100.0
2026/08/11,14:00,11928914,舒主金,加蓋純水濕巾36包,5折,711,390,341,288,102,否,26.2
2026/08/11,14:00,15506419,KINYO,14吋遙控循環電扇 AWAF-027,35折,699,383,341,294,89,否,23.2
2026/08/11,14:00,15039734,王品集團,西堤牛排經典套餐,94折,729,450,411,366,84,否,18.7
2026/08/11,14:00,15272511,舒潔,momo獨家☆柔厚韌感三層90抽x48包,46折,699,499,457,424,75,否,15.0
2026/08/11,14:00,6659322,果貿吳媽家水餃,嚐鮮免運3盒,77折,999,308,285,256,52,否,16.9
2026/08/11,14:00,10101929,Logitech 羅技,Lift 人體工學垂直藍牙滑鼠,71折,1790,80,63,30,50,否,62.5
2026/08/11,14:00,15061143,芝初,8倍細高蛋白纖穀粉10入x5盒,67折,849,301,268,261,40,否,13.3
2026/08/11,14:00,7342330,萬歲牌,堅果日記系列-紅棗堅生堅果/減糖日記(25gx26包/盒-伴手禮/送禮推薦/堅果禮盒/無調味),75折,659,499,473,459,40,否,8.0
2026/08/11,14:00,10889088,台酒生技,酒粕精粹青春露5入,33折,1018,248,224,211,37,否,14.9
2026/08/11,14:00,15437770,飲后,超孅飲6盒(15包/盒),37折,2880,199,188,175,24,否,12.1
2026/08/11,14:00,14960219,KATE,怪獸級持色唇膏,5折,430,300,293,281,19,否,6.3
2026/08/11,14:00,11911911,大同,10人份電鍋瑰蜜粉,78折,2590,100,94,82,18,否,18.0
2026/08/11,14:00,9735440,WOAWOA,3雙組 零重力足弓3D減壓鞋墊(久站鞋墊 除臭鞋墊 足弓鞋墊 運動鞋墊 9735440),39折,1199,254,246,236,18,否,7.1
2026/08/11,14:00,14942665,ONEHOUSE格拉斯人體工學電腦椅,ONEHOUSE格拉斯人體工學電腦椅,38折,2999,75,66,61,14,否,18.7
2026/08/11,14:00,15236197,AZUR,出清品 經典輕質上衣(多款任選),15折,620,290,285,277,13,否,4.5
2026/08/11,14:00,11953390,Panasonic 國際牌獨家專賣-瞬熱式溫水洗淨便座．含基本安裝(DL-5909TWW-TW),Panasonic 國際牌獨家專賣-瞬熱式溫水洗淨便座．含基本安裝(DL-5909TWW-TW),72折,7999,47,35,34,13,否,27.7
2026/08/11,14:00,12723306,小米官方旗艦館,無線吸塵器G20Lite,8折,2411,74,68,62,12,否,16.2
2026/08/11,14:00,13349515,Philips,酷螢移動感應櫥壁燈47cm2入,67折,1999,99,91,87,12,否,12.1
2026/08/11,14:00,11637471,NEOFLAM,陶瓷深平底鍋24cm,4折,799,499,496,491,8,否,1.6
2026/08/11,14:00,7060855,法緻,嬰幼兒洗髮沐浴精2入,78折,1499,199,193,191,8,否,4.0
2026/08/11,14:00,14933219,SK-II,肌源賦能煥顏活膚霜100G,58折,4199,100,96,93,7,否,7.0
2026/08/11,14:00,14008859,SHARP 夏普,12公升自動除菌離子除濕機 DW-LT12ST-W,73折,7990,48,43,42,6,否,12.5
2026/08/11,14:00,14850929,BenQ,27型 2K 200Hz護眼螢幕,79折,5588,38,34,33,5,否,13.2
2026/08/11,14:00,15183818,SAUCONY,TRIUMPH 緩震跑鞋(網路獨家),47折,2599,146,143,142,4,否,2.7
2026/08/11,14:00,14571408,InBody,全球第一 家用版體脂計 InBody Dial H40(2025旗艦機/用科學管理健康),83折,20990,10,9,7,3,否,30.0
2026/08/11,14:00,13684749,國際牌,RO長效濾心瞬熱飲水機,75折,10490,30,27,27,3,否,10.0
2026/08/11,14:00,11855344,FAMMIX 菲米斯,SAFER-2 六合一把手式電子鎖,63折,8799,79,79,77,2,否,2.5
2026/08/11,14:00,14276041,Apple,A+級福利品 iPhone 16 Pro 128G 6.3吋,89折,24688,8,8,7,1,否,12.5
2026/08/11,14:00,14034946,TP-Link,三入組★Wi-Fi 7 三頻 10G路由器,78折,14188,48,48,48,0,否,0.0
2026/08/11,14:00,15143552,ASUS,i7十核RTX5050電競★升32G,82折,42888,20,20,20,0,否,0.0
2026/08/11,18:00,7727286,怪獸部落,無膠犬貓副食罐80gx24入,63折,499,499,393,279,220,否,44.1
2026/08/11,18:00,13340193,NARS,裸光蜜粉餅10g(小白餅),49折,799,248,214,176,72,否,29.0
2026/08/11,18:00,13344803,SABON,沐浴油500ml 2入組,5折,1299,229,206,175,54,否,23.6
2026/08/11,18:00,13628080,BLACK HAMMER,保溫保冰吸管杯860ml兩入組,39折,990,310,286,259,51,否,16.5
2026/08/11,18:00,11700821,Havit,海威特高續航耳罩式藍芽耳機H630BT,31折,799,100,90,57,43,否,43.0
2026/08/11,18:00,14928291,好自在,無痕早安/奢柔褲36片/安睡褲48片,62折,999,499,486,458,41,否,8.2
2026/08/11,18:00,8951301,金園排骨,巨無霸級無骨金饌雞腿排12片,6折,1398,300,279,263,37,否,12.3
2026/08/11,18:00,15394414,周大福,9999黃金金豆星星 1公克,87折,5488,50,26,14,36,否,72.0
2026/08/11,18:00,10729530,鍋寶,316不鏽鋼調理鍋3鍋6件組,33折,990,305,296,280,25,否,8.2
2026/08/11,18:00,10419093,滿意寶寶,極上呵護輕巧褲L-XL(任選2箱組),78折,2998,499,493,475,24,否,4.8
2026/08/11,18:00,15414919,DHC,好眠素 30日份*2入組,71折,899,400,393,377,23,否,5.8
2026/08/11,18:00,9096413,象印,10人份IH豪熱沸騰微電腦電子鍋,37折,5990,86,78,69,17,否,19.8
2026/08/11,18:00,10268130,茶曉得,杉林溪高山鮮採烏龍茶葉12包(3斤),35折,1199,229,224,213,16,否,7.0
2026/08/11,18:00,15491033,Foodcycler,廚餘大師Pro 五合一家用廚餘機(容量大、不挑食！FC-100TW),54折,11380,500,497,485,15,否,3.0
2026/08/11,18:00,14148896,adidas 愛迪達,防曬連帽外套 抗UV 薄外套 寬鬆 女款(多款任選),51折,1190,200,197,185,15,否,7.5
2026/08/11,18:00,14159603,24HRS,5件組★經典款無感集中內衣,55折,1900,500,497,486,14,否,2.8
2026/08/11,18:00,11764022,FL 生活+,360L雙開門可疊加附輪摺疊收納箱,32折,2599,100,88,86,14,否,14.0
2026/08/11,18:00,14833444,mo select,智能除臭殺菌不鏽鋼感應垃圾桶(大容量30L),25折,1999,72,67,61,11,否,15.3
2026/08/11,18:00,13351861,funcare 船井生醫,FIP100纖維粉增量限定版(共240包),34折,6580,50,46,39,11,否,22.0
2026/08/11,18:00,8388541,善存,游離型葉黃素軟膠囊20mg 4+1盒組,7折,2799,200,193,190,10,否,5.0
2026/08/11,18:00,12584101,德國雙人,Enjoy不沾鍋湯鍋20cm附玻璃蓋,3折,999,300,296,290,10,否,3.3
2026/08/11,18:00,11139929,來復易,活力褲/超薄褲/無痕褲S-XXL(2箱),65折,2399,500,497,491,9,否,1.8
2026/08/11,18:00,13559312,泰安觀止溫泉會館,最後組數！抗漲★雙人觀星/觀月情房一泊二食,63折,8888,60,57,51,9,否,15.0
2026/08/11,18:00,11006259,禾聯,4-6坪一級變頻冷暖空調,59折,17900,20,14,12,8,否,40.0
2026/08/11,18:00,15023905,Durex 杜蕾斯,001水性PU衛生套標準裝10入x2+6入+2入(共28入),58折,2699,32,28,26,6,否,18.8
2026/08/11,18:00,15352987,dyson,V10強勁雙錐無纏結吸塵器(mo獨家新品/毛髮剋星/光學偵測),88折,14900,150,149,147,3,否,2.0
2026/08/11,18:00,13884113,Lenovo,電競平板 Legion Tab Gen 3 8.8吋 WiFi(12G/256G/主相機1300萬畫素),72折,12990,50,48,47,3,否,6.0
2026/08/11,18:00,14676951,POCO F8 Ultra 6.9吋 5G(16G/512G/ Snapdragon 8 Elite Gen 5/5000萬畫素三鏡頭相機),POCO F8 Ultra 6.9吋 5G(16G/512G/ Snapdragon 8 Elite Gen 5/5000萬畫素三鏡頭相機),87折,21999,25,24,23,2,否,8.0
2026/08/11,18:00,15034475,Lenovo,小資首選★14吋i5輕薄16G,88折,21999,20,20,19,1,否,5.0
2026/08/11,22:00,15227699,BIODERMA,舒敏潔膚液4入,32折,1099,200,182,159,41,否,20.5
2026/08/11,22:00,10101929,Logitech 羅技,Lift 人體工學垂直藍牙滑鼠,71折,1790,79,73,53,26,否,32.9
2026/08/11,22:00,15408909,台塑生醫,髮根標靶健髮洗髮精3入組,7折,1049,26,9,0,26,是,100.0
2026/08/11,22:00,14866418,Arowana 亞諾納,快閃★買大送小｜29吋前開自由時刻河馬箱+送20吋同款登機箱＋16吋旅行袋｜三件併箱出貨,33折,2377,499,483,475,24,否,4.8
2026/08/11,22:00,12854850,YOMIX優迷,3入組★磁吸收納Type-C to C100W/C to Lightning30W快充線1M,26折,479,350,344,327,23,否,6.6
2026/08/11,22:00,15056655,FILA,韓韶禧代言款 男女慢跑鞋 運動鞋 (多款選),34折,999,189,178,167,22,否,11.6
2026/08/11,22:00,15356986,SKECHERS,女款 輕量防水涼鞋 (多款選),57折,1090,299,286,280,19,否,6.4
2026/08/11,22:00,10793357,台隆,Uffy紅外線按摩梳,94折,1780,169,157,153,16,否,9.5
2026/08/11,22:00,4202246,一點絕,2%凝膠餌劑 30g(德國巴斯夫出品/除蟑螂),7折,1090,300,292,284,16,否,5.3
2026/08/11,22:00,10372280,大研生醫,視易適葉黃素6入組(共180粒.陳美鳳代言.添加蝦紅素.智利酒果.山桑子),4折,4850,99,92,86,13,否,13.1
2026/08/11,22:00,12707475,桂格,滴雞精36包+高麗人蔘6入+康寧保溫瓶,74折,3499,50,42,39,11,否,22.0
2026/08/11,22:00,14587016,WEIDER 威德益生菌x2盒(3gx90包/盒)(美式賣場/益生菌順暢/酵素),WEIDER 威德益生菌x2盒(3gx90包/盒)(美式賣場/益生菌順暢/酵素),81折,1799,180,174,170,10,否,5.6
2026/08/11,22:00,15403392,only,10KG洗脫烘變頻滾筒,9折,10490,27,19,17,10,否,37.0
2026/08/11,22:00,14924186,PP 石墨烯,石墨烯蠶絲修復眼罩2入,13折,2688,120,112,110,10,否,8.3
2026/08/11,22:00,7530852,FAMO 法摩,雙人美眠硬式獨立筒床墊,0.9折,5699,55,47,46,9,否,16.4
2026/08/11,22:00,7341640,Buffalo 牛頭牌,小牛不鏽鋼雙耳炒鍋40cm,58折,3799,28,22,21,7,否,25.0
2026/08/11,22:00,13050788,雅詩蘭黛,粉持久氣墊粉餅(一盒2蕊),86折,3200,79,77,73,6,否,7.6
2026/08/11,22:00,11468777,3M,L22 三道式濾淨冷熱飲水機,57折,12111,28,25,22,6,否,21.4
2026/08/11,22:00,13929131,Acer,送包鼠★15.6吋 R5輕薄效能,8折,18490,70,65,64,6,否,8.6
2026/08/11,22:00,15203323,老爺酒店集團,超值新券！3張套組★聯合住宿券(正券2張+贈券1張),3折,9899,50,50,47,3,否,6.0
2026/08/11,22:00,14191512,Baicycle,U8 PRO電動折疊腳踏車,69折,15888,19,17,16,3,否,15.8
2026/08/11,22:00,15249606,華碩,17.3吋R7滿血RTX4050,95折,39999,49,48,46,3,否,6.1
2026/08/11,22:00,15359433,成長天地,新品 120cm桌面 兒童書桌椅ME602+AU203,52折,9999,42,40,40,2,否,4.8
2026/08/11,22:00,14434335,Apple,iPhone 17 Pro Max(256G/6.9吋)(20W口袋快充行電組),95折,43400,50,49,48,2,否,4.0
2026/08/11,22:00,14691727,dyson,HD16溫控負離子智慧吹風機(普魯士藍限定色),77折,12900,150,150,149,1,否,0.7
2026/08/11,22:00,14484776,追覓科技,X50 Ultra五重升降AI全能旗艦機皇,39折,24980,6,5,5,1,否,16.7
2026/08/11,22:00,9758066,台達電子,多功能浴室廁所循環涼暖風機-標準型300系列遙控型-適用3-6坪,51折,5388,249,249,249,0,否,0.0
2026/08/12,00:00,14540656,舒特膚,三酸煥膚嫩亮潔膚露2入,75折,1245,148,27,0,148,是,100.0
2026/08/12,00:00,8037995,倍潔雅,花漾柔感150抽x84包,5折,849,495,441,419,76,否,15.4
2026/08/12,00:00,14411766,安耐曬,金鑽防曬露NA 5X版x2入,47折,909,239,193,166,73,否,30.5
2026/08/12,00:00,12111481,悅氏,light鹼性水600mlx3箱(共72入),38折,548,205,164,146,59,否,28.8
2026/08/12,00:00,13091093,UNDER ARMOUR,UA 男 Charged Pursuit 3 慢跑鞋_3024878-002(黑色),28折,830,600,557,544,56,否,9.3
2026/08/12,00:00,15254254,RALPH LAUREN,經典大馬刺繡T恤,48折,1288,179,161,134,45,否,25.1
2026/08/12,00:00,13831690,碧歐斯,新升級金萃黃金精華露3入,32折,879,228,203,186,42,否,18.4
2026/08/12,00:00,14636767,ADAM 亞果元素,VIONTA Q 10000mAh 輕巧款自帶線行動電源(CCC認證),57折,690,249,219,210,39,否,15.7
2026/08/12,00:00,13316655,大成,香草雞腿排20包組+5包黃金脆皮雞腿排,34折,1220,299,276,261,38,否,12.7
2026/08/12,00:00,15287208,DaoDi,皮革購物登機包45L,17折,888,187,170,162,25,否,13.4
2026/08/12,00:00,12526823,蒂巴蕾,贈100mo★2件組 無痕無鋼圈內衣,66折,798,399,380,377,22,否,5.5
2026/08/12,00:00,8143213,LG,寵物版加強淨化循環扇空氣清淨機(PuriCare360°/AS651DSS0,48折,12900,46,27,24,22,否,47.8
2026/08/12,00:00,5517245,貝恩,嬰兒柔濕巾24包,53折,1329,399,381,378,21,否,5.3
2026/08/12,00:00,14085036,LG,13KG直立洗衣機,6折,9999,46,29,26,20,否,43.5
2026/08/12,00:00,13168108,GreenPan,Mayflower專利鑽石深煎鍋28cm,32折,899,194,177,175,19,否,9.8
2026/08/12,00:00,13364305,精臣,無墨打印藍芽連接多國語言★B21pro標籤機(附貼紙),74折,2090,24,10,6,18,否,75.0
2026/08/12,00:00,15209759,石頭科技,Qrevo Edge2掃拖機器人,33折,19999,49,38,35,14,否,28.6
2026/08/12,00:00,14480853,蘭城晶英酒店,2大3小精緻客房含百匯自助早餐★影城免費看,53折,8999,59,49,48,11,否,18.6
2026/08/12,00:00,8476296,Le Creuset,琺瑯鑄鐵鍋巴蒂鍋24cm,34折,3999,197,187,187,10,否,5.1
2026/08/12,00:00,8275857,希爾思,成貓雞肉7.03公斤,65折,2289,105,95,95,10,否,9.5
2026/08/12,00:00,13591978,好來,全亮白深導煥白牙膏3入,59折,837,169,164,161,8,否,4.7
2026/08/12,00:00,15437770,飲后,超孅飲6盒(15包/盒),37折,2880,199,195,192,7,否,3.5
2026/08/12,00:00,11821954,達摩本草,92%高濃度魚油10入（共1200顆),33折,6399,50,48,44,6,否,12.0
2026/08/12,00:00,14921074,華碩,15.6吋Core 7輕薄16G,86折,24999,49,47,46,3,否,6.1
2026/08/12,00:00,15210108,Nespresso,膠囊咖啡機Vertuo UP,75折,8800,17,13,14,3,否,17.6
2026/08/12,00:00,15138465,良和時尚珠寶黃金金塊 馬上有錢金塊 (2.00錢±0.01),良和時尚珠寶黃金金塊 馬上有錢金塊 (2.00錢±0.01),92折,37988,20,19,18,2,否,10.0
2026/08/12,00:00,15175989,營養師輕食,台灣01益生菌 5入組(一入30包),65折,6595,300,299,298,2,否,0.7
2026/08/12,00:00,11159057,SANSUI 山水,4-6坪戶外露營專用移動冷氣SAC700,49折,11900,30,29,29,1,否,3.3
2026/08/12,00:00,14473107,義美生醫,W PROTEIN濃縮乳清蛋白飲任選4盒(35g*10包/盒),85折,3000,150,150,149,1,否,0.7
2026/08/12,00:00,15035109,Samsung 三星,Galaxy Tab A11+ 11吋 6G/128G Wifi X230 平板電腦,79折,7990,100,100,100,0,否,0.0
2026/08/12,07:00,15331327,BRITA,MAXTRA Pro Pure Performance 濾水壺 純淨全效型濾芯 (5+1裝) 6入-歐洲製(原裝平輸),59折,1183,150,82,13,137,否,91.3
2026/08/12,07:00,13803340,JOJOGO 揪揪購,買一送一 極薄自動輕羽傘,16折,498,620,551,491,129,否,20.8
2026/08/12,07:00,13193762,UCC,BLACK無糖咖啡185gx2箱(共60入),46折,829,400,354,288,112,否,28.0
2026/08/12,07:00,15383908,Sofy 蘇菲,超熟睡褲型衛生棉 M-XL/共24-36片,37折,479,312,274,226,86,否,27.6
2026/08/12,07:00,13230676,Cetaphil,長效潤膚霜 550gx4入,31折,1488,206,177,146,60,否,29.1
2026/08/12,07:00,13215599,德麗莎,特級初榨橄欖油750ml*3入(可生飲/出廠酸價0.5),5折,1088,280,261,235,45,否,16.1
2026/08/12,07:00,13641160,欣葉日本料理,平日晚餐或假日午餐吃到飽,97折,1120,300,282,256,44,否,14.7
2026/08/12,07:00,13970592,KINYO,日本大金輕量鑄造不沾雙鍋組30cm,32折,799,202,185,160,42,否,20.8
2026/08/12,07:00,14416769,SunEarth&U,日本17口袋收納/可站立後背包(多款選),47折,1099,286,267,246,40,否,14.0
2026/08/12,07:00,13019510,ONEHOUSE洛克巨型免安裝摺疊置物架,ONEHOUSE洛克巨型免安裝摺疊置物架,35折,999,213,199,175,38,否,17.8
2026/08/12,07:00,10282410,皮爾卡登,男款 舒適透氣休閒長褲(三色任選),2折,799,270,257,234,36,否,13.3
2026/08/12,07:00,13610711,Friskies 喜躍,Party Mix香酥餅16包,49折,879,126,119,102,24,否,19.0
2026/08/12,07:00,12475407,潤姬桃子,S1精華液3入,55折,2620,120,108,97,23,否,19.2
2026/08/12,07:00,7851422,MarCella 瑪榭,7件組★MIT無縫抗菌內褲-薄感中低腰,75折,999,500,494,478,22,否,4.4
2026/08/12,07:00,8133411,大研生醫,德國頂級魚油3入組(60粒/入.陳美鳳&權威醫生共同推薦),37折,2499,149,142,128,21,否,14.1
2026/08/12,07:00,13611372,SK-II,青春露 330ml,53折,4799,150,143,133,17,否,11.3
2026/08/12,07:00,11311189,LG,樂金新革新超淨化大白抗敏空氣清淨機,53折,6955,43,39,26,17,否,39.5
2026/08/12,07:00,15079396,Oral-B,多入組- iO微震刷頭 (清潔/溫和/美白),73折,2499,50,39,34,16,否,32.0
2026/08/12,07:00,10997170,日麗生,桐葉豐盈養髮液超值3入組,6折,2685,249,233,233,16,否,6.4
2026/08/12,07:00,12721647,LG,19KG變頻洗衣機,67折,18888,40,32,25,15,否,37.5
2026/08/12,07:00,11455866,Logitech 羅技,MX Anywhere 3S藍牙行動滑鼠,76折,2290,79,72,67,12,否,15.2
2026/08/12,07:00,14107740,幫寶適,一級幫散熱拉拉褲/黏貼尿布5箱,73折,5245,500,496,489,11,否,2.2
2026/08/12,07:00,15091825,TRYALL,濃縮乳清蛋白 500g袋*2入,72折,1098,300,297,291,9,否,3.0
2026/08/12,07:00,14997215,(行闊國際) 二選一 美國 鷹揚銀幣 英國不列顛 銀幣 1盎司 31.1g 999 白銀,(行闊國際) 二選一 美國 鷹揚銀幣 英國不列顛 銀幣 1盎司 31.1g 999 白銀,9折,2988,99,98,94,5,否,5.1
2026/08/12,07:00,12305064,LG,13+10KG乾衣機+滾筒,89折,48900,41,40,39,2,否,4.9
2026/08/12,07:00,12749140,dyson,HD08溫控負離子吹風機(銀銅色),69折,8990,150,148,148,2,否,1.3
2026/08/12,07:00,15518679,Apple,S+級福利品 2025 iPad 11 A16/11吋/WiFi/512G,94折,23888,30,29,28,2,否,6.7
2026/08/12,07:00,15204602,LG,65型 4K UHD 75系列 智慧聯網TV,78折,21900,35,34,35,0,否,0.0
2026/08/12,07:00,15096799,好好生醫,燕窩酸益生菌＋10倍奇蹟蜂王乳,7折,2099,110,110,110,0,否,0.0
2026/08/12,07:00,13118608,PENTAX,17 底片相機(公司貨),79折,15800,15,15,15,0,否,0.0
2026/08/12,07:00,15041629,Apple,13吋 A18 Pro(8G/256G),97折,22213,15,15,15,0,否,0.0
2026/08/12,11:00,12301102,舒特膚,買1送1舒新潔面泡泡 200ml,5折,790,380,293,230,150,否,39.5
2026/08/12,11:00,12137812,ARIEL,4D抗菌洗衣球120顆,74折,799,500,438,364,136,否,27.2
2026/08/12,11:00,6480933,禾聯,14吋智能變頻DC風扇 HDF-14A3,4折,999,300,228,178,122,否,40.7
2026/08/12,11:00,13330061,萬歲牌,無調味堅果隨手包盒裝5盒組(共25包),65折,659,499,459,427,72,否,14.4
2026/08/12,11:00,8990597,倍潔雅,好韌真3層100抽x72包,53折,799,499,459,433,66,否,13.2
2026/08/12,11:00,10728247,西雅圖,貝瑞斯塔即溶咖啡100入x2盒(任選二合一/三合一),6折,1211,250,215,196,54,否,21.6
2026/08/12,11:00,8510933,BODYLUV,第二代洗臉台過濾器+洗臉台濾芯6入,48折,790,189,172,149,40,否,21.2
2026/08/12,11:00,15244921,KeyWear 奇威名品,網路獨家印花/刺繡/蕾絲/短袖上衣T恤(精選多款),22折,666,635,610,597,38,否,6.0
2026/08/12,11:00,15083680,饗城,五星級超有感紅燒牛肉湯包12入,83折,999,99,74,63,36,否,36.4
2026/08/12,11:00,11288674,AVEDA,蘊活煥欣豐盈菁華30ml★買一送一,5折,900,250,233,216,34,否,13.6
2026/08/12,11:00,15331327,BRITA,MAXTRA Pro純淨全效型濾芯 (5+1裝) 6入-歐洲製(原裝平輸),59折,1183,200,182,168,32,否,16.0
2026/08/12,11:00,13626252,Tiger Family,MAX Pro 2S系列超輕量護脊書包- 可摺疊版(中高年級適用),73折,2770,199,177,168,31,否,15.6
2026/08/12,11:00,14478745,大同,10人份不鏽鋼奶茶色電鍋,7折,2740,80,60,52,28,否,35.0
2026/08/12,11:00,8133411,大研生醫,德國頂級魚油3入組(60粒/入.陳美鳳&權威醫生共同推薦),37折,2499,150,144,128,22,否,14.7
2026/08/12,11:00,10050962,GATSBY,魔法激凍體用噴霧x3,75折,499,500,493,481,19,否,3.8
2026/08/12,11:00,9863048,CAXXA台灣製全鐵三層推車,CAXXA台灣製全鐵三層推車,49折,699,90,80,73,17,否,18.9
2026/08/12,11:00,14213596,Berndes 寶迪,New Noblesse系列德製單柄輕量深炒鍋30cm-含蓋,16折,1299,198,190,181,17,否,8.6
2026/08/12,11:00,13051012,耐吉斯,E系列狗飼料22磅,59折,1899,500,495,484,16,否,3.2
2026/08/12,11:00,8143213,LG,寵物版加強淨化循環扇空氣清淨機(PuriCare360°/AS651DSS0,48折,12900,50,46,35,15,否,30.0
2026/08/12,11:00,11569439,義美生醫,常順軍益生菌-日常保健版S(30包*3盒；凍乾藍莓果粉調味、無食品添加物、基礎保養),7折,1785,104,97,91,13,否,12.5
2026/08/12,11:00,11246023,滿意寶寶,寶可夢晚安褲L-XXXL(任選2箱組),78折,1978,498,492,485,13,否,2.6
2026/08/12,11:00,10382279,AGE20,緋紅光澤爆水粉餅(1空殼+2粉蕊),31折,850,200,190,187,13,否,6.5
2026/08/12,11:00,12049739,老爺酒店聯合住宿紙券,限量新券！多館通用★超長效期2027/6/30,83折,3325,150,148,140,10,否,6.7
2026/08/12,11:00,14021165,recolte 麗克特,Cordless Circulation Fan無線循環電風扇(RFN-2 兩小無拆扇),62折,4980,100,96,90,10,否,10.0
2026/08/12,11:00,14634175,Google,Pixel 10 Pro XL 5G 6.8吋(16G/256G),72折,28988,49,45,39,10,否,20.4
2026/08/12,11:00,14023599,Amazfit 華米,Bip 6 智慧手錶,76折,2288,20,15,11,9,否,45.0
2026/08/12,11:00,12842795,亞培,安素原味 HMB升級配方 60入,82折,4250,200,196,191,9,否,4.5
2026/08/12,11:00,14917016,好好生醫,燕窩酸益生菌白晝光 四入組・30包/每盒（搭配膠原蛋白適用、養顏美容青春亮感、葡萄籽花青素）,71折,3680,100,95,93,7,否,7.0
2026/08/12,11:00,13646910,Suntory 三得利官方直營,固力伸 葡萄糖胺 180錠x3罐組(共900錠 順行靈活 步步強健 林美秀 楊貴媚 推薦),88折,4752,100,98,94,6,否,6.0
2026/08/12,11:00,12877395,NIKE,VOMERO 5 復古休閒鞋,48折,2399,148,144,143,5,否,3.4
2026/08/12,11:00,15491289,麥當勞,豬肉滿福堡加蛋+經典美式咖啡(冰),52折,58,9,7,5,4,否,44.4
2026/08/12,11:00,15346062,LEGO 樂高,科技系列 42240 Aston Martin Aramco AMR25 F1 賽車,66折,5299,33,32,29,4,否,12.1
2026/08/12,11:00,13994054,iRobot,Roomba 105 Combo 掃拖機器人(70倍吸力/雙倍深層拖地/不斷電續掃),47折,6599,60,58,56,4,否,6.7
2026/08/12,11:00,14349557,momoBOOK 7吋 彩色電子書/電子閱讀器+加送保護套乙件,momoBOOK 7吋 彩色電子書/電子閱讀器+加送保護套乙件,71折,5199,635,633,631,4,否,0.6
2026/08/12,11:00,15501683,蘭蔻,全新永生玫瑰乳霜30ml,54折,6885,67,66,64,3,否,4.5
2026/08/12,11:00,15491810,SWAROVSKI 施華洛世奇官方直營 momo獨家 愛心手鍊/耳環/項鍊1+1組 (七夕禮物/情人節),SWAROVSKI 施華洛世奇官方直營 momo獨家 愛心手鍊/耳環/項鍊1+1組 (七夕禮物/情人節),56折,3888,70,69,67,3,否,4.3
2026/08/12,11:00,15465827,Lenovo,15.3吋R7 RTX5050電競筆電,71折,39990,24,23,23,1,否,4.2
2026/08/12,11:00,14737104,DELL,高CP值★15.6吋i5文書,75折,17999,10,10,10,0,否,0.0
2026/08/12,11:00,13616694,LG,3-5坪一級變頻冷暖空調,67折,25900,7,7,7,0,否,0.0
2026/08/12,14:00,10273229,乖乖,好運連年箱三入組,6折,528,569,445,375,194,否,34.1
2026/08/12,14:00,12137812,ARIEL,4D抗菌洗衣球120顆,74折,799,499,417,348,151,否,30.3
2026/08/12,14:00,12669400,彩花蜜,台灣龍眼蜂蜜3kg,45折,869,350,264,222,128,否,36.6
2026/08/12,14:00,15561367,富邦悍將,進擊的巨人聯名球迷版球衣(黑_XXS-4XL),96折,2580,300,241,193,107,否,35.7
2026/08/12,14:00,12301292,舒特膚,買1送1BHR淨白安撫霜 50g,5折,1090,199,137,110,89,否,44.7
2026/08/12,14:00,14411766,安耐曬,金鑽防曬露NA 5X版x2入,47折,909,250,216,189,61,否,24.4
2026/08/12,14:00,13193762,UCC,BLACK無糖咖啡185gx2箱(共60入),46折,829,400,374,341,59,否,14.8
2026/08/12,14:00,12634515,SEBAMED,潔膚露1000ml共2入,34折,711,418,385,359,59,否,14.1
2026/08/12,14:00,12864858,滿意寶寶,純水濕巾24包,46折,909,152,124,110,42,否,27.6
2026/08/12,14:00,12797566,伊萊克斯,極致美味500半自動義式咖啡機(E5EC1-51ST/E5EC1-51MB),33折,2990,97,81,55,42,否,43.3
2026/08/12,14:00,15099269,阿財伯,泰國金枕頭冷凍榴槤肉10盒(原裝進口),49折,1749,224,197,183,41,否,18.3
2026/08/12,14:00,10456013,銀湯匙,貓罐頭70g*48罐,49折,1395,469,446,431,38,否,8.1
2026/08/12,14:00,15387600,UHA 味覺糖,鐵軟糖20日+鐵及葉酸軟糖20日,95折,499,700,681,663,37,否,5.3
2026/08/12,14:00,15035514,摩洛哥優油100ml買1送1,摩洛哥優油100ml買1送1,32折,1299,197,176,164,33,否,16.8
2026/08/12,14:00,14436741,舒特膚,AD舒敏凝膠59ml 2入,75折,1335,230,214,199,31,否,13.5
2026/08/12,14:00,15452503,饗食天堂,平日下午茶券4張,98折,3280,66,45,38,28,否,42.4
2026/08/12,14:00,15430706,白鴿,洗衣精4包+洗衣球30顆,51折,549,500,488,481,19,否,3.8
2026/08/12,14:00,15416394,理膚寶水,MELA PRO美白禮盒,39折,2208,200,193,182,18,否,9.0
2026/08/12,14:00,15110257,YOMIX 優迷,一放即開MagSafe雙面磁吸雙用自動三腳架藍牙自拍棒,66折,1190,120,114,106,14,否,11.7
2026/08/12,14:00,14288419,禾聯,2入組-小冰棒製冷手持扇 HUF-17HM010,38折,999,98,92,85,13,否,13.3
2026/08/12,14:00,15411102,霓淨思,1.8%A醇精華2入,5折,1350,250,246,237,13,否,5.2
2026/08/12,14:00,14247638,Crucial 美光,X9 1TB外接SSD,89折,3569,49,45,38,11,否,22.4
2026/08/12,14:00,14085036,LG,13KG直立洗衣機,6折,9999,50,49,40,10,否,20.0
2026/08/12,14:00,10222857,EPSON,LW-C610藍牙標籤機★高解析度安心無毒家用推薦,85折,2990,25,20,15,10,否,40.0
2026/08/12,14:00,14974265,Apple,iPhone 17 Pro(256G/6.3吋)(磁吸皮革支架+編織線組),94折,38400,50,43,40,10,否,20.0
2026/08/12,14:00,13019840,moz,雙色洞洞餅乾鞋/洞洞鞋/雨鞋/防水鞋(多色),57折,1599,200,198,190,10,否,5.0
2026/08/12,14:00,14747614,立得清,抗病毒•抗菌地板濕拖巾-24抽x12包(專利級守護·溫和又有效)+贈酒精擦10抽*2包+抗菌濕巾8抽3包,62折,969,200,196,193,7,否,3.5
2026/08/12,14:00,12700966,BRAUN 百靈,智能變速 5系PRO電鬍刀★充電座組,59折,4288,39,35,34,5,否,12.8
2026/08/12,14:00,12939944,輝葉,X-Runner智能電動跑步機 HY-20612,45折,18300,20,17,15,5,否,25.0
2026/08/12,14:00,15491289,麥當勞,豬肉滿福堡加蛋+經典美式咖啡(冰),52折,58,9,7,5,4,否,44.4
2026/08/12,14:00,12547922,DeKo,買1送1 韓系60支天絲床包枕套組,12折,1199,289,287,285,4,否,1.4
2026/08/12,14:00,9991573,法國Staub,圓型琺瑯鑄鐵鍋18cm,56折,3999,80,78,77,3,否,3.8
2026/08/12,14:00,15023945,m2 美度,超能膠原新生飲5盒組(8入/盒),48折,3380,498,496,495,3,否,0.6
2026/08/12,14:00,15285172,Philips 飛利浦,mo獨家HX5070音波牙刷雙入組,94折,3580,150,149,148,2,否,1.3
2026/08/12,14:00,13063168,LG,5.1.1環繞聲霸S70TR,72折,15900,20,20,19,1,否,5.0
2026/08/12,14:00,12861238,LG,CordZero A9K+寵物家庭濕拖無線吸塵器A9K-MAXMOP3,57折,12499,50,49,49,1,否,2.0
2026/08/12,18:00,12301102,舒特膚,買1送1舒新潔面泡泡 200ml,5折,790,303,244,139,164,否,54.1
2026/08/12,18:00,14219152,好麗友,預感洋芋片大包裝6盒組(共72小包),48折,549,550,521,472,78,否,14.2
2026/08/12,18:00,8746360,KLIM 克寧,全家三倍鈣營養奶粉2.2kgx2罐,71折,968,350,326,289,61,否,17.4
2026/08/12,18:00,15474339,CeraVe,全效超級修護乳 52ml雙入組,64折,721,210,196,152,58,否,27.6
2026/08/12,18:00,15035514,摩洛哥優油100ml買1送1,摩洛哥優油100ml買1送1,32折,1299,200,183,149,51,否,25.5
2026/08/12,18:00,14274026,hoi! 好好生活,日京山風-任選3件超值組500ml,66折,1099,280,252,229,51,否,18.2
2026/08/12,18:00,14899787,mo select,台灣製316不鏽鋼防滑六角筷10雙,37折,899,150,138,113,37,否,24.7
2026/08/12,18:00,14284895,鍋寶,黑鑽匠鋒萬用刀具收納組,33折,699,430,418,394,36,否,8.4
2026/08/12,18:00,9424348,ZOJIRUSHI 象印買1送1 不鏽鋼保溫杯一體式中栓 彈開式保溫杯- 480ml+480ml(SM-WR48E+SM-WR48E),ZOJIRUSHI 象印買1送1 不鏽鋼保溫杯一體式中栓 彈開式保溫杯- 480ml+480ml(SM-WR48E+SM-WR48E),8折,949,46,34,15,31,否,67.4
2026/08/12,18:00,15434384,NIKE 耐吉,PACIFIC 男女休閒鞋 阿甘鞋 (多款選),44折,1199,233,222,208,25,否,10.7
2026/08/12,18:00,14436741,舒特膚,AD舒敏凝膠59ml 2入,75折,1335,230,224,206,24,否,10.4
2026/08/12,18:00,11575124,達摩本草,專利山苦瓜胜月太6入(共540顆),41折,4950,100,86,77,23,否,23.0
2026/08/12,18:00,15318406,清淨海,mo獨家★小桃子洗衣膠囊160顆,56折,899,48,38,26,22,否,45.8
2026/08/12,18:00,13149233,日南製藥,日本高濃度雪櫻 姬白錠6盒,14折,2788,141,134,123,18,否,12.8
2026/08/12,18:00,6846008,包大人,替換式尿片50*24cm/箱,66折,1099,310,303,296,14,否,4.5
2026/08/12,18:00,12063597,LG 樂金,16公升WiFi變頻除濕機-粉紅 MD161QPK3,7折,14111,30,24,18,12,否,40.0
2026/08/12,18:00,15529359,MON’S,輕盈遮陽外套 (多色選),38折,766,107,102,95,12,否,11.2
2026/08/12,18:00,13369259,Apple,Apple Watch SE2 GPS 40mm,73折,5799,39,35,30,9,否,23.1
2026/08/12,18:00,11663033,dyson,V12 TC強勁輕量智慧無線吸塵器(雙主吸頭/mo獨家升級版),71折,17900,134,131,125,9,否,6.7
2026/08/12,18:00,12584104,德國雙人,Enjoy不沾平底鍋28cm附玻璃蓋,35折,1499,199,194,190,9,否,4.5
2026/08/12,18:00,15172776,Poled,總代理｜AIRLUV5 Macaron 智能風扇涼感墊,84折,3799,200,199,195,5,否,2.5
2026/08/12,18:00,15575424,Samsung 三星,Galaxy Z Fold8 Ultra 5G 8吋(12G/512G/Snapdragon 8 Elite Gen 5/2億畫素/AI手機),91折,65900,28,26,24,4,否,14.3
2026/08/12,18:00,14902093,CyberCycle,Dragonfly蜻蜓-迷你折疊電輔車,5折,9988,27,25,24,3,否,11.1
2026/08/12,18:00,15287196,華碩,16吋R9滿血RTX5060,96折,52999,47,45,45,2,否,4.3
2026/08/12,18:00,13977808,漢堡王,買1送1★雙層火烤牛肉堡,5折,109,2,2,1,1,否,50.0
2026/08/12,18:00,14974250,HP 惠普,14吋Core 7輕薄熱銷首選,68折,23999,15,15,14,1,否,6.7
2026/08/12,18:00,14859881,LG,小銀河 Plus 雷射4K微型投影機支架組,74折,29900,30,30,30,0,否,0.0
2026/08/12,22:00,15053548,宏裕行,超厚實黃金花枝蝦排3盒,67折,999,306,255,225,81,否,26.5
2026/08/12,22:00,1028644,愛之味,純濃燕麥290mlx2箱(共48入),65折,938,343,300,276,67,否,19.5
2026/08/12,22:00,13562646,Arowana 亞諾納,88節快閃★限時搶購29.5吋上開式輕掀箱1:9前開可擴充旅行箱/行李箱,22折,1777,199,182,168,31,否,15.6
2026/08/12,22:00,13211773,李施德霖,綠茶/薄荷漱口水6入,6折,899,348,340,324,24,否,6.9
2026/08/12,22:00,15371098,曼黛瑪璉,3套組-包覆提托經典內衣 B-E罩杯,27折,1780,388,376,366,22,否,5.7
2026/08/12,22:00,13437417,DR.WU,超逆齡肌因撫紋眼霜,5折,1600,199,190,182,17,否,8.5
2026/08/12,22:00,12292295,台灣三洋,18KG變頻洗衣機,86折,16900,39,31,29,10,否,25.6
2026/08/12,22:00,9709538,大研生醫,淨密樂蔓越莓甘露糖粉包24包X5盒,39折,2199,300,293,291,9,否,3.0
2026/08/12,22:00,15400286,台南趣淘漫旅,雙人豪華景觀房★平日升等4人豪華景觀房1泊2食,2折,2650,190,184,181,9,否,4.7
2026/08/12,22:00,14395862,Jo Malone,芳醇香水100ml,5折,3988,100,94,93,7,否,7.0
2026/08/12,22:00,15290165,PP 石墨烯,石墨烯粒線修復內衣3件,3折,3688,88,87,82,6,否,6.8
2026/08/12,22:00,11729129,德國Emma,6公分雙面睡薄床墊-雙人,37折,3999,49,46,43,6,否,12.2
2026/08/12,22:00,15060390,PiPPER STANDARD,鳳梨酵素清潔劑寵物專用400mlx3,49折,649,113,111,108,5,否,4.4
2026/08/12,22:00,15396542,Gelovery 愷達生醫,1200專利雙苦瓜胜月太(10包組:30顆/包),4折,3200,146,145,142,4,否,2.7
2026/08/12,22:00,11141356,ViewSonic 優派,32型 IPS 美型窄邊框螢幕,43折,4388,35,31,31,4,否,11.4
2026/08/12,22:00,10338882,娘家,大紅麴4盒(共120顆),76折,8868,50,48,47,3,否,6.0
2026/08/12,22:00,8512957,飛利浦,奈米級空氣清淨機-雙入組(AC0819),49折,6912,80,79,77,3,否,3.8
2026/08/12,22:00,14590319,OPPO,Find X9 6.59吋 5G(12G/256G/MediaTek Dimensity9500/5000萬畫素),68折,19990,30,27,27,3,否,10.0
2026/08/12,22:00,14367897,LG,65型 4K OLED C5系列 智慧聯網TV,69折,48900,35,33,33,2,否,5.7
2026/08/12,22:00,8372350,挺立,關鍵迷你錠UCII 4+1盒組,8折,3996,200,200,198,2,否,1.0
2026/08/12,22:00,15479611,Apple,2025 iPad 11 A16/11吋/WiFi/256G,92折,17588,30,29,29,1,否,3.3
2026/08/12,22:00,11906827,SIDIZ,T50高階人體工學椅,57折,7999,20,19,19,1,否,5.0
2026/08/12,22:00,13351382,Chloe’蔻依,經典LOGO帆布包/相機包(多款選),47折,6588,40,40,39,1,否,2.5
2026/08/12,22:00,15353081,adidas 愛迪達,AIR Cloud輕機能雲感運動五分褲(休閒 抑菌 輕量 吸濕 快乾 透氣 男女同款),23折,559,300,300,300,0,否,0.0
2026/08/12,22:00,15034613,Narwal雲鯨,自游履神 熱活水履帶AI掃拖機,82折,24888,60,60,60,0,否,0.0
2026/08/13,00:00,14233533,法國皇家,貓餐包85g*24包,44折,939,376,298,289,87,否,23.1
2026/08/13,00:00,15287902,王品集團,火鍋.中餐《瘋鍋氣》1600元抵用券(聚/青花驕/和牛涮/尬鍋/享鴨/丰禾/莆田),86折,1388,300,241,219,81,否,27.0
2026/08/13,00:00,11970328,康寧餐具,304不鏽鋼保鮮盒4件組,43折,799,375,325,300,75,否,20.0
2026/08/13,00:00,14635959,OILOLIVIA,西班牙頂級冷壓冷壓初榨橄欖油1000mlx3入,41折,999,310,271,249,61,否,19.7
2026/08/13,00:00,8037995,倍潔雅,花漾柔感150抽x84包,5折,849,497,453,436,61,否,12.3
2026/08/13,00:00,12615681,王品集團,法式香煎嫩鴨胸4入組(230G/包),64折,899,250,217,207,43,否,17.2
2026/08/13,00:00,13781674,范倫鐵諾,男裝 涼爽吸濕排汗短袖口袋POLO衫(多款),16折,699,430,399,398,32,否,7.4
2026/08/13,00:00,15457201,THE VEGAN 樂維根,經典植物優蛋白 2入組 1KG/袋,6折,1299,450,424,422,28,否,6.2
2026/08/13,00:00,14177486,3M,細滑牙線棒1200支,6折,911,350,325,322,28,否,8.0
2026/08/13,00:00,14333847,Tefal 特福,煮FUN不沾鍋24CM,33折,899,337,314,310,27,否,8.0
2026/08/13,00:00,10544927,Bonnie House 植享家,雙有機精油5mlx5入組+馨馨香息智能淨化無線賞香儀(多款任選),17折,1688,180,169,153,27,否,15.0
2026/08/13,00:00,6467970,TiANN 鈦安,專利萬用鈦砧板 大款-36x30公分(砧盤/沾板/切菜板/烘焙烤盤/露營餐盤),7折,1619,98,81,76,22,否,22.4
2026/08/13,00:00,15424785,GOODYEAR 固特異,戶外防水健走鞋(男女多款),47折,999,189,173,168,21,否,11.1
2026/08/13,00:00,4908380,統一LP33,健字號益生菌膠囊*4盒,62折,2995,148,130,127,21,否,14.2
2026/08/13,00:00,13705808,Delonghi,ECAM 22.110.SB 全自動義式咖啡機,4折,14900,46,27,25,21,否,45.7
2026/08/13,00:00,12047638,24HRS,3件組★經典款親膚無痕內衣-多色選,56折,1160,500,484,480,20,否,4.0
2026/08/13,00:00,10877396,國際牌,高滲透奈米水離子吹風機-NA0J深藍,68折,7490,75,60,56,19,否,25.3
2026/08/13,00:00,13799375,Simply 新普利,超級夜酵素DX 100顆(x2盒),37折,4180,499,492,482,17,否,3.4
2026/08/13,00:00,14364756,Acer,送包鼠★14吋32G Ultra 7 AI筆電,89折,36688,60,46,44,16,否,26.7
2026/08/13,00:00,14402787,石頭科技,Qrevo C Pro掃拖機器人-超值組,34折,13999,46,35,34,12,否,26.1
2026/08/13,00:00,15527077,薆悅酒店-野柳館,暑假平日不加價！4大1小樂活家庭房一泊二食,31折,6088,78,71,71,7,否,9.0
2026/08/13,00:00,10419093,滿意寶寶,極上呵護輕巧褲L-XL(任選2箱組),75折,2878,500,494,493,7,否,1.4
2026/08/13,00:00,15437091,SK-II,xCRYBABY青春露聯名禮盒,67折,6072,112,107,106,6,否,5.4
2026/08/13,00:00,10160574,聲寶,340L一級變頻冰箱,8折,14899,65,62,62,3,否,4.6
2026/08/13,00:00,15325345,Samsung 三星,Galaxy S26 Ultra 5G 6.9吋(12G/256G/Snapdragon 8 Elite Gen 5/2億鏡頭畫素/AI手機),93折,37120,30,27,27,3,否,10.0
2026/08/13,00:00,14202476,LEGO 樂高,航海王系列 75640 芭拉蒂海上餐廳,65折,6999,7,5,5,2,否,28.6
2026/08/13,00:00,14169450,華碩,16吋i5HX版滿血RTX5060,96折,49999,50,49,48,2,否,4.0
2026/08/13,00:00,15479281,SHOKZ,OpenDots Air 輕量日常耳夾式耳機,78折,4690,60,60,59,1,否,1.7
2026/08/13,00:00,14162754,SWISS STYLE,29吋 BERMAS TOP 2.0升級版－上掀前開式 可加大日本煞車行李箱(6色可選),46折,7380,103,102,102,1,否,1.0
2026/08/13,00:00,14952610,Acer 宏碁,Acer平板 Iconia Tab A14 Kickstand 14吋 6G/128G,87折,10490,20,19,19,1,否,5.0
2026/08/13,00:00,13774738,3M,記憶x科技羽絨枕-可調式多區複合型,43折,2190,75,75,75,0,否,0.0
2026/08/13,07:00,7889250,Johnsons 嬌生,pH5.5沐浴乳x12入,55折,1249,239,53,0,239,是,100.0
2026/08/13,07:00,7947653,原萃,無糖冷萃茶450ml x2箱(共48入),53折,899,399,315,200,199,否,49.9
2026/08/13,07:00,14508638,春風,輕柔膚觸抽取100抽x72包,64折,699,500,437,320,180,否,36.0
2026/08/13,07:00,15205222,義美,小泡芙6盒組,73折,490,620,548,483,137,否,22.1
2026/08/13,07:00,15097603,蘭諾,衣物芳香豆補充4入,5折,999,499,462,409,90,否,18.0
2026/08/13,07:00,13598055,橘子工坊,天然洗衣球162顆,36折,949,499,477,448,51,否,10.2
2026/08/13,07:00,3671482,Wacoal 華歌爾,7件組新伴蒂心情內褲 M-LL 褲包(共7色),6折,966,200,182,163,37,否,18.5
2026/08/13,07:00,9781394,倍力,S30狗飼料15kg,66折,1799,382,367,363,19,否,5.0
2026/08/13,07:00,9603660,LeapFrog,100單字互動認知圖鑑(多款可選),59折,988,80,70,61,19,否,23.8
2026/08/13,07:00,9951817,小潘,鳳凰酥12入x2盒(不附提袋),8折,799,380,369,362,18,否,4.7
2026/08/13,07:00,14873420,ONEHOUSE丹邁多輪防水收納登機包,ONEHOUSE丹邁多輪防水收納登機包,31折,888,337,327,321,16,否,4.7
2026/08/13,07:00,13229603,dyson,V8 SV25 強勁無線吸塵器(經典熱銷款),53折,8990,150,143,134,16,否,10.7
2026/08/13,07:00,15285869,Acer,送包鼠★15.6吋Ultra 5 AI效能,87折,21900,38,29,23,15,否,39.5
2026/08/13,07:00,13551240,GJS 金敬順黃金金豆 純金9999 保值小金豆 多選款(金重:0.27錢/1克),GJS 金敬順黃金金豆 純金9999 保值小金豆 多選款(金重:0.27錢/1克),93折,5388,109,102,94,15,否,13.8
2026/08/13,07:00,13062147,巴黎精品,法式緞面冰絲洋裝(多款任選),1折,649,460,457,447,13,否,2.8
2026/08/13,07:00,8442864,德國雙人,Joy不鏽鋼單柄鍋16cm含玻璃蓋,51折,999,300,294,289,11,否,3.7
2026/08/13,07:00,14062588,PORTER INTERNATIONAL,波特包超大牌送10%☆送禮推薦 真皮零錢包 MELODY長夾卡夾 手提包(限量多款選),76折,2480,77,74,68,9,否,11.7
2026/08/13,07:00,11060709,滿意寶寶,極上呵護黏貼紙尿褲M-XL(任選2箱組),74折,3418,500,494,491,9,否,1.8
2026/08/13,07:00,11598427,伊萊克斯,Flow A3 Air 抗菌空氣清淨機-五色任選(8坪適用FA31-202),43折,6888,100,96,92,8,否,8.0
2026/08/13,07:00,15512497,Even Realities,Even G2 AI 智慧眼鏡,99折,19990,18,15,12,6,否,33.3
2026/08/13,07:00,7660057,brother,DCP-1510黑白雷射複合機★支援XP系統印速每分20頁,79折,3090,50,47,44,6,否,12.0
2026/08/13,07:00,15168605,聲寶,4-6坪一級變頻冷暖空調,74折,17900,15,13,10,5,否,33.3
2026/08/13,07:00,13878318,dyson,HT01二合一吹風直髮器(絲絨紅禮盒版),54折,8999,149,148,145,4,否,2.7
2026/08/13,07:00,15180439,亞馬生醫,MPE-311激孅粒現5盒,49折,3880,99,96,95,4,否,4.0
2026/08/13,07:00,14917774,STAUB,鑄鐵和食鍋18cm贈陶瓷餐盤2件組,47折,4999,60,60,56,4,否,6.7
2026/08/13,07:00,15175757,Philips 飛利浦,X5012電鬍刀+HX2411音波牙刷,81折,3188,150,150,146,4,否,2.7
2026/08/13,07:00,12982769,亞培,任選-葡勝納菁選-原味+纖維/香草口味 48入,81折,4320,149,146,145,4,否,2.7
2026/08/13,07:00,15438811,蘭蔻,超極限肌因賦活露50ml補充瓶,52折,3591,100,98,97,3,否,3.0
2026/08/13,07:00,14273582,TP-Link,二入組★Wi-Fi 7 三頻 10G路由器,77折,10088,50,49,48,2,否,4.0
2026/08/13,07:00,14517522,巴黎卡詩,釉光香頌小粉球45ml,53折,1850,150,150,148,2,否,1.3
2026/08/13,07:00,15528873,Gelovery 愷達生醫,德國KD SPM魚油軟膠囊(10包組:30顆/包),31折,4990,150,150,149,1,否,0.7
2026/08/13,07:00,15491295,麥當勞,麥香魚+麥克雞塊(4塊)+薯條(大)+冰檸檬風味紅茶(中),73折,149,2,1,1,1,否,50.0
2026/08/13,07:00,15536144,DJI,OSMO ACTION 6暢拍潛水套裝 運動相機/迷你相機｜可變光圈｜旗艦畫質超級夜拍(聯強國際貨),94折,16990,20,20,20,0,否,0.0
2026/08/13,11:00,15394907,必勝客,2個十三吋鬆厚大比薩(口味10選2),29折,389,789,366,89,700,否,88.7
2026/08/13,11:00,15032394,Nestle 雀巢,Nescafe濃縮咖啡液500mlX3罐(黑咖啡/焦糖；口味任選),79折,599,500,462,419,81,否,16.2
2026/08/13,11:00,13842594,越南頂級,鹽焗帶皮腰果460g*3入,44折,666,342,299,269,73,否,21.3
2026/08/13,11:00,12984109,ARIEL,抗菌除臭洗衣補充8包,78折,859,492,451,425,67,否,13.6
2026/08/13,11:00,14233533,法國皇家,貓餐包85g*24包,44折,939,181,156,136,45,否,24.9
2026/08/13,11:00,12242437,PETBERRY,木薯砂2.5kg*6包,53折,899,304,284,262,42,否,13.8
2026/08/13,11:00,15413917,adidas 愛迪達,CLOUDFOAM FLEX LOUNGE RAPIDFIT 運動休閒鞋 女鞋 多款任選 (HQ4942/KJ4730/HQ4940),51折,1190,200,179,159,41,否,20.5
2026/08/13,11:00,12991953,卡旺,卡旺G022卡式瓦斯罐48入,7折,1290,249,238,210,39,否,15.7
2026/08/13,11:00,12608285,大同,10人份不鏽鋼光耀藍電鍋,7折,2740,77,55,40,37,否,48.1
2026/08/13,11:00,15407785,台灣G湯,台灣黃金搭檔12入,56折,990,310,293,276,34,否,11.0
2026/08/13,11:00,10655919,COACH,大C PVC/皮革手拿包/識別證件夾(多款),93折,1388,197,180,165,32,否,16.2
2026/08/13,11:00,12935568,愛馬仕,男性淡香水100ml,37折,1799,196,184,174,22,否,11.2
2026/08/13,11:00,13569086,THOMSON,智能觸控不鏽鋼8公升氣炸鍋 TM-SAT29A(超大容量 可視窗/可視燈 觸控式操作面板),26折,1599,100,91,81,19,否,19.0
2026/08/13,11:00,15450282,ARMANI,高訂持久輕霧光氣墊粉餅,45折,2850,109,101,96,13,否,11.9
2026/08/13,11:00,15230014,石頭科技,F25 RT GEN 2小白鯊零纏繞洗地機,41折,6999,49,42,39,10,否,20.4
2026/08/13,11:00,11455870,Logitech 羅技,MX Keys S無線智能鍵盤,77折,3090,80,75,70,10,否,12.5
2026/08/13,11:00,14578369,TRUU,外泌體水光面膜2入,44折,2199,200,195,191,9,否,4.5
2026/08/13,11:00,14267961,TCL,55型 4K QLED 量子智慧連網TV,64折,12900,32,24,24,8,否,25.0
2026/08/13,11:00,13313851,趣讀漫畫學經典系列（1-5）,趣讀漫畫學經典系列（1-5）,55折,970,58,54,52,6,否,10.3
2026/08/13,11:00,15253183,URUHIMEMOMOKO 潤姬桃子,潤姬桃子30入x6盒,52折,5328,84,80,78,6,否,7.1
2026/08/13,11:00,14819884,Acer 宏碁,27型 IPS 2K 144Hz 超薄護眼螢幕,71折,3588,30,28,24,6,否,20.0
2026/08/13,11:00,14020139,康寧餐具,不鏽鋼平煎鍋28cm,5折,1999,145,142,139,6,否,4.1
2026/08/13,11:00,13994483,Delonghi,半自動義式咖啡機EC890,46折,9690,99,94,94,5,否,5.1
2026/08/13,11:00,14984896,銀穗,開襟綁帶洋裝(多色選),37折,1080,231,229,227,4,否,1.7
2026/08/13,11:00,15469577,Acer,送羅技滑鼠★16吋Ryzen AI 5月銀白,83折,31688,45,44,42,3,否,6.7
2026/08/13,11:00,15560389,Vermicular,琺瑯鑄鐵玉子燒鍋-白橡木/黑胡桃,67折,3350,16,14,13,3,否,18.8
2026/08/13,11:00,15243963,Gelovery 愷達生醫,1200億益生菌粉(任選12包組:30包/袋),47折,9499,110,109,108,2,否,1.8
2026/08/13,11:00,8443137,Darphia 朵法亞,銀粒子棉眠枕,59折,1299,206,204,204,2,否,1.0
2026/08/13,11:00,15119015,樂敦,V游離型葉黃素複方軟膠囊 120粒*2入,77折,2799,150,150,149,1,否,0.7
2026/08/13,11:00,11236768,Kotex 靠得住,茶樹涼感棉/JOGUMAN/護墊/褲型 (多款選),27折,549,1,1,1,0,否,0.0
2026/08/13,14:00,15394907,必勝客,2個十三吋鬆厚大比薩(口味10選2),29折,389,794,549,262,532,否,67.0
2026/08/13,14:00,15097603,蘭諾,衣物芳香豆補充4入,5折,999,499,441,394,105,否,21.0
2026/08/13,14:00,14508638,春風,輕柔膚觸抽取100抽x72包,64折,699,499,445,396,103,否,20.6
2026/08/13,14:00,13405875,Bonnie House 植享家,橙花絲絨蜜露60ml三入組,0.9折,990,250,230,185,65,否,26.0
2026/08/13,14:00,8891010,佳興冰果室,小瓶檸檬汁600mlx12入(原味/黃金檸檬任選),66折,699,449,409,385,64,否,14.3
2026/08/13,14:00,11150639,好奇,純水濕巾20/18包,69折,699,349,314,294,55,否,15.8
2026/08/13,14:00,10419074,3M,抗菌菜瓜布激省優惠組-任選2組,54折,599,500,468,453,47,否,9.4
2026/08/13,14:00,14107176,DR.WU,角鯊潤澤修復精華油3入,5折,3000,100,76,58,42,否,42.0
2026/08/13,14:00,11460387,BASSO 巴碩,義大利純天然酪梨油 1000ml x3瓶,28折,1199,260,229,218,42,否,16.2
2026/08/13,14:00,15016421,DIKE,14吋DC變頻遙控扇 HLE140WT,51折,818,99,75,61,38,否,38.4
2026/08/13,14:00,15307428,Owala,彈蓋+可拆式吸管運動水壺740ml,66折,599,36,0,0,36,是,100.0
2026/08/13,14:00,14895132,Jo Malone,滿室幽香藤枝擴香組 165ml,42折,1599,190,182,161,29,否,15.3
2026/08/13,14:00,4908380,統一LP33,健字號益生菌膠囊*4盒,62折,2995,150,132,122,28,否,18.7
2026/08/13,14:00,10271187,金安德森,男士真皮短夾(多款),66折,1199,200,195,173,27,否,13.5
2026/08/13,14:00,15319594,六福萬怡酒店,敘日餐廳★午/晚餐吃到飽(假日+400),63折,1111,280,271,255,25,否,8.9
2026/08/13,14:00,14042714,理膚寶水,太空科技防曬亮白乳,44折,1524,199,187,177,22,否,11.1
2026/08/13,14:00,14177486,3M,細滑牙線棒1200支,6折,911,350,337,329,21,否,6.0
2026/08/13,14:00,15101901,Philips 飛利浦,HX5191護齦音波牙刷,51折,2880,148,137,128,20,否,13.5
2026/08/13,14:00,15333897,asics,CONTEND 10 D 4E慢跑鞋 (多款選),75折,1499,250,243,232,18,否,7.2
2026/08/13,14:00,9929266,m2 美度,超能膠原飲8盒囤貨組(64入),37折,5080,499,492,485,14,否,2.8
2026/08/13,14:00,11028885,東元,4-5坪一級變頻冷暖,66折,17900,20,9,8,12,否,60.0
2026/08/13,14:00,15130344,YOMIX 優迷,磁吸收納線組★四合一快充5000mAh超迷你半固態磁吸行動電源,23折,999,150,141,139,11,否,7.3
2026/08/13,14:00,9393972,Donna 多納,室內貓/結紮貓飼料9kgx2包,8折,999,149,144,140,9,否,6.0
2026/08/13,14:00,9600839,IRIS,氣旋式超輕量無線手持吸塵器 SCD-141P,49折,2288,100,96,93,7,否,7.0
2026/08/13,14:00,14364756,Acer,送包鼠★14吋32G Ultra 7 AI筆電,89折,36688,60,58,57,3,否,5.0
2026/08/13,14:00,14861241,三星,65型4K智慧顯示器,71折,19900,30,30,27,3,否,10.0
2026/08/13,14:00,13399966,Bora,跟彈燈加強版BX-20PRO+力度鍵盤88鍵折疊式電鋼琴,42折,2999,59,58,57,2,否,3.4
2026/08/13,14:00,15539470,Durex 杜蕾斯,001水性PU衛生套熱感潤滑裝1盒10入+標準裝2盒4入(共14入),65折,1699,180,179,179,1,否,0.6
2026/08/13,14:00,15285846,Acer,送羅技滑鼠★15.6吋i7 RTX5060電競筆電,89折,41888,4,4,4,0,否,0.0
2026/08/13,14:00,12671674,NEOFLAM,陶瓷鑄造輕量IH深炒鍋28cm-附蓋(不挑爐具 瓦斯爐電磁爐可用),3折,899,1,985,975,0,否,0.0
2026/08/13,14:00,15528049,Acer,R5六核文書16G★螢幕超值組,92折,23990,20,20,20,0,否,0.0
2026/08/13,18:00,15394907,必勝客,2個十三吋鬆厚大比薩(口味10選2),29折,389,800,599,344,456,否,57.0
2026/08/13,18:00,14427150,BRITA,MAXTRA PRO濾芯-純淨全效型(6入裝),47折,999,226,173,90,136,否,60.2
2026/08/13,18:00,11359881,肌研,白潤高效美白淡斑精華 2入,6折,669,450,423,338,112,否,24.9
2026/08/13,18:00,10440071,RYO 呂,強韌髮根香氛洗髮精2入,53折,699,317,288,232,85,否,26.8
2026/08/13,18:00,15351857,中元普渡拜拜箱,十方來財豪華10件組,61折,999,79,44,13,66,否,83.5
2026/08/13,18:00,13718212,NEW BALANCE,480_運動鞋/慢跑鞋_多款任選,62折,1549,200,187,164,36,否,18.0
2026/08/13,18:00,13702905,mo select,台灣製極厚316不鏽鋼調理鍋3鍋6件組,29折,1099,93,75,65,28,否,30.1
2026/08/13,18:00,11808107,FOOTER,6入組-運動氣墊中筒/船短/高筒襪(T31/T11/ZH167),54折,919,467,462,442,25,否,5.4
2026/08/13,18:00,7658603,橘子工坊,蔬果碗盤洗碗精補充包6入,52折,575,300,288,276,24,否,8.0
2026/08/13,18:00,13840692,來復易,防漏安心復健褲S-XL (2箱),65折,2399,999,990,977,22,否,2.2
2026/08/13,18:00,12177151,FL 生活+,46公升特大款耐重收納箱,35折,1999,42,21,20,22,否,52.4
2026/08/13,18:00,15054743,益比喜,小晶晶葉黃素凍汪汪隊限量版100入,4折,2780,500,493,482,18,否,3.6
2026/08/13,18:00,3722363,輝葉,4D溫熱手感按摩坐墊,45折,3999,48,41,32,16,否,33.3
2026/08/13,18:00,14828936,Arowana 亞諾納,獨家限定★29吋杯架煞車避震輪河馬箱｜極硬派前開/對開兩用箱 加送16吋旅行袋,33折,2999,200,199,189,11,否,5.5
2026/08/13,18:00,11188381,伊萊克斯,Pure A9.2高效能抗菌空氣清淨機EP71-56,44折,10111,79,75,70,9,否,11.4
2026/08/13,18:00,14159002,杏輝醫藥,優倍多 強力苦瓜胜肽膠囊 5入,45折,3195,150,149,142,8,否,5.3
2026/08/13,18:00,15012371,VANA,北歐香氛暖燈禮盒(含城市系列香氛蠟燭x1+暖燈專用燈泡x2),47折,1590,17,11,10,7,否,41.2
2026/08/13,18:00,14409712,小米官方旗艦館,掃拖機器人 5,64折,12888,29,26,23,6,否,20.7
2026/08/13,18:00,14337694,純煉,轉大人滴雞精30入+蜆精2包+88mo,61折,3480,50,49,45,5,否,10.0
2026/08/13,18:00,13120355,Delonghi,ECAM 220.80.SB 全自動義式咖啡機,53折,22900,100,98,96,4,否,4.0
2026/08/13,18:00,15506524,Acer,送包鼠★14吋Ultra 5 AI浮光銀,84折,27688,18,17,16,2,否,11.1
2026/08/13,18:00,15491289,麥當勞,豬肉滿福堡加蛋+經典美式咖啡(冰),52折,58,9,8,7,2,否,22.2
2026/08/13,18:00,15530199,FELLOW,Matcha Set抹茶碗套裝組合,7折,3499,20,20,18,2,否,10.0
2026/08/13,18:00,14626328,歌林,339公升一級變頻冰箱,68折,12900,19,17,17,2,否,10.5
2026/08/13,18:00,15553789,Google,Pixel 11 Pro XL 5G 6.8吋(12G/256G),9折,42990,50,50,49,1,否,2.0
2026/08/13,18:00,11562989,華碩平台,i5/RTX5060電競電腦(14400F/16G/1TB),91折,33490,19,18,18,1,否,5.3
2026/08/13,18:00,11660056,Baicycle,S3 小白電動折疊腳踏車 smart3.0,65折,12988,23,22,22,1,否,4.3
2026/08/13,22:00,13490654,日光豆漿,濃郁乳酪起司饅頭12顆,79折,379,792,745,702,90,否,11.4
2026/08/13,22:00,14508638,春風,輕柔膚觸抽取100抽x72包,64折,699,497,459,427,70,否,14.1
2026/08/13,22:00,15097603,蘭諾,衣物芳香豆補充4入,5折,999,500,475,446,54,否,10.8
2026/08/13,22:00,13151510,AHC,超能玻尿酸肌亮保濕機能水,44折,1011,298,288,271,27,否,9.1
2026/08/13,22:00,14889548,HEADS UP,EDENVALE 無酒精紅酒/白酒750mlx3瓶任選,41折,999,241,234,215,26,否,10.8
2026/08/13,22:00,15300943,五心製菓竹鹽甘草枇杷乾4包(100g/包),五心製菓竹鹽甘草枇杷乾4包(100g/包),76折,495,620,609,596,24,否,3.9
2026/08/13,22:00,9258336,雅漾,活泉水噴霧5入,43折,1399,396,380,374,22,否,5.6
2026/08/13,22:00,14942665,ONEHOUSE格拉斯人體工學電腦椅,ONEHOUSE格拉斯人體工學電腦椅,38折,2999,75,61,59,16,否,21.3
2026/08/13,22:00,14946112,Branden,SAFEPLUS輕量安心防盜護照包★下單送5%,79折,1155,296,289,280,16,否,5.4
2026/08/13,22:00,7597613,興家安速,果蠅餌劑38g 五件組(日本進口/高保濕性餌劑),65折,749,285,278,275,10,否,3.5
2026/08/13,22:00,13964474,小叮噹科學主題樂園,生活大師會館雙人含早餐★贈小叮噹科學園區門票,43折,2260,220,217,211,9,否,4.1
2026/08/13,22:00,7049119,SLIM,雙人天絲乳膠記憶膠防蹣獨立筒床墊,1折,4399,70,65,62,8,否,11.4
2026/08/13,22:00,14761090,BRITA,瞬熱溫控冰溫熱開飲機13芯組,44折,14119,29,23,21,8,否,27.6
2026/08/13,22:00,14364756,Acer,送包鼠★14吋32G Ultra 7 AI筆電,89折,36688,59,58,53,6,否,10.2
2026/08/13,22:00,15368337,NARS,激情誘色腮紅露★新品上市,69折,1450,229,224,223,6,否,2.6
2026/08/13,22:00,15209759,石頭科技,Qrevo Edge2掃拖機器人,33折,19999,50,45,44,6,否,12.0
2026/08/13,22:00,13102396,LARGAN 大立美,晶亮立克5盒(30粒/盒),24折,3688,100,97,95,5,否,5.0
2026/08/13,22:00,9781589,King Star七夕獻禮!GIA 50分 D色 3EX 18K/鉑金台 天然鑽石項鍊 (八心八箭),King Star七夕獻禮!GIA 50分 D色 3EX 18K/鉑金台 天然鑽石項鍊 (八心八箭),29折,28888,6,4,2,4,否,66.7
2026/08/13,22:00,10606705,營養師輕食,1000EPA魚油 5入組(一入60顆),52折,5999,255,253,252,3,否,1.2
2026/08/13,22:00,15057870,Acer 宏碁,16型IPS 60Hz觸控超薄可攜螢幕,41折,3299,28,26,25,3,否,10.7
2026/08/13,22:00,8004746,HongYew 鴻宇,兒童睡袋,33折,1680,128,126,126,2,否,1.6
2026/08/13,22:00,15479611,Apple,2025 iPad 11 A16/11吋/WiFi/256G,92折,17588,29,27,27,2,否,6.9
2026/08/13,22:00,15085501,VIGILL 婦潔,好禮多重贈★極植零菌免洗內褲_60入組,75折,1729,399,399,397,2,否,0.5
2026/08/13,22:00,13163745,東芝,55型4K Google TV,47折,11900,50,49,49,1,否,2.0
2026/08/13,22:00,15192038,Acer,U5 八核迷你電腦★超值24型螢幕組,72折,20990,20,20,20,0,否,0.0
2026/08/14,00:00,14260664,味丹,多喝水MORE氣泡水560mx2箱(共48入;原味/檸檬/蜜桃口味任選)+登記送50mo點,47折,599,467,399,371,96,否,20.6
2026/08/14,00:00,10116136,倍潔雅,舒感柔韌150抽x70包,52折,709,493,421,399,94,否,19.1
2026/08/14,00:00,10523447,醫強,75%酒精液 6桶組,33折,1499,292,255,250,42,否,14.4
2026/08/14,00:00,12928225,Chic Chic 琪琪,獨降180/件★4件親膚零著感內衣(多款選),42折,719,370,350,331,39,否,10.5
2026/08/14,00:00,12847375,DIADORA,機能編織涼鞋/運動涼鞋(男女多款),57折,599,300,283,265,35,否,11.7
2026/08/14,00:00,10520445,GoodSome 好東西,西班牙原裝進口酪梨油1000mlx3入,4折,1188,259,234,225,34,否,13.1
2026/08/14,00:00,13244428,ZOJIRUSHI 象印,買1送1 不鏽鋼彈開式600ml+600ml(SM-SK60EMD+SM-SK60EMD),35折,1288,148,122,117,31,否,20.9
2026/08/14,00:00,14434857,摩洛哥優油買100送200ml,摩洛哥優油買100送200ml,34折,1799,198,177,168,30,否,15.2
2026/08/14,00:00,14819085,Joseph Joseph,Nest系列 砧板三件組-灰藍大,37折,1111,87,70,65,22,否,25.3
2026/08/14,00:00,9257956,舒酸定,長效抗敏牙膏12入,46折,999,299,288,284,15,否,5.0
2026/08/14,00:00,15333791,HanVo,買1送1 冰絲涼感垂感寬鬆褲/闊腿褲裙,47折,518,580,570,566,14,否,2.4
2026/08/14,00:00,9252032,理膚寶水,淨痘無瑕極效精華+M,38折,1509,200,190,187,13,否,6.5
2026/08/14,00:00,12863743,JVC,65型4K連網TV,49折,14988,38,27,25,13,否,34.2
2026/08/14,00:00,15542980,Roborock 石頭科技,8/14獨家首發!2.5倍超能蒸氣x零感AI速刮臂洗地機 (臂蒸之帝☆F25 Ultra Steam Gen2）,44折,17999,100,91,88,12,否,12.0
2026/08/14,00:00,13878536,良和時尚珠寶黃金金豆 造型金豆(金重:0.27錢±0.01),良和時尚珠寶黃金金豆 造型金豆(金重:0.27錢±0.01),89折,5388,197,190,187,10,否,5.1
2026/08/14,00:00,13141891,毛孩時代,礦砂4kgx6袋,62折,1199,151,146,143,8,否,5.3
2026/08/14,00:00,15553788,Google,Pixel 11 Pro 5G 6.3吋(16G/512G),91折,40990,49,45,44,5,否,10.2
2026/08/14,00:00,14740370,Apple,AirPods Pro 3,91折,7190,50,46,46,4,否,8.0
2026/08/14,00:00,13351861,funcare 船井生醫,FIP100纖維粉增量限定版(共240包),34折,6580,50,49,46,4,否,8.0
2026/08/14,00:00,15143441,科沃斯,獨家全新T90 PRO滾筒掃拖機器人,35折,19688,50,46,46,4,否,8.0
2026/08/14,00:00,13401083,白蘭氏,黑醋栗+金盞花葉黃素精華飲60ml*48入,69折,2299,99,97,96,3,否,3.0
2026/08/14,00:00,14616656,關西六福莊,4人含早+六福村2日門票★平旺日升等肯亞藍天樓中樓三大床,49折,8988,57,56,54,3,否,5.3
2026/08/14,00:00,15380699,dyson,HD17精準造型輕量吹風機(粉霧玫瑰),65折,10900,49,47,47,2,否,4.1
2026/08/14,00:00,14921074,華碩,15.6吋Core 7輕薄16G,86折,24999,50,49,48,2,否,4.0
2026/08/14,00:00,8333154,3M,S301三道式淨水器特惠組,63折,9111,30,29,28,2,否,6.7
2026/08/14,00:00,12900941,NEOFLAM,momo獨家陶瓷輕量IH三鍋組28炒鍋含蓋+26平底鍋+16CM煎蛋鍋,19折,1399,1,995,993,0,否,0.0
2026/08/14,00:00,9474221,添寧,貼心敢動褲M-XL,49折,999,1,962,943,0,否,0.0
2026/08/14,07:00,11973628,西雅圖,貝瑞斯塔咖啡豆908gx2包,81折,729,366,259,175,191,否,52.2
2026/08/14,07:00,10892237,I.RISS 伊莉絲,下殺180/件★萊卡無痕美胸內衣-多款選,45折,718,398,364,307,91,否,22.9
2026/08/14,07:00,12855305,綠的寢飾,買一送一天絲床包枕套組or涼被,2折,799,380,358,320,60,否,15.8
2026/08/14,07:00,5517245,貝恩,嬰兒柔濕巾24包,53折,1329,398,376,352,46,否,11.6
2026/08/14,07:00,13092955,幫寶適,一級幫散熱拉拉褲/黏貼尿布2箱,8折,2298,499,482,465,34,否,6.8
2026/08/14,07:00,9035380,曼秀雷敦,派卡瑞丁強效防蚊噴霧 60ml 2入+120 ml 1入,7折,899,500,483,468,32,否,6.4
2026/08/14,07:00,10253406,卜蜂,去骨雞腿+去骨雞胸共12包,47折,1188,300,285,269,31,否,10.3
2026/08/14,07:00,14175123,法國皇家,中型成犬飼料15KG,68折,2499,31,24,0,31,是,100.0
2026/08/14,07:00,15463314,Berndes 寶迪,德製不沾雙炒鍋28+30,15折,2299,196,183,166,30,否,15.3
2026/08/14,07:00,11012985,LOVITA 愛維他,K2+D3素食膠囊 3入組 共90顆,57折,1288,146,136,124,22,否,15.1
2026/08/14,07:00,14796614,追覓科技,Pocket 魔術折疊高速吹風機,31折,2699,98,89,80,18,否,18.4
2026/08/14,07:00,14470326,Logitech 羅技,MX Master 4 無線滑鼠,88折,3690,79,71,63,16,否,20.3
2026/08/14,07:00,14950290,CENTRUM 善存,游離型葉黃素軟膠囊20mg 140顆(過年/年節/送禮),81折,1199,128,123,112,16,否,12.5
2026/08/14,07:00,12844270,大研生醫,德國頂級魚油6入組(60粒/入.陳美鳳&權威醫生共同推薦),4折,4850,100,94,90,10,否,10.0
2026/08/14,07:00,15401811,契爾氏,金盞花泡泡潔面凝露230ml,47折,1232,179,175,170,9,否,5.0
2026/08/14,07:00,10468283,防潮家,67公升電子防潮箱 (防潮除溼/7年保固),5折,3099,30,26,24,6,否,20.0
2026/08/14,07:00,14952426,麥雪爾,蕾絲/荷葉領/燙鑽造型上衣(多款選),33折,1180,244,243,239,5,否,2.0
2026/08/14,07:00,14774357,Tineco 添可,S6 Pro無線平躺速乾吸塵洗地機(180度平躺/5分鐘速乾/85度熱水洗/電解水除菌),75折,6777,41,38,36,5,否,12.2
2026/08/14,07:00,13237311,寶拉珍選,A醛精華+C25淡斑精華,78折,3320,200,198,195,5,否,2.5
2026/08/14,07:00,15555157,AS集團-BYHUE,LINE FRIENDS minini 撞色軟芯德訓休閒鞋,94折,2730,29,26,26,3,否,10.3
2026/08/14,07:00,15092512,BYZOOM FITNESS,5段重量可調式啞鈴_10kg 雙入,7折,4490,34,33,32,2,否,5.9
2026/08/14,07:00,14953522,LEGO 樂高,科技系列 42228 McLaren MCL39 F1賽車,66折,5299,73,72,71,2,否,2.7
2026/08/14,07:00,15491290,麥當勞,豬肉滿福堡+薯餅+經典美式咖啡,64折,88,3,2,2,1,否,33.3
2026/08/14,07:00,15553789,Google,Pixel 11 Pro XL 5G 6.8吋(12G/256G),9折,42990,50,50,50,0,否,0.0
2026/08/14,07:00,14364449,小米,65型4K QLED 智慧聯網TV,94折,16999,35,35,35,0,否,0.0
2026/08/14,07:00,13352709,Kolin 歌林,四重精濾濾水壺 3.8L+濾芯12入(共13芯/34個月/適用Brita),45折,1599,7,58,58,0,否,0.0
2026/08/14,07:00,15338067,BRAUN 百靈,新5系列PRO電鬍刀-智慧清潔充電座款,63折,5688,59,59,59,0,否,0.0
2026/08/14,07:00,15273254,Lenovo,i3八核商用16G↘免2萬,86折,19900,20,20,20,0,否,0.0
2026/08/14,11:00,15242118,莫凡彼,雙人平日經典義式套餐(含主餐*2+湯品*2+甜點*2+飲品*2),4折,599,515,396,292,223,否,43.3
2026/08/14,11:00,14275289,一匙靈,ATTACK洗衣精補充包,78折,589,500,458,384,116,否,23.2
2026/08/14,11:00,11973628,西雅圖,貝瑞斯塔咖啡豆908gx2包,81折,729,173,132,98,75,否,43.4
2026/08/14,11:00,15292474,凱撒飯店聯合券,4館通用餐飲券,47折,818,360,337,288,72,否,20.0
2026/08/14,11:00,15292469,新板希爾頓酒店,悅市集★平日午餐吃到飽(平日晚+100/假日+400),47折,818,353,300,287,66,否,18.7
2026/08/14,11:00,4908315,桂格,即沖即食大燕麥片1100gx6罐,63折,829,397,362,337,60,否,15.1
2026/08/14,11:00,10523447,醫強,75%酒精液 6桶組,33折,1499,300,270,244,56,否,18.7
2026/08/14,11:00,13518373,樂米穀場,關山農會一等關山香米1.5kg*6入,51折,818,400,383,362,38,否,9.5
2026/08/14,11:00,12627856,露得清,肌緻新生A醇乳霜50g-2入組,7折,1349,297,275,259,38,否,12.8
2026/08/14,11:00,13558828,BIODERMA,舒益淨沐浴露 1000ml*兩入組,39折,711,420,401,383,37,否,8.8
2026/08/14,11:00,15162643,KOHZII 康馳,全自動製冰機 KIM1250SS (2026全新上市),24折,1490,99,85,72,27,否,27.3
2026/08/14,11:00,14876829,CIAO,旨定罐、近海罐85/80g*24入,53折,799,383,367,359,24,否,6.3
2026/08/14,11:00,13529813,Colantotte 克郎托天,限時搶購｜送禮首選!SPORTS SR 140 NEXT 運動機能磁石項圈(防水防汗),6折,999,120,112,97,23,否,19.2
2026/08/14,11:00,14266007,FUNY,三麗鷗聯名款手持扇 FUN-SS05,63折,888,99,86,76,23,否,23.2
2026/08/14,11:00,13702074,妙而舒,極透舒膚妙兒褲2箱 M-XL,49折,2529,495,485,473,22,否,4.4
2026/08/14,11:00,15102506,Tefal 特福,精銳不鏽鋼炒鍋28cm,46折,1099,270,259,249,21,否,7.8
2026/08/14,11:00,7701923,BODYLUV,純淨完美蓮蓬頭+純淨完美蓮蓬頭濾芯6入,56折,1180,59,49,39,20,否,33.9
2026/08/14,11:00,14478745,大同,10人份不鏽鋼奶茶色電鍋,7折,2740,78,70,63,15,否,19.2
2026/08/14,11:00,14877884,KIPLING,猴猴包新款補貨★輕巧實用大容量旅行收納 後背包 牛角包 手提包 側/肩/斜背包(58款選),36折,1988,188,180,174,14,否,7.4
2026/08/14,11:00,13562715,補體素,優蛋白EX原味即飲237mlx24罐,94折,1850,175,167,162,13,否,7.4
2026/08/14,11:00,15287208,DaoDi,皮革購物登機包45L,17折,888,178,172,166,12,否,6.7
2026/08/14,11:00,14956241,TP-Link,Tapo C250進階夜視攝影機,81折,1299,80,73,69,11,否,13.8
2026/08/14,11:00,10517620,派翠,17胜角鯊精華油3入組,38折,1599,285,280,274,11,否,3.9
2026/08/14,11:00,14531292,MSI 微星,27型 IPS 144Hz 平面護眼商用螢幕,9折,2888,48,38,37,11,否,22.9
2026/08/14,11:00,15515026,Pandora 潘多拉,七夕限定-閃耀真心系列(項鏈/手鏈/戒指/耳環/串飾),76折,1888,160,157,151,9,否,5.6
2026/08/14,11:00,15542980,Roborock 石頭科技,8/14獨家首發!2.5倍超能蒸氣x零感AI速刮臂洗地機 (臂蒸之帝☆F25 Ultra Steam Gen2）,44折,17999,99,95,91,8,否,8.1
2026/08/14,11:00,13913204,飛利浦,14.2L抗敏清淨除濕機-DE5306,64折,8999,50,45,42,8,否,16.0
2026/08/14,11:00,9929266,m2 美度,超能膠原飲8盒囤貨組(64入),37折,5080,500,495,492,8,否,1.6
2026/08/14,11:00,15553788,Google,Pixel 11 Pro 5G 6.3吋(16G/512G),91折,40990,50,45,43,7,否,14.0
2026/08/14,11:00,14687829,Autotek,4K+2K前後雙Sony星光夜視電子後視鏡行車記錄器,73折,3680,35,33,28,7,否,20.0
2026/08/14,11:00,13809877,炭輕盈纖淨酵素粉EX 15包x4盒(生物炭/酵素/纖維粉/多穀麴/乳酸菌/蔬果酵素/順暢/代謝/分解),炭輕盈纖淨酵素粉EX 15包x4盒(生物炭/酵素/纖維粉/多穀麴/乳酸菌/蔬果酵素/順暢/代謝/分解),59折,2500,120,119,115,5,否,4.2
2026/08/14,11:00,14229511,甘丹小學新生任務1-4套組（贈入學平安任務卡）,甘丹小學新生任務1-4套組（贈入學平安任務卡）,55折,731,44,41,41,3,否,6.8
2026/08/14,11:00,11029279,東元,7-8坪一級變頻冷暖,72折,28900,15,12,12,3,否,20.0
2026/08/14,11:00,15491289,麥當勞,豬肉滿福堡加蛋+經典美式咖啡(冰),52折,58,9,8,7,2,否,22.2
2026/08/14,11:00,14736994,DJI,Neo 三電池版無遙控器 空拍機/無人機 ｜脫控飛行玩法多元｜一鍵起飛新手必備,78折,5490,15,15,15,0,否,0.0
2026/08/14,14:00,15242118,莫凡彼,雙人平日經典義式套餐(含主餐*2+湯品*2+甜點*2+飲品*2),4折,599,520,431,309,211,否,40.6
2026/08/14,14:00,6480933,禾聯,14吋智能變頻DC風扇 HDF-14A3,4折,999,274,141,93,181,否,66.1
2026/08/14,14:00,14440402,葛瑪蘭之星飯店,星苑餐廳★2人晚餐吃到飽+露天SPA泡湯,54折,1680,179,,0,179,是,100.0
2026/08/14,14:00,15152423,好自在,液體衛生棉108-109片,53折,949,498,456,434,64,否,12.9
2026/08/14,14:00,13729350,CeraVe,水楊酸煥膚淨嫩潔膚露 473ml-2入,57折,1048,298,257,236,62,否,20.8
2026/08/14,14:00,9011676,DHC,深層卸粧油200ml三入組,41折,1111,298,256,240,58,否,19.5
2026/08/14,14:00,14392459,臻御行,奇亞籽四入組,46折,559,502,459,445,57,否,11.4
2026/08/14,14:00,13485330,光茵樂活,鮮銀耳light 250gx16入(momo獨家),51折,699,448,410,395,53,否,11.8
2026/08/14,14:00,10024935,Persil,三合一洗衣球180顆,5折,999,497,470,447,50,否,10.1
2026/08/14,14:00,8519077,康定,植萃酵素洗髮精２入組,72折,1150,259,230,216,43,否,16.6
2026/08/14,14:00,12584101,德國雙人,Enjoy不沾鍋湯鍋20cm附玻璃蓋,3折,999,300,283,268,32,否,10.7
2026/08/14,14:00,12896589,PONY EFFECT,絕對持久無瑕氣墊粉餅升級版,46折,1380,232,216,206,26,否,11.2
2026/08/14,14:00,14639455,Apple,iPhone 17 Pro(256G/6.3吋)(45W雙孔閃充組),94折,38400,50,38,29,21,否,42.0
2026/08/14,14:00,11724005,ONEHOUSE五開門折疊收納箱4入,ONEHOUSE五開門折疊收納箱4入,45折,1499,199,185,178,21,否,10.6
2026/08/14,14:00,11454485,Michael Kors,Jet Set Travel 拉鍊長夾/皮夾(多款),7折,1899,149,138,131,18,否,12.1
2026/08/14,14:00,14166420,小姐不熙娣+醫師好辣 節目推薦☆超強孅仙女神必備：高纖輕濕纖飲 2.0 4盒（10入/盒）,小姐不熙娣+醫師好辣 節目推薦☆超強孅仙女神必備：高纖輕濕纖飲 2.0 4盒（10入/盒）,38折,1480,139,128,124,15,否,10.8
2026/08/14,14:00,15285421,MARITHE FRANCOIS GIRBAUD,經典LOGO短袖上衣2件組(多款任選),5折,1699,48,41,36,12,否,25.0
2026/08/14,14:00,13331134,樂居安TPE雙重防滑墊2入,樂居安TPE雙重防滑墊2入,42折,599,181,174,170,11,否,6.1
2026/08/14,14:00,12676475,Mobby 莫比,自然食無穀貓糧6.5kg,49折,1469,200,196,192,8,否,4.0
2026/08/14,14:00,6349347,亞培,倍力素腫瘤癌症專用即飲配方220ml x24入,83折,5475,33,29,26,7,否,21.2
2026/08/14,14:00,13157522,禾聯,65型4K HDR Google智慧聯網TV,44折,13900,33,28,26,7,否,21.2
2026/08/14,14:00,14501590,NIKE 耐吉,V5 RNR 男女運動鞋 休閒鞋 慢跑鞋 緩震 (多款選),5折,1717,182,178,175,7,否,3.8
2026/08/14,14:00,15250095,易牙居,易牙居鐦甡．森活聯名御品荷葉糯米飯6入,69折,599,199,197,194,5,否,2.5
2026/08/14,14:00,14818738,伊萊克斯,14L WIFI極適家居700清淨除濕機,58折,11111,90,85,85,5,否,5.6
2026/08/14,14:00,14951853,ReFa,智能吹風機PRO,6折,8000,40,39,39,1,否,2.5
2026/08/14,14:00,10958352,好奇,小森林尿布 (好眠褲/好動褲/黏貼型),84折,1435,2,1,1,1,否,50.0
2026/08/14,14:00,15395312,brother,PT-P300BT標籤機★抗刮包裝收納沒問題,44折,2290,25,25,24,1,否,4.0
2026/08/14,14:00,9474221,添寧,貼心敢動褲M-XL,49折,999,1,978,956,0,否,0.0
2026/08/14,14:00,13655164,夏普,4-6坪一級變頻冷暖空調,93折,19490,15,15,15,0,否,0.0
2026/08/14,14:00,15541764,ASUS 華碩,ASUS PAD3K OLED平板電腦(8G/256G),91折,17999,50,50,50,0,否,0.0
2026/08/14,14:00,15542980,Roborock 石頭科技,8/14獨家首發!2.5倍超能蒸氣x零感AI速刮臂洗地機,44折,17999,100,100,100,0,否,0.0
2026/08/14,18:00,15242118,莫凡彼,雙人平日經典義式套餐(含主餐*2+湯品*2+甜點*2+飲品*2),4折,599,514,456,362,152,否,29.6
2026/08/14,18:00,6480933,禾聯,14吋智能變頻DC風扇 HDF-14A3,4折,999,299,233,152,147,否,49.2
2026/08/14,18:00,15062016,KEBUKE 可不可,氣泡茶420mlx24入/箱(愛司莓果/春梅冷露),6折,549,532,491,460,72,否,13.5
2026/08/14,18:00,10677356,卡迪那,95℃薯條8盒組,63折,499,605,574,537,68,否,11.2
2026/08/14,18:00,14947437,mo select,究好加大型雙層連續抽取式花紋衛生紙(150抽x84包/箱),44折,799,723,701,680,43,否,5.9
2026/08/14,18:00,12985542,大通,無線投影棒,54折,1618,94,70,53,41,否,43.6
2026/08/14,18:00,12486897,NEW BALANCE,373系列_運動鞋/復古鞋(多款任選),48折,1199,200,184,162,38,否,19.0
2026/08/14,18:00,10536422,QUAKER 桂格,無糖養氣人蔘 60mlx36入x2盒,73折,3185,97,82,60,37,否,38.1
2026/08/14,18:00,14169348,台北晶華酒店,流心千層酥禮盒x2盒,76折,1299,235,224,199,36,否,15.3
2026/08/14,18:00,15429394,SKECHERS,女款 瞬穿舒適健走鞋 避震緩衝科技 (多款),56折,1790,149,132,118,31,否,20.8
2026/08/14,18:00,9787614,韓國Kassel,不沾輕深炒鍋28cm,17折,880,273,266,252,21,否,7.7
2026/08/14,18:00,15437770,飲后,超孅飲6盒(15包/盒),37折,2880,199,191,185,14,否,7.0
2026/08/14,18:00,12557548,雅頓,HPR玫瑰金抗痕膠囊90顆_2入,21折,2650,91,84,77,14,否,15.4
2026/08/14,18:00,10341248,白熊,洗碗精4kg*4入/箱X2箱,75折,1199,213,205,201,12,否,5.6
2026/08/14,18:00,11843761,Ta-Da 泰達,最新升級版 泰達隨身椅PRO(原廠一年保固),66折,2630,150,144,140,10,否,6.7
2026/08/14,18:00,15377204,科沃斯,獨家N50全能掃拖機器人,25折,11111,49,45,40,9,否,18.4
2026/08/14,18:00,15553787,Google,Pixel 11 Pro 5G 6.3吋(12G/256G),9折,36990,50,47,43,7,否,14.0
2026/08/14,18:00,15542980,石頭科技,8/14獨家首發!臂蒸之帝☆F25 Ultra Steam Gen2,44折,17999,100,96,93,7,否,7.0
2026/08/14,18:00,9177935,法國STAUB,方形陶缽烤盤4+1件組,43折,990,300,297,294,6,否,2.0
2026/08/14,18:00,9744328,台達電子,多功能浴室廁所涼暖風機-豪華300系列遙控型韻律風門-適用3-6坪,49折,7388,300,298,297,3,否,1.0
2026/08/14,18:00,11461706,愛兒館,閱讀森林旋轉書櫃(26年9月新版 水性漆),66折,5999,22,20,20,2,否,9.1
2026/08/14,18:00,15506025,華碩,Ultra 5輕薄16G/OLED,92折,34999,50,49,48,2,否,4.0
2026/08/14,18:00,15410136,雅詩蘭黛,粉持久寶寶藍氣墊SPF40/PA+++,88折,2400,131,130,129,2,否,1.5
2026/08/14,18:00,13072192,艾芙美,燕麥舒敏霜200mlx3入,84折,3240,99,99,97,2,否,2.0
2026/08/14,18:00,14389957,Apple,S+級福利品 AirPods Max(Lightning),66折,11999,30,29,29,1,否,3.3
2026/08/14,18:00,9688786,Kotex 靠得住,晚安好眠褲/日用懶人褲 M-XL(多款選),39折,639,1,1,1,0,否,0.0
2026/08/14,22:00,9487127,義美,無加糖元氣豆奶系列250mlx3箱(共72入;豆奶/黑豆奶),68折,688,500,451,416,84,否,16.8
2026/08/14,22:00,15545510,美蒂菲,面膜100入任選3款,26折,849,359,303,282,77,否,21.4
2026/08/14,22:00,9946739,哈根達斯,極致寵愛系列雪糕15入組,43折,968,310,269,241,69,否,22.3
2026/08/14,22:00,6480933,禾聯,14吋智能變頻DC風扇 HDF-14A3,4折,999,300,265,236,64,否,21.3
2026/08/14,22:00,13729350,CeraVe,水楊酸煥膚淨嫩潔膚露 473ml-2入,57折,1048,298,278,253,45,否,15.1
2026/08/14,22:00,11994146,Jo Malone,香水100ml,39折,2288,195,165,158,37,否,19.0
2026/08/14,22:00,10523447,醫強,75%酒精液 6桶組,33折,1499,299,284,267,32,否,10.7
2026/08/14,22:00,14879392,UNDER ARMOUR,UA 慢跑鞋 運動鞋 Charged Assert 10/ Jogger 男鞋 女鞋,33折,899,700,682,670,30,否,4.3
2026/08/14,22:00,14822907,KLIM 克寧,官方直營Super Kid3號幼兒營養成長配方3罐,76折,1480,209,195,190,19,否,9.1
2026/08/14,22:00,14069122,American Explorer 美國探險家,20+25+29/20+25+30吋 前開式行李箱 三件組 上掀式 可加大 旅行箱 登機箱,33折,4880,150,139,134,16,否,10.7
2026/08/14,22:00,13531104,凱斯博士,無酒精漱口水2入,5折,699,450,446,439,11,否,2.4
2026/08/14,22:00,10075784,MarCella 瑪榭,7件/6件組★緊實包臀輕薄抗菌內褲,55折,999,500,497,491,9,否,1.8
2026/08/14,22:00,14402787,石頭科技,Qrevo C Pro掃拖機器人-超值組,34折,13999,50,44,42,8,否,16.0
2026/08/14,22:00,15542980,石頭科技,8/14獨家首發!臂蒸之帝☆F25 Ultra Steam Gen2,44折,17999,100,99,94,6,否,6.0
2026/08/14,22:00,8479508,i-Rocks人體工學椅,i-Rocks人體工學椅,59折,8399,32,26,26,6,否,18.8
2026/08/14,22:00,15475572,Samsung 三星,Galaxy A57 5G 6.7吋(12G/256G/Exynos1680/5000萬鏡頭畫素),74折,14590,36,32,32,4,否,11.1
2026/08/14,22:00,15552440,GIGABYTE 技嘉,16吋i7 RTX5060/1T 熱銷電競,84折,42999,15,14,12,3,否,20.0
2026/08/14,22:00,15577678,Samsung 三星,Galaxy Z Fold8 Ultra 5G 8吋(12G/256G/Snapdragon 8 Elite Gen 5/2億畫素/AI手機),92折,60900,15,15,13,2,否,13.3
2026/08/14,22:00,15345545,品冠,4-6坪一級變頻冷暖空調,73折,16900,3,1,1,2,否,66.7
2026/08/14,22:00,15119261,Philips 飛利浦,HX9996尊榮AI音波牙刷,53折,9990,80,79,79,1,否,1.2
2026/08/14,22:00,15512497,Even Realities,Even G2 AI 智慧眼鏡,99折,19990,20,19,19,1,否,5.0
2026/08/14,22:00,15552399,Tiger Family,MOMO獨家-開學事事開心組-聯名捷樂書包+水壺+2入徽章組 三麗鷗寶可夢,81折,3299,48,47,47,1,否,2.1
2026/08/14,22:00,11157378,德國Emma,Hybrid獨立筒床墊標準雙人,56折,15999,30,29,29,1,否,3.3
2026/08/14,22:00,14027751,NIPPI,Premium100%純膠原蛋白胜肽白金版 100gX3包(60天份/世界第一膠原蛋白/無雌激素/緩釋型),78折,2999,200,200,200,0,否,0.0
2026/08/14,22:00,13663845,Suntory 三得利,固力伸 葡萄糖胺 30日份 x 2罐(360錠_原廠購入有防偽標籤),77折,2790,0,0,0,0,是,0.0
2026/08/14,22:00,13634324,Laurier 蕾妮亞,零觸感/超薄涼/羽感棉/輕潔抑菌 日夜用衛生棉 (17-40cm/72-160片),65折,499,1,1,1,0,否,0.0
2026/08/15,00:00,13683504,伊萊克斯,超級完美管家吸塵器HEPA進化版,27折,2990,164,79,59,105,否,64.0
2026/08/15,00:00,13720400,PUMA,男女運動休閒鞋 (多款選),41折,999,300,265,251,49,否,16.3
2026/08/15,00:00,7379217,伊藤園,Oi Ocha 綠茶530mlx2箱(共48入),53折,898,180,148,134,46,否,25.6
2026/08/15,00:00,8037995,倍潔雅,花漾柔感150抽x84包,5折,849,499,468,455,44,否,8.8
2026/08/15,00:00,15221885,提提研,保濕金箔黑面膜30入,39折,949,205,175,164,41,否,20.0
2026/08/15,00:00,13735865,大成,國產益活雞超值10件組,39折,999,298,271,263,35,否,11.7
2026/08/15,00:00,15113371,双甡．森活,日系微波料理鍋,42折,499,113,86,80,33,否,29.2
2026/08/15,00:00,15457201,THE VEGAN 樂維根,經典植物優蛋白 2入組 1KG/袋,6折,1299,450,433,419,31,否,6.9
2026/08/15,00:00,15122334,台南趣淘漫旅,4人入住豪華景觀房★贈超商抵用+水庫門票+館內冒險活動6項,18折,2599,177,149,148,29,否,16.4
2026/08/15,00:00,7374045,Tefal 特福,璀璨不沾鍋雙鍋組28CM,27折,999,297,284,277,20,否,6.7
2026/08/15,00:00,13626252,Tiger Family,MAX Pro 2S系列超輕量護脊書包- 可摺疊版(中高年級適用),73折,2770,197,179,178,19,否,9.6
2026/08/15,00:00,8589895,CIELO宣若,EX染髮霜3件組,7折,799,498,486,479,19,否,3.8
2026/08/15,00:00,10831186,pidan,混合貓砂4桶裝,46折,1199,498,485,484,14,否,2.8
2026/08/15,00:00,11876111,HongYew鴻宇,兩用被床包枕套組,19折,1680,179,172,167,12,否,6.7
2026/08/15,00:00,15437770,飲后,超孅飲6盒(15包/盒),37折,2880,199,191,187,12,否,6.0
2026/08/15,00:00,13978790,Philips 飛利浦,DLK3547Q Qi2 22.5W黑金剛磁吸三合一磁吸充電座,49折,1183,150,144,140,10,否,6.7
2026/08/15,00:00,10432463,MarCella 瑪榭,3件組★裸感美型無痕內衣-支撐加強,49折,1111,500,493,490,10,否,2.0
2026/08/15,00:00,15209759,石頭科技,Qrevo Edge2掃拖機器人,33折,19999,49,41,39,10,否,20.4
2026/08/15,00:00,9917329,LG,13KG蒸洗脫滾筒,64折,19900,46,38,37,9,否,19.6
2026/08/15,00:00,15560984,NEW FORCE,二件組 舒適輕盈透氣棉質休閒褲(多款任選),35折,799,168,161,159,9,否,5.4
2026/08/15,00:00,12707498,三星,55型4K智慧連網TV,72折,13618,47,42,40,7,否,14.9
2026/08/15,00:00,11300579,Lunio,Helix雙人乳膠獨立筒床墊,39折,7890,40,37,36,4,否,10.0
2026/08/15,00:00,13884113,Lenovo,電競平板 Legion Tab Gen 3 (12G/256G/主相機1300萬畫素),72折,12990,50,47,46,4,否,8.0
2026/08/15,00:00,10114488,Microsoft 微軟,Microsoft 365 個人版 一年訂閱 盒裝(軟體拆封後無法退換貨),83折,2590,76,72,72,4,否,5.3
2026/08/15,00:00,13840692,來復易,防漏安心復健褲S-XL 箱購(成人紙尿褲/褲型紙尿褲) (2箱組) 下單送160,65折,2399,999,996,995,4,否,0.4
2026/08/15,00:00,10689278,SK-II,青春露330ml送6禮,54折,7761,199,195,195,4,否,2.0
2026/08/15,00:00,15333726,GJS 金敬順黃金9999金條 雙雙對對 二錢 多選款(金重:2.00錢),GJS 金敬順黃金9999金條 雙雙對對 二錢 多選款(金重:2.00錢),9折,37088,50,47,47,3,否,6.0
2026/08/15,00:00,15542980,石頭科技,F25 Ultra Steam Gen2臂蒸之帝洗地機,44折,17999,50,48,48,2,否,4.0
2026/08/15,00:00,14500395,LARGAN,大立美 關健立克10盒,45折,6799,103,101,101,2,否,1.9
2026/08/15,07:00,13148058,PH9.0,鹼性離子水800mlx3箱(共60入;官方直營)+登記贈100mo點,63折,1068,284,262,233,51,否,18.0
2026/08/15,07:00,14175117,法國皇家,泌尿保健貓飼料10KG,68折,2899,396,375,349,47,否,11.9
2026/08/15,07:00,13344416,資生堂國際櫃,百優乳霜75mlx2入,35折,2577,249,228,205,44,否,17.7
2026/08/15,07:00,14042713,理膚寶水,清透亮顏防曬瑰蜜霜,42折,1524,200,181,160,40,否,20.0
2026/08/15,07:00,15088108,BLUE WAY,男女款短袖T恤-多款任選,4折,599,450,439,411,39,否,8.7
2026/08/15,07:00,7467734,幸美生技,加拿大冷凍野生藍莓2kg(農殘/重金屬檢驗通過),56折,999,500,488,465,35,否,7.0
2026/08/15,07:00,5642941,橘子工坊,制菌洗衣精6包,58折,1099,497,483,463,34,否,6.8
2026/08/15,07:00,11074315,妮維雅,精華凝乳任選3入,41折,629,500,483,467,33,否,6.6
2026/08/15,07:00,12723306,小米官方旗艦館,無線吸塵器G20Lite,8折,2411,74,59,47,27,否,36.5
2026/08/15,07:00,8133411,大研生醫,德國頂級魚油3入組(60粒/入.陳美鳳&權威醫生共同推薦),37折,2499,150,139,125,25,否,16.7
2026/08/15,07:00,4933348,壽滿趣,廚神頂級冷壓初榨黃金酪梨油250mlx6(可生飲/低溫冷壓),61折,1999,108,93,84,24,否,22.2
2026/08/15,07:00,9596499,Oral-B 歐樂B,PRO3 3D電動牙刷+送兩年份刷頭,43折,2111,149,137,126,23,否,15.4
2026/08/15,07:00,14148533,Arowana 亞諾納,二代全新升級獨家★25+29吋小資森活 ｜上開＋對開兩用大容量行李箱,31折,2999,198,191,179,19,否,9.6
2026/08/15,07:00,9509497,滿意寶寶,瞬潔乾爽輕巧褲L-XXL(任選2箱組),66折,2338,499,493,481,18,否,3.6
2026/08/15,07:00,14434857,摩洛哥優油買100送200ml,摩洛哥優油買100送200ml,34折,1799,200,192,183,17,否,8.5
2026/08/15,07:00,12019044,TOZO,OpenBuds降噪開放式AI藍芽耳機,53折,1290,176,170,159,17,否,9.7
2026/08/15,07:00,14285033,LEGO 樂高,Ideas 21358 人偶扭蛋機,65折,3999,44,40,30,14,否,31.8
2026/08/15,07:00,9195928,京美,5件組 健康超抗菌推薦 竹炭銀纖維提臀機能內褲(下單送船型襪),58折,1888,151,146,138,13,否,8.6
2026/08/15,07:00,15114908,Philips 飛利浦,S5880 AI智能電鬍刀,64折,3680,200,195,192,8,否,4.0
2026/08/15,07:00,15441654,蘭蔻,頂級醫學美容凝時精華50ml,66折,7500,50,48,42,8,否,16.0
2026/08/15,07:00,13604421,3M,無痕高承重304不鏽鋼收納架-任選,76折,1899,79,77,71,8,否,10.1
2026/08/15,07:00,11500082,聲寶,425L一級變頻冰箱,77折,16500,12,8,6,6,否,50.0
2026/08/15,07:00,12608515,ASUS 華碩,Zenfone 11 Ultra 5G 6.78吋(12G/256G/高通驍龍8 Gen3/5000萬鏡頭畫素/AI手機),74折,17777,30,30,25,5,否,16.7
2026/08/15,07:00,15498728,WMF,MINI 不鏽鋼平煎鍋 18cm,71折,1499,37,35,32,5,否,13.5
2026/08/15,07:00,15175989,營養師輕食,台灣01益生菌 5入組(一入30包),65折,6595,300,296,295,5,否,1.7
2026/08/15,07:00,14359839,BURTLE 巴特雷,涼感風扇空調服背心含電池,84折,8490,32,32,29,3,否,9.4
2026/08/15,07:00,10656861,櫻花,16L四季溫智能熱水器,9折,17640,50,48,48,2,否,4.0
2026/08/15,07:00,15182452,MSI 微星,27型 VA 2K 180Hz 曲面電競螢幕,83折,4190,30,28,28,2,否,6.7
2026/08/15,07:00,15119015,樂敦,V游離型葉黃素複方軟膠囊 120粒*2入,77折,2799,150,149,149,1,否,0.7
2026/08/15,07:00,10843504,SCANDINAVIAN FOREST 北歐小刺蝟,休閒鞋 / 老爹鞋 / 增高鞋 / 厚底鞋 / 麵包鞋 / 抗震跑鞋 / 女鞋(多款任選),76折,1980,100,100,99,1,否,1.0
2026/08/15,07:00,15162670,TAKARA TOMY,BEYBLADE X 戰鬥陀螺X UX-15 鮫鯊狂鱗改造組,99折,795,0,0,0,0,是,0.0
2026/08/15,07:00,15055635,聲寶,3坪一級變頻冷暖空調,76折,15900,20,20,20,0,否,0.0
2026/08/15,07:00,15491296,麥當勞,大麥克+勁辣雞腿堡+麥克雞塊(6塊)+中薯*2+中可*2,69折,299,1,915,628,0,否,0.0
2026/08/15,11:00,15039439,肯德基,咔啦脆雞5塊+原味蛋撻禮盒(6入),52折,339,893,616,456,437,否,48.9
2026/08/15,11:00,12922480,萬歲牌,天天堅果隨手包系列2件組(量販袋),77折,1068,500,470,439,61,否,12.2
2026/08/15,11:00,13704397,湛盧咖啡,經典綜合濾掛咖啡2盒(共72包;中焙/深焙任選),74折,1199,249,230,203,46,否,18.5
2026/08/15,11:00,14401282,日本MEDfine呀保樂固齒護齦5盒組,日本MEDfine呀保樂固齒護齦5盒組,2折,2425,218,190,184,34,否,15.6
2026/08/15,11:00,15248937,雅詩蘭黛,小棕瓶100ml買1送1(國際航空版),25折,4011,199,180,167,32,否,16.1
2026/08/15,11:00,12928521,adidas 愛迪達,DURAMO RC 跑鞋 精選運動鞋 慢跑鞋 男鞋/女鞋 多款任選,47折,1090,199,180,167,32,否,16.1
2026/08/15,11:00,4204214,妙管家,抗菌洗衣精8瓶,5折,799,499,480,469,30,否,6.0
2026/08/15,11:00,12608285,大同,10人份不鏽鋼電鍋光耀藍,7折,2740,97,82,69,28,否,28.9
2026/08/15,11:00,15580936,日麗生,桐葉豐盈養髮液超值3入組,6折,2685,247,235,225,22,否,8.9
2026/08/15,11:00,12177159,FL 生活+,掀蓋收納箱系列,37折,2399,200,180,178,22,否,11.0
2026/08/15,11:00,13892968,WEDGWOOD,英倫寢具天絲床包枕套組,23折,1999,88,71,66,22,否,25.0
2026/08/15,11:00,15111393,【麥雪爾萊賽爾親膚寬褲 (多色選),【麥雪爾萊賽爾親膚寬褲 (多色選),37折,1280,235,222,218,17,否,7.2
2026/08/15,11:00,11387568,雨揚,2026大藏經普渡大法會-全家/團體,48折,3860,85,76,69,16,否,18.8
2026/08/15,11:00,12721647,LG,19KG變頻洗衣機,67折,18888,35,25,20,15,否,42.9
2026/08/15,11:00,14222935,永川牛肉麵,川味牛肉麵6入,74折,999,299,289,285,14,否,4.7
2026/08/15,11:00,9126314,推理冒險小說必讀經典「名偵探福爾摩斯」系列（全套五冊）,推理冒險小說必讀經典「名偵探福爾摩斯」系列（全套五冊）,55折,970,70,64,59,11,否,15.7
2026/08/15,11:00,11575124,達摩本草,專利山苦瓜胜月太6入(共540顆),41折,4950,100,94,89,11,否,11.0
2026/08/15,11:00,15401562,契爾氏,RHC+膠原快充精華30ml,77折,2400,125,119,114,11,否,8.8
2026/08/15,11:00,14553162,Haier 海爾,全新升級!R9 Plus高溫蒸氣織物清洗機+廚衛清潔組,57折,3988,99,93,89,10,否,10.1
2026/08/15,11:00,13054244,CF Diamond,七夕情人節｜2026新品上市｜momo獨家 (生日 禮物 1克拉 項鍊 戒指 耳環 手鍊 莫桑鑽 培育鑽),3折,1911,80,77,71,9,否,11.2
2026/08/15,11:00,15488735,禾聯,6公升除濕機 HDH-12PS010,55折,3890,80,78,72,8,否,10.0
2026/08/15,11:00,14268000,TCL,55型 4K QD Mini LED 高區控光量子智慧TV,64折,21900,7,0,0,7,是,100.0
2026/08/15,11:00,6349347,亞培,倍力素腫瘤癌症專用即飲配方220ml x24入,83折,5475,8,4,2,6,否,75.0
2026/08/15,11:00,14857233,Logitech G,PRO X 2 SUPERSTRIKE 無線類比滑鼠,94折,4890,80,75,74,6,否,7.5
2026/08/15,11:00,13756874,ROLAND 樂蘭,FP-30X 便攜式88鍵數位鋼琴全套組,64折,22699,4,1,0,4,是,100.0
2026/08/15,11:00,15388125,今生金飾,網路獨賣-黃金胖福袋串珠/手繩；多款任選,7折,2088,139,138,136,3,否,2.2
2026/08/15,11:00,15352987,dyson,V10強勁雙錐無纏結吸塵器,88折,14900,150,149,148,2,否,1.3
2026/08/15,11:00,14510960,FJ 豐傑生醫,大豆異黃酮+紅花苜蓿-30顆/袋x5入(熟齡女性調理ｘ營養補給),71折,1850,100,98,98,2,否,2.0
2026/08/15,11:00,15035109,Samsung 三星,Galaxy Tab A11+ 11吋 6G/128G Wifi X230 平板電腦,79折,7990,100,98,98,2,否,2.0
2026/08/15,11:00,13528252,Sofy蘇菲,超熟睡/超日安褲型衛生棉箱購,36折,725,1,1,1,0,否,0.0
2026/08/15,11:00,10777034,聖萊西,金貓罐170g*24入,44折,829,1,978,963,0,否,0.0
2026/08/15,11:00,14723795,ASUS,24型i5 AIO★企業採購首選,76折,19990,0,0,0,0,是,0.0
2026/08/15,14:00,14391275,新東陽,豬肉鬆3入,74折,549,520,470,423,97,否,18.7
2026/08/15,14:00,11928914,舒主金,加蓋純水濕巾36包,5折,711,397,351,304,93,否,23.4
2026/08/15,14:00,2471656,雅聞倍優,玫瑰洗卸慕絲4入,18折,659,497,460,432,65,否,13.1
2026/08/15,14:00,4811545,亞大T8銀耳,冰糖原味白木耳露150gx24入/箱,49折,1188,300,268,236,64,否,21.3
2026/08/15,14:00,12842836,葛瑪蘭之星飯店,星苑餐廳★2人早午餐吃到飽(假日不加價),78折,998,350,308,295,55,否,15.7
2026/08/15,14:00,14427150,BRITA,MAXTRA PRO濾芯-純淨全效型(6入裝),47折,999,98,71,54,44,否,44.9
2026/08/15,14:00,15513221,FILA,爆款男女運動鞋 慢跑鞋 休閒鞋 (多款任選),33折,899,350,324,306,44,否,12.6
2026/08/15,14:00,10332074,Astonish 英國潔,銷破百億瓶!全方位清潔3入組,37折,699,500,470,458,42,否,8.4
2026/08/15,14:00,12746710,巴黎卡詩,黑鑽髮膜買200送210ml,42折,2740,150,138,124,26,否,17.3
2026/08/15,14:00,10593568,Aesop,手部清潔露 500ml,81折,1099,275,264,254,21,否,7.6
2026/08/15,14:00,9929266,m2 美度,超能膠原飲8盒囤貨組(64入),37折,5080,498,486,479,19,否,3.8
2026/08/15,14:00,14581237,NIKE,P-6000 復古休閒鞋(多款選),47折,1799,200,190,186,14,否,7.0
2026/08/15,14:00,13786270,巧克力雲莊,脆條14入任選2盒組,72折,505,194,183,181,13,否,6.7
2026/08/15,14:00,10704944,禾聯,10KG直立洗衣機,5折,6499,60,53,50,10,否,16.7
2026/08/15,14:00,14574912,TIGER 虎牌momo獨家 買1送1 彈蓋雙層不鏽鋼保溫瓶 800ml(MTA-J080輕量手提保溫杯),TIGER 虎牌momo獨家 買1送1 彈蓋雙層不鏽鋼保溫瓶 800ml(MTA-J080輕量手提保溫杯),31折,1888,150,144,141,9,否,6.0
2026/08/15,14:00,15491007,WMF,義大利製 Ceradur Plus 天然陶瓷不沾深煎鍋(28cm)萬用鍋,35折,2999,28,21,20,8,否,28.6
2026/08/15,14:00,15336298,Shark,TF200 3D雙氣流無葉風扇,8折,7990,37,32,29,8,否,21.6
2026/08/15,14:00,12963341,TECO 東元,綠光顯塵無線吸塵器XJ2501CB,52折,2599,99,95,91,8,否,8.1
2026/08/15,14:00,14155319,CROSS,xZENDAR買一送一好禮★新品 專櫃頂級小牛皮 肩背包 斜背包 (男女中性包),0.4折,2988,188,186,180,8,否,4.3
2026/08/15,14:00,7704453,Nutram 紐頓,無穀專業理想貓糧5.4kg,56折,1499,92,88,85,7,否,7.6
2026/08/15,14:00,15027125,SPORTS RESEARCH,Omega-3 濃縮魚油 1250mg 150粒,84折,1699,200,195,194,6,否,3.0
2026/08/15,14:00,14130265,東方不敗,折疊電動麻將桌-臥虎藏龍(贈到府安裝+保固+配件),57折,19999,20,17,15,5,否,25.0
2026/08/15,14:00,14991526,dyson,HJ10噴射氣流空氣清淨機,73折,10900,55,53,50,5,否,9.1
2026/08/15,14:00,15553458,soundcore,P41i 二合一行動電源降噪藍牙耳機,61折,1790,149,145,144,5,否,3.4
2026/08/15,14:00,14387367,飛利浦,冰溫熱瞬熱RO飲水機,47折,11900,30,28,27,3,否,10.0
2026/08/15,14:00,13940001,STAUB,圓形鑄鐵鍋10cm雙鍋組,61折,4499,70,68,68,2,否,2.9
2026/08/15,14:00,15256718,華碩,16吋i5商用16G/W11P,93折,27999,50,50,49,1,否,2.0
2026/08/15,14:00,15557330,Google,Pixel 11 5G 6.3吋(12G/256G),89折,29990,50,50,50,0,否,0.0
2026/08/15,18:00,15039734,王品集團,西堤牛排經典套餐,94折,729,448,349,300,148,否,33.0
2026/08/15,18:00,10019468,朵舒,棉仔紙超厚柔150抽x84包,46折,829,499,442,377,122,否,24.4
2026/08/15,18:00,6453343,NISSIN 日清,咚兵衛油豆腐烏龍麵95g*12碗,61折,699,384,331,290,94,否,24.5
2026/08/15,18:00,14217313,OLAY,水光小白瓶30ml-2入,57折,1379,298,266,242,56,否,18.8
2026/08/15,18:00,5635825,TAKUMI,匠 日製岩紋鐵炒鍋28cm,29折,899,189,176,160,29,否,15.3
2026/08/15,18:00,14580680,agnes b.,超大牌限定↘Sport b. logo短袖T恤(多款),4折,1200,125,119,99,26,否,20.8
2026/08/15,18:00,14873420,ONEHOUSE丹邁多輪防水收納登機包,ONEHOUSE丹邁多輪防水收納登機包,31折,888,285,272,260,25,否,8.8
2026/08/15,18:00,11515499,Diptyque,淡香精75ml,64折,4199,148,146,125,23,否,15.5
2026/08/15,18:00,15094850,水魔素,木薯豆腐砂7L*6包,53折,899,225,221,203,22,否,9.8
2026/08/15,18:00,11424524,妙妙熊,平紋棉柔巾10盒組,52折,529,300,292,280,20,否,6.7
2026/08/15,18:00,13159317,獅王,固齒佳酵素牙膏10入,35折,749,420,412,402,18,否,4.3
2026/08/15,18:00,9418416,BLACKMORES 澳佳寶,迷你濃縮魚油 3入,62折,3199,200,193,183,17,否,8.5
2026/08/15,18:00,6686848,HERAN 禾聯,無線手持吸塵器HVC-23E6B,47折,2699,98,91,82,16,否,16.3
2026/08/15,18:00,11071919,百靈油,100ML*2+滾珠空瓶*1共200ML,91折,3311,300,285,284,16,否,5.3
2026/08/15,18:00,14996149,mo select,雙面蓋可水洗極凍涼感被,34折,688,150,147,138,12,否,8.0
2026/08/15,18:00,14977973,杏輝醫藥,蓉憶記膠囊3入+白沙屯外出隨身藥盒,56折,5980,59,53,48,11,否,18.6
2026/08/15,18:00,15077437,dyson,Ai掃拖機器人(熱活水洗地),87折,21900,100,95,92,8,否,8.0
2026/08/15,18:00,12292295,台灣三洋,18KG變頻洗衣機,86折,16900,38,32,31,7,否,18.4
2026/08/15,18:00,15538817,Gelovery 愷達生醫,鱸魚得水鱸魚精15包,7折,1180,270,270,264,6,否,2.2
2026/08/15,18:00,13744704,東芝,65型QLED Google TV,45折,17999,23,19,18,5,否,21.7
2026/08/15,18:00,15404240,海爾,218L一級冰箱,72折,9999,30,28,26,4,否,13.3
2026/08/15,18:00,15059139,Lenovo,14吋Ultra 9 H版輕薄AI筆電,71折,32990,24,22,20,4,否,16.7
2026/08/15,18:00,14693549,NIKE 耐吉,ACG PEGASUS TRAIL 小飛馬 GTX ACG 越野鞋 慢跑鞋,48折,2599,150,149,146,4,否,2.7
2026/08/15,18:00,15227107,PP 石墨烯,石墨烯粒線修復女內褲4件,33折,3688,88,87,86,2,否,2.3
2026/08/15,18:00,14450650,Apple,iPhone 17 Pro Max(256G/6.9吋)(20W口袋快充行電組),95折,43400,50,50,50,0,否,0.0
2026/08/15,18:00,15530093,中保防災科技,鋰電池滅火噴霧,84折,2188,50,50,50,0,否,0.0
2026/08/15,22:00,15039439,肯德基,咔啦脆雞5塊+原味蛋撻禮盒(6入),52折,339,896,798,715,181,否,20.2
2026/08/15,22:00,6938933,海之醇,智利鮭魚輪切8片組,28折,799,399,330,297,102,否,25.6
2026/08/15,22:00,15039734,王品集團,西堤牛排經典套餐,94折,729,450,401,377,73,否,16.2
2026/08/15,22:00,8037995,倍潔雅,花漾柔感150抽x84包,5折,849,500,478,457,43,否,8.6
2026/08/15,22:00,9566370,蘭芝,Neo雙效柔霧/水光氣墊(1盒2蕊),52折,990,248,231,218,30,否,12.1
2026/08/15,22:00,14427150,BRITA,MAXTRA PRO濾芯-純淨全效型(6入裝),47折,999,100,87,73,27,否,27.0
2026/08/15,22:00,13683504,伊萊克斯,超級完美管家吸塵器HEPA進化版,27折,2990,200,182,174,26,否,13.0
2026/08/15,22:00,10418726,發現茶,兒茶素綠茶3盒/綠原酸咖啡綠茶3盒,4折,1011,349,336,326,23,否,6.6
2026/08/15,22:00,12746710,巴黎卡詩,黑鑽髮膜買200送210ml,42折,2740,150,145,134,16,否,10.7
2026/08/15,22:00,12787780,德國Emma,日式折疊床墊-單人,61折,3999,97,87,82,15,否,15.5
2026/08/15,22:00,9209113,三得利,蜜得絲多效極妍鎖濕菁華2入,74折,4799,65,56,51,14,否,21.5
2026/08/15,22:00,8133411,大研生醫,德國頂級魚油3入組(60粒/入.陳美鳳&權威醫生共同推薦),37折,2499,150,144,138,12,否,8.0
2026/08/15,22:00,13313256,雅詩蘭黛,膠原霜50mlx2,5折,4000,49,41,38,11,否,22.4
2026/08/15,22:00,9929266,m2 美度,超能膠原飲8盒囤貨組(64入),37折,5080,499,495,489,10,否,2.0
2026/08/15,22:00,14407435,歌林,16公斤洗衣機,66折,9888,36,29,26,10,否,27.8
2026/08/15,22:00,11515499,Diptyque,淡香精75ml,64折,4199,150,145,141,9,否,6.0
2026/08/15,22:00,8013804,飛利浦,全自動義式咖啡機,28折,9999,99,92,91,8,否,8.1
2026/08/15,22:00,15580936,日麗生,桐葉豐盈養髮液超值3入組,6折,2685,206,202,198,8,否,3.9
2026/08/15,22:00,10962635,OMRON 歐姆龍,電子體重計/四點式體脂計 HBF-371(銀色),53折,2799,89,86,81,8,否,9.0
2026/08/15,22:00,11928897,Greenies健綠,原味狗潔牙骨27oz*2入,48折,1458,500,497,492,8,否,1.6
2026/08/15,22:00,8426761,ON 歐恩,金牌乳清蛋白5磅(多口味可選),81折,3249,148,144,141,7,否,4.7
2026/08/15,22:00,15230014,石頭科技,F25 RT GEN 2小白鯊零纏繞洗地機,41折,6999,48,45,42,6,否,12.5
2026/08/15,22:00,14283174,Philips 飛利浦,FIT3102B 飛利浦智發電訓練車-小金鹿,56折,11800,10,8,7,3,否,30.0
2026/08/15,22:00,15132070,Apple,15吋 M5(16G/512G),97折,48403,10,7,7,3,否,30.0
2026/08/15,22:00,11319645,ELPHECO,不鏽鋼雙開除臭感應垃圾桶30L,49折,2490,42,41,39,3,否,7.1
2026/08/15,22:00,14928146,夏普,457L左右開五門一級冰箱,74折,39900,50,48,48,2,否,4.0
2026/08/15,22:00,9292116,GIANT,EA402 都會親子電動自行車(2027),93折,34388,6,6,5,1,否,16.7
2026/08/15,22:00,15553788,Google,Pixel 11 Pro 5G 6.3吋(16G/512G),91折,40990,50,50,49,1,否,2.0
2026/08/15,22:00,12475030,LOJEL,CUBO FIT 29.5吋 前開式擴充拉鍊拉桿箱(行李箱 旅行箱 胖胖箱),89折,13288,49,48,48,1,否,2.0
2026/08/15,22:00,13094241,Herman Miller,Aeron2.0人體工學椅,62折,24888,3,2,2,1,否,33.3
2026/08/15,22:00,15103194,石頭科技,Saros 20 Sonic聲波騎士掃拖機,52折,34980,49,48,48,1,否,2.0
2026/08/15,22:00,15491296,麥當勞,大麥克+勁辣雞腿堡+麥克雞塊(6塊)+中薯*2+中可*2,69折,299,1,983,874,0,否,0.0
2026/08/15,22:00,15333726,GJS 金敬順黃金9999金條 雙雙對對 二錢 多選款(金重:2.00錢),GJS 金敬順黃金9999金條 雙雙對對 二錢 多選款(金重:2.00錢),9折,37088,34,34,34,0,否,0.0
2026/08/15,22:00,15137220,華碩,16吋Core 7效能RTX3050,94折,33999,49,49,49,0,否,0.0
2026/08/15,22:00,15221856,MAJOR MADE,立體格紋防潑水斜背包(機能包/休閒包/斜背包),77折,840,2,2,2,0,否,0.0
2026/08/16,00:00,10362698,花王,NEW柔舒蒸氣眼罩72入,55折,1299,242,178,163,79,否,32.6
2026/08/16,00:00,8531746,朵舒,momoco舒適柔韌150抽x80包,47折,799,498,455,440,58,否,11.6
2026/08/16,00:00,7857623,pidan,豆腐貓砂*4包入,66折,525,499,448,442,57,否,11.4
2026/08/16,00:00,14457766,K.W.,三宅風輕褶衣洋裝(多款任選),33折,699,368,321,312,56,否,15.2
2026/08/16,00:00,12572924,德國雙人,蝦粉色筷子6雙,25折,499,498,461,446,52,否,10.4
2026/08/16,00:00,14951759,理膚寶水,MELA B3 淡斑精華,36折,3865,200,163,154,46,否,23.0
2026/08/16,00:00,15563768,Janod,磁鐵遊戲書(22款可選),64折,499,300,282,265,35,否,11.7
2026/08/16,00:00,15461237,海之醇,2630無膨發剖背蝦仁2包組,47折,999,310,284,280,30,否,9.7
2026/08/16,00:00,8043545,TIGER 虎牌,買1送1 彈蓋雙層不鏽鋼保溫瓶 500ml(MCT-T050 真空保溫杯/保冰隨行杯),29折,999,150,132,121,29,否,19.3
2026/08/16,00:00,11045444,滿意寶寶,寶可夢晚安褲L-XXXL,87折,1099,500,482,474,26,否,5.2
2026/08/16,00:00,13785659,國際牌,奈米水離子吹風機-迷霧金(WNA9M),7折,4290,69,47,43,26,否,37.7
2026/08/16,00:00,12249079,3ZeBra 三隻斑馬,好肩力｜斜方肌肩頸按摩器,67折,1999,148,130,124,24,否,16.2
2026/08/16,00:00,8811379,國際牌,485公升一級變頻冰箱,77折,20888,45,27,25,20,否,44.4
2026/08/16,00:00,10227181,鍋寶,316不鏽鋼深炒鍋30cm-含蓋,34折,1199,254,237,234,20,否,7.9
2026/08/16,00:00,7389662,大研生醫,視易適葉黃素3入組(30粒/入)-添加蝦紅素.智利酒果.山桑子,41折,2488,150,135,132,18,否,12.0
2026/08/16,00:00,14107176,DR.WU,角鯊潤澤修復精華油3入,5折,3000,99,83,81,18,否,18.2
2026/08/16,00:00,14848566,24HRS,4件組★經典療癒色無痕內衣,55折,1520,500,488,486,14,否,2.8
2026/08/16,00:00,8054614,LG,PuriCare 360°寵物清淨機二代-單層,65折,16900,49,41,38,11,否,22.4
2026/08/16,00:00,15524992,Olitalia 奧利塔,純橄欖油禮盒組6+1瓶,75折,2988,110,101,101,9,否,8.2
2026/08/16,00:00,14472840,礁溪葛瑪蘭之星,雙人一泊二食/四人日式家庭房含早(享房內泡湯),54折,5980,85,80,77,8,否,9.4
2026/08/16,00:00,4892335,統一LP33,健字號益生菌膠囊30顆*10盒,57折,6888,59,53,53,6,否,10.2
2026/08/16,00:00,11593256,日立,4-5坪一級變頻冷暖空調,77折,23590,10,8,4,6,否,60.0
2026/08/16,00:00,14498509,國際牌,65型 4K Google 智慧TV,77折,20888,28,25,23,5,否,17.9
2026/08/16,00:00,15019973,法之羽,黑燦養髮液2入組(升級版),48折,3880,140,136,135,5,否,3.6
2026/08/16,00:00,10057261,SEAGATE 希捷,One Touch 1TB外接式行動硬碟,62折,2499,30,26,26,4,否,13.3
2026/08/16,00:00,15475571,Samsung 三星,Galaxy A37 5G 6.7吋(8G/256G/Exyno1480/5000萬鏡頭畫素),66折,11890,128,125,125,3,否,2.3
2026/08/16,00:00,15316795,GOYARD 高雅德,St. Louis PM 中款 磁吸扣帆布肩背托特包(多色),66折,62888,5,4,2,3,否,60.0
2026/08/16,00:00,14195271,營養師輕食,雙苦瓜胜肽膠囊 6入組(一瓶90顆),49折,4975,125,123,122,3,否,2.4
2026/08/16,00:00,14464215,Apple,Apple Watch S11 GPS 46mm,93折,13388,15,14,14,1,否,6.7
2026/08/16,00:00,10444586,eminent 萬國通路,官方旗艦館 - 28吋前開式行李箱/上掀式可擴充防爆拉鍊箱 KK50-2(多色任選),79折,8688,200,200,200,0,否,0.0
2026/08/16,07:00,13623634,義美,原味保久乳125mlx3箱(共72入),69折,749,334,305,223,111,否,33.2
2026/08/16,07:00,14165404,SUNS,抗UV400外掛式折疊墨鏡/太陽眼鏡/套鏡；多款任選,74折,448,799,769,729,70,否,8.8
2026/08/16,07:00,14376139,CeraVe,水楊酸潔膚露2入,51折,1048,299,272,230,69,否,23.1
2026/08/16,07:00,13146566,AHC,B5微導玻尿酸保濕精華液,43折,1311,230,208,169,61,否,26.5
2026/08/16,07:00,8169627,統一生機,有機紅棗枸杞4包,55折,599,294,277,240,54,否,18.4
2026/08/16,07:00,9258336,雅漾,活泉水噴霧5入,42折,1388,400,376,349,51,否,12.8
2026/08/16,07:00,7690364,特福,爵士系列不沾深平底鍋30CM,38折,699,429,410,388,41,否,9.6
2026/08/16,07:00,12798775,ONEHOUSE藤原折疊巨型收納櫃,ONEHOUSE藤原折疊巨型收納櫃,39折,899,197,179,156,41,否,20.8
2026/08/16,07:00,7851424,MarCella 瑪榭,7件組★無縫抗菌內褲-薄感中高腰,56折,1111,500,483,467,33,否,6.6
2026/08/16,07:00,14951759,理膚寶水,MELA B3 淡斑精華,36折,3865,200,186,172,28,否,14.0
2026/08/16,07:00,15416394,理膚寶水,MELA PRO美白禮盒,39折,2208,300,295,278,22,否,7.3
2026/08/16,07:00,14699580,Gemini 雙星,吸水親膚珊瑚絨大浴巾,67折,699,290,282,271,19,否,6.6
2026/08/16,07:00,13092955,幫寶適,一級幫散熱拉拉褲/黏貼尿布2箱,8折,2298,500,495,482,18,否,3.6
2026/08/16,07:00,13796975,首華,4-5坪一級變頻冷暖空調,46折,13900,20,8,4,16,否,80.0
2026/08/16,07:00,15109584,Philips 飛利浦,HX3826攜帶型電動沖牙機,61折,2890,199,189,183,16,否,8.0
2026/08/16,07:00,8133412,大研生醫,德國頂級魚油5入組(60粒/入.陳美鳳&權威醫生共同推薦),41折,4099,150,143,135,15,否,10.0
2026/08/16,07:00,14591631,dyson,HD16溫控負離子智慧吹風機,65折,10900,150,143,136,14,否,9.3
2026/08/16,07:00,15003965,m2 美度,超能膠原蔓越莓C 四盒組(10入/盒 孫藝珍代言),27折,1080,238,234,224,14,否,5.9
2026/08/16,07:00,15099655,Wacky WiLLY,女款LILY徽章短袖-多色可選,83折,911,238,235,224,14,否,5.9
2026/08/16,07:00,8823488,IQ DOG,聰明狗乾糧 13.5-15KG(任選兩包)(狗飼料),6折,969,215,211,202,13,否,6.0
2026/08/16,07:00,15261820,夜療醫細胞能量冠軍棉柔修復POLO-女2件,夜療醫細胞能量冠軍棉柔修復POLO-女2件,21折,3588,209,199,197,12,否,5.7
2026/08/16,07:00,15506513,巴黎萊雅,水光豐盈洗/護髮素任選3入,75折,949,320,314,311,9,否,2.8
2026/08/16,07:00,12842795,亞培,安素原味 HMB升級配方 60入,82折,4250,200,197,193,7,否,3.5
2026/08/16,07:00,14047679,NIKE,VOMERO 18 慢跑鞋(男女多款),53折,2499,150,147,144,6,否,4.0
2026/08/16,07:00,14729899,資生堂國際櫃,激抗痕ACE眼霜15mL★下單贈250mo點,5折,2590,250,248,244,6,否,2.4
2026/08/16,07:00,15540751,雞湯大叔,雞湯大叔×海瑞摃丸泰度打拋摃丸4包,73折,799,49,47,44,5,否,10.2
2026/08/16,07:00,14247335,SK-II,活膚霜80g送45g,55折,5544,200,198,196,4,否,2.0
2026/08/16,07:00,15346066,MSI 微星,15.6吋i9-14HX RTX5060滿血電競,7折,53999,14,10,10,4,否,28.6
2026/08/16,07:00,14440294,石頭科技,H60強氣旋綠光無線吸塵器,39折,3999,50,48,47,3,否,6.0
2026/08/16,07:00,11468777,3M,L22 三道式濾淨冷熱飲水機,57折,12111,13,12,11,2,否,15.4
2026/08/16,07:00,11300578,Lunio,Helix單人加大乳膠獨立筒床墊,41折,6590,45,44,44,1,否,2.2
2026/08/16,07:00,15489437,DJI,Osmo Nano隨行套裝(128GB) 運動相機/迷你相機｜續航200分｜自帶卡槽(聯強國際貨),95折,10190,20,20,19,1,否,5.0
2026/08/16,07:00,10444586,eminent 萬國通路,官方旗艦館 - 28吋前開式行李箱/上掀式可擴充防爆拉鍊箱 KK50-2(多色任選),79折,8688,200,200,200,0,否,0.0
2026/08/16,07:00,8666029,Sofy蘇菲,彈力貼身衛生棉,39折,459,1,1,1,0,否,0.0
2026/08/16,07:00,15006068,LEGO 樂高,Botanicals 10328 玫瑰花束3入組,65折,3899,46,46,46,0,否,0.0
2026/08/16,07:00,15508710,SwitchBot,智能融蠟燈（APP控制/定時）,83折,1250,80,80,80,0,否,0.0
2026/08/16,07:00,15491288,麥當勞,經典美式咖啡(冰)+吉事蛋堡,65折,55,5,5,5,0,否,0.0
2026/08/16,11:00,15039735,陶板屋,和風洋食套餐(平假日適用),94折,729,497,389,328,169,否,34.0
2026/08/16,11:00,14856095,Sunny Hills 微熱山丘,鳳梨酥禮盒2盒,81折,999,81,45,7,74,否,91.4
2026/08/16,11:00,10950080,台酒生技,黑酵母酒粕青春露5入,28折,1288,250,217,188,62,否,24.8
2026/08/16,11:00,13181402,白蘭,洗衣精獨家囤貨組9/10包,35折,629,500,467,440,60,否,12.0
2026/08/16,11:00,13146566,AHC,B5微導玻尿酸保濕精華液,43折,1311,229,204,173,56,否,24.5
2026/08/16,11:00,14440304,Panasonic國際牌,攜帶型隨手吸塵器,71折,1288,200,175,147,53,否,26.5
2026/08/16,11:00,11833063,BODYLUV,旅行蓮蓬頭+旅行用專業濾芯2入,65折,690,95,69,59,36,否,37.9
2026/08/16,11:00,14116984,IRIS,空氣循環扇PCF-BC15TEC,61折,911,198,181,166,32,否,16.2
2026/08/16,11:00,15352085,ON 歐恩,高效能乳清蛋白4磅(多口味可選),66折,1999,70,57,43,27,否,38.6
2026/08/16,11:00,11911911,大同,10人份電鍋瑰蜜粉,78折,2590,99,87,72,27,否,27.3
2026/08/16,11:00,12724000,貝利達,牙膏75mlx9入組,48折,1299,250,235,223,27,否,10.8
2026/08/16,11:00,14905461,理膚寶水,極效B5彈潤修復精華,35折,3226,200,185,174,26,否,13.0
2026/08/16,11:00,13558264,UCC,即溶咖啡90gx12罐,73折,1388,218,208,193,25,否,11.5
2026/08/16,11:00,10419093,滿意寶寶,極上呵護輕巧褲L-XL(任選2箱組),75折,2878,499,481,476,23,否,4.6
2026/08/16,11:00,13194643,永禎,輕烘培水果乾x5包(口味任選),55折,699,359,349,338,21,否,5.8
2026/08/16,11:00,11924791,KEYWAY聯府,收納箱3入,42折,1089,200,193,182,18,否,9.0
2026/08/16,11:00,7679325,船井生醫,極纖錠獨家增量版4盒(共448顆)+夜孅2袋(共40顆),27折,4499,70,62,53,17,否,24.3
2026/08/16,11:00,15477277,巴黎萊雅,紫熨斗撫紋眼霜2入,63折,1699,179,170,163,16,否,8.9
2026/08/16,11:00,15142207,IENA,簡約細緻雪紡上衣（#6295001#6295002#6295003 網路獨家款、雪紡衫、荷葉邊袖、方領）,36折,980,300,292,285,15,否,5.0
2026/08/16,11:00,15549729,YOMIX 優迷,迪士尼玩具總動員滿電分離器,67折,599,200,196,190,10,否,5.0
2026/08/16,11:00,13224566,m2美度,超能膠原飲100包組,43折,7580,500,498,491,9,否,1.8
2026/08/16,11:00,12742602,聯碩,3-5坪一級變頻冷暖空調,56折,14590,20,15,12,8,否,40.0
2026/08/16,11:00,6957906,京美,長效支撐X型舒緩護膝-買一送一 (共2雙4入),29折,3490,100,97,92,8,否,8.0
2026/08/16,11:00,15325502,瑪恩吉,天然全能貓糧10kg,64折,1750,300,296,292,8,否,2.7
2026/08/16,11:00,13199969,營養師輕食,我的視角葉黃素3入組(一瓶60顆),7折,5040,68,63,63,5,否,7.4
2026/08/16,11:00,14081135,CHANEL 香奈兒,xLouis Vuitton 經典拉鍊扣式零錢包/短夾(多款),81折,25888,20,19,17,3,否,15.0
2026/08/16,11:00,14501524,Panasonic 國際牌,瞬熱式溫水洗淨便座．含基本安裝(DL-PU30TWWS),75折,11999,15,12,12,3,否,20.0
2026/08/16,11:00,12504165,Segway,電動滑板車E2 Pro,68折,15588,20,17,17,3,否,15.0
2026/08/16,11:00,15072387,Apple,2026 iPad Air M4晶片/11吋/WiFi/128G,93折,25088,30,28,27,3,否,10.0
2026/08/16,11:00,14237834,Lenovo,15.3吋i5 H版輕薄筆電,6折,16990,25,25,23,2,否,8.0
2026/08/16,11:00,14832450,商業周刊,商周全方位閱讀一年期+6期,33折,4547,16,14,14,2,否,12.5
2026/08/16,11:00,14016458,法國Staub,迷你鑄鐵鍋＋圓形平煎鍋16cm,26折,3999,8,8,8,0,否,0.0
2026/08/16,14:00,12137812,ARIEL,4D抗菌洗衣球120顆,74折,799,493,360,295,198,否,40.2
2026/08/16,14:00,10019468,朵舒,棉仔紙超厚柔150抽x84包,46折,829,494,430,391,103,否,20.9
2026/08/16,14:00,15062808,彩花蜜,台灣蜂蜜3kg,39折,899,350,298,262,88,否,25.1
2026/08/16,14:00,6911303,優鮮配,中段厚切鮭魚6片(約420g/片),37折,1111,278,228,199,79,否,28.4
2026/08/16,14:00,13623634,義美,原味保久乳125mlx3箱(共72入),69折,749,333,296,258,75,否,22.5
2026/08/16,14:00,14038302,Medimix,草本精油美肌皂30入,11折,799,370,326,295,75,否,20.3
2026/08/16,14:00,14434859,立得清,酒精擦10+4包,54折,899,150,120,94,56,否,37.3
2026/08/16,14:00,12092813,雪之上,全效合一水凝霜3入,55折,2620,120,90,79,41,否,34.2
2026/08/16,14:00,14589513,asics,吸濕排汗運動短袖T恤 (多款選),66折,499,300,276,266,34,否,11.3
2026/08/16,14:00,5083615,Queen Chef,雙鍋四件組30CM(炒鍋+平底鍋),17折,888,332,316,299,33,否,9.9
2026/08/16,14:00,15331327,BRITA,MAXTRA Pro Pure Performance 濾水壺 純淨全效型濾芯 (5+1裝) 6入-歐洲製(原裝平輸),59折,1183,147,132,121,26,否,17.7
2026/08/16,14:00,15185263,MIRAE 未來美,專業院線韓國PDRN+牛奶外泌體新生精華 120mL霸容量 (精華*1+補充管*7),28折,2780,300,287,275,25,否,8.3
2026/08/16,14:00,13146566,AHC,B5微導玻尿酸保濕精華液,43折,1311,230,218,211,19,否,8.3
2026/08/16,14:00,13247621,禾聯,43型4K HDR Google 智慧聯網TV,79折,7999,34,17,15,19,否,55.9
2026/08/16,14:00,11185254,海霸王,懷念料理極品十人桌菜一桌(假日不加價),7折,3499,90,76,71,19,否,21.1
2026/08/16,14:00,14512162,DR.WU 達爾膚,保濕/緊緻/抗老★角鯊玫瑰果賦活精華油30ML(3入組),5折,3300,200,195,183,17,否,8.5
2026/08/16,14:00,13799375,Simply 新普利,超級夜酵素DX 100顆(x2盒),37折,4180,500,491,484,16,否,3.2
2026/08/16,14:00,14210053,美博士,專業隔離防曬乳4入組,36折,1999,155,146,140,15,否,9.7
2026/08/16,14:00,14395862,Jo Malone,芳醇香水100ml,5折,3988,100,91,87,13,否,13.0
2026/08/16,14:00,12966660,LONGCHAMP,經典原創/刺繡短把尼龍手提水餃包(小/多色選),85折,3688,100,93,88,12,否,12.0
2026/08/16,14:00,15131667,Wacoal 華歌爾,華歌爾x莎薇 2件組 美胸、運動、無鋼圈內衣(多款任選),28折,1088,199,190,189,10,否,5.0
2026/08/16,14:00,14639455,Apple,iPhone 17 Pro(256G/6.3吋)(45W雙孔閃充組),94折,38400,50,47,40,10,否,20.0
2026/08/16,14:00,12893496,大研生醫,高濃度兒童魚油咀嚼片4入組(30片/盒),38折,2330,56,52,46,10,否,17.9
2026/08/16,14:00,14611949,eminent 萬國通路,官方旗艦館 - 28吋 UNIVO 上掀式溜冰輪防爆拉鍊箱 KK98(共四色),7折,7711,83,76,73,10,否,12.0
2026/08/16,14:00,11690134,國際牌,17公斤變頻洗衣機,74折,17888,70,64,62,8,否,11.4
2026/08/16,14:00,12836521,日立,7-9坪一級變頻冷暖空調,74折,34590,8,3,1,7,否,87.5
2026/08/16,14:00,8054614,LG,PuriCare 360°寵物清淨機二代-單層,65折,16900,50,48,44,6,否,12.0
2026/08/16,14:00,14752389,Marshall,Stockwell II攜帶式藍牙喇叭 公司貨(古銅黑),62折,4999,60,56,54,6,否,10.0
2026/08/16,14:00,13928737,BGYM 比勁,DD01超慢跑律動走步機,57折,8599,40,39,36,4,否,10.0
2026/08/16,14:00,15305409,Georg Jensen 喬治傑生,精選銀飾均一價 項鍊/耳環(多款選),7折,7777,29,25,25,4,否,13.8
2026/08/16,14:00,14590065,三星,55型 Neo QLED智慧TV,79折,23900,27,24,23,4,否,14.8
2026/08/16,14:00,15553789,Google,Pixel 11 Pro XL 5G 6.8吋(12G/256G/Tensor G6+Titan M3安全晶片/5000萬鏡頭畫素/AI手機),99折,42990,100,100,97,3,否,3.0
2026/08/16,14:00,13864289,Panasonic國際牌,大吸力無線吸塵器MC-SB33J-W,77折,6988,50,49,47,3,否,6.0
2026/08/16,14:00,14562713,DELL,15.6吋i7輕薄高效文書,91折,23688,5,4,4,1,否,20.0
2026/08/16,14:00,14720460,DIKE,6公升除濕機 HLE810,46折,3680,43,43,43,0,否,0.0
2026/08/16,14:00,14504452,OASIS,製冰塊瞬冰溫熱淨飲機,5折,9999,30,30,30,0,否,0.0
2026/08/16,18:00,9024179,甜露露,空運華盛頓9.5R櫻桃2kgx1盒,55折,869,495,394,333,162,否,32.7
2026/08/16,18:00,14920754,髮的食譜,洗護髮3入組★全新上市,58折,749,600,561,528,72,否,12.0
2026/08/16,18:00,14109124,mo select,加厚型嬰兒柔濕巾附蓋80抽*24入(台灣製、保濕升級),47折,839,116,88,55,61,否,52.6
2026/08/16,18:00,7763758,包大人,瞬吸防漏 黏貼型紙褲,55折,999,688,670,631,57,否,8.3
2026/08/16,18:00,15106958,未來美,PDRN面膜獨家50片組,25折,1650,200,174,146,54,否,27.0
2026/08/16,18:00,15040578,伊藤園,有機抹茶粉100gX2入組,7折,799,374,357,333,41,否,11.0
2026/08/16,18:00,14148950,Ashley House,移動式不鏽鋼晾曬衣架,27折,1380,110,89,82,28,否,25.5
2026/08/16,18:00,15328953,Folli Follie,(多款任選)氣質百搭錶款,15折,1658,120,108,96,24,否,20.0
2026/08/16,18:00,9927579,Munchee貪貪,機能主食罐24入,55折,999,118,105,101,17,否,14.4
2026/08/16,18:00,15361711,MON’S,慕絲棉沁涼燙鑽牛仔褲 (任選),39折,788,57,46,40,17,否,29.8
2026/08/16,18:00,13333542,象印,日本製6人份微電腦電子鍋,49折,3690,79,71,64,15,否,19.0
2026/08/16,18:00,14587016,WEIDER 威德益生菌x2盒(3gx90包/盒)(美式賣場/益生菌順暢/酵素),WEIDER 威德益生菌x2盒(3gx90包/盒)(美式賣場/益生菌順暢/酵素),81折,1799,180,174,166,14,否,7.8
2026/08/16,18:00,14949515,MUFU,V40S 極光機 雙鏡頭機車行車記錄器 (贈64GB記憶卡),69折,2790,17,11,3,14,否,82.4
2026/08/16,18:00,9316878,京城之霜,60植萃全能乳任選4入,29折,2960,100,94,87,13,否,13.0
2026/08/16,18:00,15491283,蘭蔻,頂級醫學美容凝時精華體驗組,36折,999,299,293,287,12,否,4.0
2026/08/16,18:00,15553788,Google,Pixel 11 Pro 5G 6.3吋(16G/512G),91折,40990,50,45,39,11,否,22.0
2026/08/16,18:00,14032453,Panasonic 國際牌,12公升雙變頻智能除濕機★獨家奶茶色,6折,11999,29,23,19,10,否,34.5
2026/08/16,18:00,13928737,BGYM 比勁,DD01超慢跑律動走步機,57折,8599,40,37,32,8,否,20.0
2026/08/16,18:00,15136049,m2美度,超能膠原加法膠囊 4盒組(30入/盒),53折,3380,107,102,99,8,否,7.5
2026/08/16,18:00,15542980,石頭科技,F25 Ultra Steam Gen2臂蒸之帝洗地機,44折,17999,49,48,44,5,否,10.2
2026/08/16,18:00,14921076,華碩,14吋Core 7輕薄16G,95折,23999,48,45,43,5,否,10.4
2026/08/16,18:00,15017413,國際牌,2-3坪 一級變頻冷氣,85折,18999,20,17,17,3,否,15.0
2026/08/16,18:00,14658588,IHouse,雙人5尺收納床架三抽靠牆款,44折,4980,40,39,37,3,否,7.5
2026/08/16,18:00,11300579,Lunio,Helix雙人乳膠獨立筒床墊,39折,7890,40,40,37,3,否,7.5
2026/08/16,18:00,15491298,麥當勞,麥克雞塊 (10塊)+薯條(大)+可樂(中),7折,149,2,1,1,1,否,50.0
2026/08/16,22:00,10889088,台酒生技,酒粕精粹青春露5入,33折,1018,249,159,17,232,否,93.2
2026/08/16,22:00,8047529,寶拉珍選,2%水楊酸身體乳3入,61折,1990,396,313,282,114,否,28.8
2026/08/16,22:00,12137812,ARIEL,4D抗菌洗衣球120顆,74折,799,497,439,399,98,否,19.7
2026/08/16,22:00,14967318,MEDITHERAPY,玻尿酸精華,29折,959,311,265,228,83,否,26.7
2026/08/16,22:00,10362698,花王,NEW柔舒蒸氣眼罩72入,55折,1299,250,220,191,59,否,23.6
2026/08/16,22:00,9258336,雅漾,活泉水噴霧5入,42折,1388,398,378,357,41,否,10.3
2026/08/16,22:00,15565296,PowerSync 群加,7開6插防雷擊延長線1.8M,5折,699,77,48,37,40,否,51.9
2026/08/16,22:00,14434857,摩洛哥優油買100送200ml,摩洛哥優油買100送200ml,34折,1799,197,177,159,38,否,19.3
2026/08/16,22:00,14038302,Medimix,草本精油美肌皂30入,11折,799,370,345,333,37,否,10.0
2026/08/16,22:00,15457201,THE VEGAN 樂維根,經典植物優蛋白 2入組 1KG/袋,6折,1299,449,430,414,35,否,7.8
2026/08/16,22:00,14376137,CeraVe 適樂膚,一日限定★長效清爽保濕乳 買2送10(臉部身體乳液/張凌赫同款),59折,1138,314,300,283,31,否,9.9
2026/08/16,22:00,15039735,陶板屋,和風洋食套餐(平假日適用),94折,729,500,487,470,30,否,6.0
2026/08/16,22:00,15077943,Branden,SAFEPLUS輕量安心防盜側背包,78折,1688,131,119,102,29,否,22.1
2026/08/16,22:00,14951759,理膚寶水,MELA B3 淡斑精華,36折,3865,199,190,172,27,否,13.6
2026/08/16,22:00,13092955,幫寶適,一級幫散熱拉拉褲/黏貼尿布2箱,8折,2298,499,486,477,22,否,4.4
2026/08/16,22:00,11331449,蒂巴蕾,贈80mo★ 6件組-桑蠶絲無痕抗菌內褲,59折,718,499,489,479,20,否,4.0
2026/08/16,22:00,13347369,歐舒丹,草本洗髮/潤髮乳500ml,49折,1490,198,188,179,19,否,9.6
2026/08/16,22:00,6043985,盛香珍,豐葵香瓜子3kg量販包,41折,619,431,425,412,19,否,4.4
2026/08/16,22:00,13120348,成長天地,100cm桌面 兒童書桌椅,56折,7777,59,55,45,14,否,23.7
2026/08/16,22:00,12584101,德國雙人,Enjoy不沾鍋湯鍋20cm附玻璃蓋,3折,999,300,293,288,12,否,4.0
2026/08/16,22:00,14954320,Simply 新普利,晚美入睡夜酵凍(50入/盒)(x2盒),4折,1980,162,151,150,12,否,7.4
2026/08/16,22:00,8905185,大成,常溫慢熬雞精25入+唐寧茶禮盒,57折,1999,80,72,70,10,否,12.5
2026/08/16,22:00,8106681,國際牌,610公升一級變頻冰箱,77折,30888,39,36,30,9,否,23.1
2026/08/16,22:00,12966660,LONGCHAMP,經典原創/刺繡短把尼龍手提水餃包(小/多色選),85折,3688,100,96,91,9,否,9.0
2026/08/16,22:00,14591631,dyson,HD16溫控負離子智慧吹風機,65折,10900,148,142,140,8,否,5.4
2026/08/16,22:00,14942665,ONEHOUSE格拉斯人體工學電腦椅,ONEHOUSE格拉斯人體工學電腦椅,38折,2999,61,55,54,7,否,11.5
2026/08/16,22:00,10063303,TRUU,酵母潔顏露2入,41折,1899,197,196,191,6,否,3.0
2026/08/16,22:00,7679325,船井生醫,極纖錠獨家增量版4盒(共448顆)+夜孅2袋(共40顆),27折,4499,70,67,65,5,否,7.1
2026/08/16,22:00,15553788,Google,Pixel 11 Pro 5G 6.3吋(16G/512G),91折,40990,50,48,45,5,否,10.0
2026/08/16,22:00,13207382,聲寶,13KG變頻洗衣機,53折,8999,39,37,35,4,否,10.3
2026/08/16,22:00,13267440,國際牌,桌上型自動洗碗機,72折,15900,30,28,27,3,否,10.0
2026/08/16,22:00,15577683,Samsung 三星,Galaxy Z Fold8 (12G/256G),91折,54900,20,19,18,2,否,10.0
2026/08/16,22:00,13896217,福華大飯店聯合住宿紙券,多館通用★溪頭/石門/台北/新竹/台中/高雄/墾丁,82折,3059,155,153,153,2,否,1.3
2026/08/16,22:00,14444535,Apple,iPhone 17(512G/6.3吋),97折,35900,21,21,20,1,否,4.8
2026/08/16,22:00,15506524,Acer,送包鼠★14吋Ultra 5 AI浮光銀,84折,27688,20,20,19,1,否,5.0
2026/08/16,22:00,14811991,Nestle NAN HA 雀巢能恩水解,官方直營 3號部分水解蛋白奶粉6罐,86折,4000,56,56,56,0,否,0.0
2026/08/17,00:00,8037995,倍潔雅,花漾柔感150抽x84包,5折,849,498,438,429,69,否,13.9
2026/08/17,00:00,7177530,ALAI寢飾工場,買1送1 天絲床包枕套組,2折,799,400,349,340,60,否,15.0
2026/08/17,00:00,12273747,NIKE,OFFCOURT 運動拖鞋(男女多款),41折,750,299,261,250,49,否,16.4
2026/08/17,00:00,15247254,JKKWATER,日本名水13℃礦泉水500mlx48入,32折,699,365,325,319,46,否,12.6
2026/08/17,00:00,14633157,金豐盛,經典嫩雞胸12包,74折,599,510,473,465,45,否,8.8
2026/08/17,00:00,11105043,GJS 金敬順黃金9999金條 元寶 金豆 多選款(金重:1.00錢),GJS 金敬順黃金9999金條 元寶 金豆 多選款(金重:1.00錢),88折,18588,160,131,118,42,否,26.2
2026/08/17,00:00,12993167,JU SHOP,男女款急速乾爽工裝涼感褲(多款任選),36折,469,640,616,599,41,否,6.4
2026/08/17,00:00,15340120,IMPACT 怡寶,未來星球輕量／輕量成長型護脊書包｜momo限定｜120cm以上(國小 小學 兒童 學生),6折,1799,197,170,163,34,否,17.3
2026/08/17,00:00,15559818,NEW BALANCENB,327系列_復古鞋(多款任選),56折,1688,298,275,268,30,否,10.1
2026/08/17,00:00,12526823,蒂巴蕾,贈100mo★2件組 無痕無鋼圈內衣,66折,798,399,379,369,30,否,7.5
2026/08/17,00:00,14415176,象印,買1送1彈蓋花漾保溫杯480ml,33折,1188,150,130,124,26,否,17.3
2026/08/17,00:00,15467478,阿原,艾草皂100gx5入,65折,1249,238,218,213,25,否,10.5
2026/08/17,00:00,14107176,DR.WU,角鯊潤澤修復精華油3入,5折,3000,98,79,76,22,否,22.4
2026/08/17,00:00,15248939,雅詩蘭黛,小棕眼霜15ml兩入,44折,1799,173,157,154,19,否,11.0
2026/08/17,00:00,14035038,鐵鎚,除臭貓砂40磅*2組,55折,1099,499,485,480,19,否,3.8
2026/08/17,00:00,8143213,LG,寵物版循環空氣清淨機,48折,12900,49,34,34,15,否,30.6
2026/08/17,00:00,10371748,娘家官方直營,益生菌3盒組(40包/盒),53折,3188,299,287,284,15,否,5.0
2026/08/17,00:00,13028656,烏石港OA/凱渡酒店,聯合住宿券,48折,3499,140,125,125,15,否,10.7
2026/08/17,00:00,15486844,南寶樹脂,彈性補牆膏 5kg,58折,869,39,33,29,10,否,25.6
2026/08/17,00:00,13878318,dyson,HT01二合一吹風直髮器(絲絨紅禮盒版),54折,8999,150,142,142,8,否,5.3
2026/08/17,00:00,15101902,Philips 飛利浦,HX9924鑽石智能音波牙刷,63折,7190,77,72,70,7,否,9.1
2026/08/17,00:00,13281442,東芝,50型QLED TV,44折,11111,29,22,22,7,否,24.1
2026/08/17,00:00,11060709,滿意寶寶,極上呵護黏貼紙尿褲M-XL(任選2箱組),74折,3418,499,492,492,7,否,1.4
2026/08/17,00:00,13427532,Apple,AirPods 4,84折,4190,50,46,45,5,否,10.0
2026/08/17,00:00,15370198,Apple,A+級福利品 iPhone 16 Pro 256G 6.3吋,89折,28499,15,10,10,5,否,33.3
2026/08/17,00:00,11663033,dyson,V12 TC強勁輕量智慧無線吸塵器(雙主吸頭),71折,17900,106,102,102,4,否,3.8
2026/08/17,00:00,14037284,氣機科技,撓定Vita 隨身能量淨化穩定機,87折,7743,100,97,96,4,否,4.0
2026/08/17,00:00,15465761,歐洲屋,德國草本液-Floradix鐵元2入組,81折,2099,300,298,296,4,否,1.3
2026/08/17,00:00,15437770,飲后,超孅飲6盒(15包/盒),38折,2980,200,197,197,3,否,1.5
2026/08/17,00:00,13994483,迪朗奇,EC890半自動義式咖啡機,46折,9690,50,49,48,2,否,4.0
2026/08/17,00:00,14833199,HP 惠普,15吋R5超高CP值筆電,63折,15999,15,13,13,2,否,13.3
2026/08/17,07:00,8037995,倍潔雅,花漾柔感150抽x84包,5折,849,500,442,367,133,否,26.6
2026/08/17,07:00,15152423,好自在,液體衛生棉108-109片,53折,949,498,449,410,88,否,17.7
2026/08/17,07:00,12603475,西雅圖,極品濾掛咖啡100入(任選2盒；8gx50入/盒),58折,818,369,331,297,72,否,19.5
2026/08/17,07:00,12984109,ARIEL,抗菌除臭洗衣補充8包,78折,859,496,464,428,68,否,13.7
2026/08/17,07:00,10145537,Enya,西班牙原裝進口酪梨油1000ml-3瓶組,72折,1199,238,207,178,60,否,25.2
2026/08/17,07:00,14846302,髮的食譜,洗髮潤髮任選3入組,51折,749,600,578,542,58,否,9.7
2026/08/17,07:00,15288501,JOJOGO 揪揪購,買一送一 超速乾秒收輕羽傘,35折,899,296,272,251,45,否,15.2
2026/08/17,07:00,9621690,Oral-B,PRO1 3D電動牙刷+兩年份刷頭,45折,1490,198,177,153,45,否,22.7
2026/08/17,07:00,12952058,American Explorer 美國探險家,25/26吋 運動箱 防爆拉鍊 PN5/PN32/M22-PLUS/C35-PLUS 胖胖箱 行李箱,27折,1078,498,470,453,45,否,9.0
2026/08/17,07:00,6467970,TiANN 鈦安,萬用鈦砧板 大款,7折,1619,98,86,70,28,否,28.6
2026/08/17,07:00,14654886,瑞康屋,不鏽鋼平底鍋24cm,54折,1199,25,9,0,25,是,100.0
2026/08/17,07:00,10075784,MarCella 瑪榭,7件/6件組★緊實包臀輕薄抗菌內褲,55折,999,500,491,476,24,否,4.8
2026/08/17,07:00,9294858,伊萊克斯,Well Q6無線吸塵器(WQ61-1EDB毛髮截斷版),36折,4688,96,83,72,24,否,25.0
2026/08/17,07:00,6993762,優格,經典貓飼料13.6kg,58折,1799,207,196,185,22,否,10.6
2026/08/17,07:00,15515565,SK-II,青春精華液30ml,59折,4140,100,91,80,20,否,20.0
2026/08/17,07:00,15018766,NEW BALANCENB,204L復古鞋_附雙鞋帶(多款任選),67折,2499,250,245,236,14,否,5.6
2026/08/17,07:00,15096587,巧玲瓏,第三代涼感褲(任選),26折,880,340,331,327,13,否,3.8
2026/08/17,07:00,14030009,ANKER,A1695 25000mAh自帶伸縮線行動電源165W,93折,2790,250,244,240,10,否,4.0
2026/08/17,07:00,14531292,MSI 微星,27型 IPS 144Hz 平面護眼商用螢幕,9折,2888,49,47,39,10,否,20.4
2026/08/17,07:00,9929266,m2 美度,超能膠原飲8盒囤貨組(64入),37折,5080,500,493,490,10,否,2.0
2026/08/17,07:00,15168605,聲寶,4-6坪一級變頻冷暖空調,74折,17900,14,10,5,9,否,64.3
2026/08/17,07:00,14918215,Bello.U,微晶六胜肽眼霜兩入,4折,2199,88,82,79,9,否,10.2
2026/08/17,07:00,15491289,麥當勞,豬肉滿福堡加蛋+冰美式,52折,58,9,5,2,7,否,77.8
2026/08/17,07:00,14645822,健康優見,活力B群糖衣錠10瓶+贈維他命C,16折,888,200,198,193,7,否,3.5
2026/08/17,07:00,12742602,聯碩,3-5坪一級變頻冷暖空調,56折,14590,20,19,15,5,否,25.0
2026/08/17,07:00,14817136,山水,5.1.2聲道聲霸聲空艙SS2,59折,12800,20,17,17,3,否,15.0
2026/08/17,07:00,15272197,小米,17T Pro 6.83吋 5G(12G/512G),95折,23999,30,29,28,2,否,6.7
2026/08/17,07:00,10958352,好奇,小森林尿布 (好眠褲/好動褲/黏貼型),82折,1398,2,1,1,1,否,50.0
2026/08/17,07:00,15208885,Home Dr.,雷文虎克合生元經典版4盒(共120顆),86折,8888,35,35,34,1,否,2.9
2026/08/17,07:00,14373966,田食原,加拿大冷凍藍莓4包(共2kg),41折,839,121,11,214,0,否,0.0
2026/08/17,11:00,10628502,義美,純豬肉鬆3入組,73折,619,442,401,380,62,否,14.0
2026/08/17,11:00,13420561,鮮乳坊,100%原味生乳保久乳200mlx24入/箱,79折,788,349,317,291,58,否,16.6
2026/08/17,11:00,14846302,髮的食譜,洗髮潤髮任選3入組,51折,749,600,574,550,50,否,8.3
2026/08/17,11:00,5517245,貝恩,嬰兒柔濕巾24包,53折,1329,398,380,353,45,否,11.3
2026/08/17,11:00,8133411,大研生醫,德國頂級魚油3入組(60粒/入),37折,2499,146,130,104,42,否,28.8
2026/08/17,11:00,15227699,BIODERMA,舒敏潔膚液4入,32折,1099,198,176,162,36,否,18.2
2026/08/17,11:00,13244428,象印,買1送1超輕量彈蓋保溫杯600ml,35折,1288,150,130,115,35,否,23.3
2026/08/17,11:00,14645850,健康優見,葉黃素軟膠囊10瓶,43折,1750,200,182,166,34,否,17.0
2026/08/17,11:00,9258336,雅漾,活泉水噴霧5入,42折,1388,398,386,367,31,否,7.8
2026/08/17,11:00,14009210,BRITA,愛奴娜濾水壺組(共1壺13芯),38折,2299,108,90,78,30,否,27.8
2026/08/17,11:00,14928291,好自在,無痕早安/奢柔褲36片/安睡褲48片,62折,999,500,480,471,29,否,5.8
2026/08/17,11:00,8510933,BODYLUV,第二代洗臉台過濾器+洗臉台濾芯6入,48折,790,300,285,275,25,否,8.3
2026/08/17,11:00,11105954,大成,黃金脆皮雞腿排50片組,42折,2450,125,113,102,23,否,18.4
2026/08/17,11:00,14911216,Durex 杜蕾斯,AIR輕薄幻隱潤滑裝4盒,55折,1211,300,290,280,20,否,6.7
2026/08/17,11:00,8523226,垣戊,球型旋轉翻炒氣炸鍋,54折,3799,200,189,181,19,否,9.5
2026/08/17,11:00,15429394,SKECHERS,女款 瞬穿舒適健走鞋 (多款選),56折,1790,149,142,132,17,否,11.4
2026/08/17,11:00,11994142,Jo Malone,香水30ml,43折,1249,300,290,284,16,否,5.3
2026/08/17,11:00,12012287,Sheba希寶,鮮饌包主食70g*48入,53折,999,314,299,299,15,否,4.8
2026/08/17,11:00,8852892,東元,6-8坪冷暖除溼淨化移動空調,34折,9888,26,16,13,13,否,50.0
2026/08/17,11:00,13653142,石頭科技,F25 ACE 高溫洗烘洗地機,37折,10888,48,43,38,10,否,20.8
2026/08/17,11:00,14470326,Logitech 羅技,MX Master 4 無線滑鼠,88折,3690,80,74,71,9,否,11.2
2026/08/17,11:00,14267987,TCL,65型MiniLED智慧TV,71折,24900,28,23,20,8,否,28.6
2026/08/17,11:00,15005565,plain-me,男女款防曬外套YOBI2.0-多色可選,6折,1199,250,248,242,8,否,3.2
2026/08/17,11:00,15565407,周大福,9999黃金金元寶1公克,89折,5788,50,50,42,8,否,16.0
2026/08/17,11:00,14877086,CeraVe,A醇緊緻精華30ml,65折,1620,200,196,192,8,否,4.0
2026/08/17,11:00,14224016,NEW BALANCENB,2010_復古運動鞋(多款任選),51折,2519,250,246,243,7,否,2.8
2026/08/17,11:00,15479611,Apple,2025 iPad 11 A16/11吋/WiFi/256G,92折,17588,29,26,22,7,否,24.1
2026/08/17,11:00,14560625,東方哲學家(看漫畫學經典)：限量贈漫畫文件夾（全套三本）,東方哲學家(看漫畫學經典)：限量贈漫畫文件夾（全套三本）,59折,676,157,155,154,3,否,1.9
2026/08/17,11:00,15491289,麥當勞,豬肉滿福堡加蛋+冰美式,52折,58,9,8,7,2,否,22.2
2026/08/17,11:00,14977067,Lenovo,i5八核商用★螢幕超值組,86折,24900,20,20,18,2,否,10.0
2026/08/17,11:00,15240594,樂高,瑪利歐賽車 路易吉72050,64折,4099,49,47,47,2,否,4.1
2026/08/17,11:00,14851712,我的健康日記,膠原飲96入(蜂王、燕窩 2款任選),76折,4199,150,150,149,1,否,0.7
2026/08/17,14:00,13531219,CSD中衛,第一級醫療口罩-藍色/綠色/粉色 4盒入(50片/盒),52折,529,995,860,780,215,否,21.6
2026/08/17,14:00,7368842,百佳烘焙,皇家起士條2盒,58折,699,430,352,303,127,否,29.5
2026/08/17,14:00,6475228,正牛,韓國正宗大理石不沾深炒鍋30cm,39折,519,283,237,216,67,否,23.7
2026/08/17,14:00,13598055,橘子工坊,天然洗衣球162顆,36折,949,498,458,439,59,否,11.8
2026/08/17,14:00,12941511,誠漢,有機黑木耳露350mlx40入,33折,999,350,323,306,44,否,12.6
2026/08/17,14:00,12798775,ONEHOUSE藤原折疊巨型收納櫃,ONEHOUSE藤原折疊巨型收納櫃,39折,899,149,131,106,43,否,28.9
2026/08/17,14:00,12486897,NEW BALANCENB,373系列_復古鞋(多款任選),48折,1199,299,272,262,37,否,12.4
2026/08/17,14:00,14371825,Relove,胺基酸私密潔淨露3入,38折,1349,196,171,160,36,否,18.4
2026/08/17,14:00,12928225,Chic Chic 琪琪,獨降180/件★零著感內衣4件(多款選),42折,719,455,436,424,31,否,6.8
2026/08/17,14:00,15442572,禾聯,14吋奈米銀抑菌DC風扇 HDF-14AH75B,51折,1290,249,230,223,26,否,10.4
2026/08/17,14:00,14185560,TOZO,T10S降噪運動立體聲真無線AI智慧藍牙耳機,33折,899,299,279,273,26,否,8.7
2026/08/17,14:00,9267042,汪喵星球,TOLI寵物地墊40x40cm*10片,69折,2099,300,278,274,26,否,8.7
2026/08/17,14:00,14448785,NINJA,夏日無線調理機,69折,1799,100,87,76,24,否,24.0
2026/08/17,14:00,14003035,JVC,65型Mini LED TV,66折,19988,44,27,25,19,否,43.2
2026/08/17,14:00,14937238,台北茹曦酒店,午/晚餐吃到飽,83折,1088,280,266,261,19,否,6.8
2026/08/17,14:00,11585709,New Choice,綜合堅果桶2入,4折,1138,270,254,251,19,否,7.0
2026/08/17,14:00,10889088,台酒生技,酒粕精粹青春露5入,33折,1018,249,242,238,11,否,4.4
2026/08/17,14:00,14977086,追覓科技,X60 Ultra超薄掃拖旗艦機,48折,27980,30,25,21,9,否,30.0
2026/08/17,14:00,15034893,Whirlpool 惠而浦一級能效 12公升極致薄型清新淨味除濕機(WDEE1200TW),Whirlpool 惠而浦一級能效 12公升極致薄型清新淨味除濕機(WDEE1200TW),73折,7690,50,44,42,8,否,16.0
2026/08/17,14:00,14175643,THE VEGAN 樂維根,極致植物優蛋白2入組 1KG/袋,62折,1599,200,198,194,6,否,3.0
2026/08/17,14:00,15542980,石頭科技,F25 Ultra Steam Gen2臂蒸之帝洗地機,44折,17999,50,48,45,5,否,10.0
2026/08/17,14:00,15443181,CF Diamond,新品 莫桑鑽碎鑽情侶對戒 共8款,23折,1988,80,77,75,5,否,6.2
2026/08/17,14:00,13715410,禾聯,6-8坪一級變頻冷暖空調,76折,24900,10,9,6,4,否,40.0
2026/08/17,14:00,12388977,雪花秀,完美珍珠光氣墊 一盒2蕊,49折,1980,160,157,156,4,否,2.5
2026/08/17,14:00,10958352,好奇,小森林尿布 (好眠褲/好動褲/黏貼型),82折,1398,2,1,1,1,否,50.0
2026/08/17,14:00,15081559,希捷,新黑鑽12TB外接硬碟,84折,11790,29,29,28,1,否,3.4
2026/08/17,14:00,15560389,Vermicular,琺瑯鑄鐵玉子燒鍋,67折,3350,21,21,20,1,否,4.8
2026/08/17,14:00,2322013,康乃馨,純水濕巾24包,48折,579,68,140,120,0,否,0.0
2026/08/17,18:00,8037995,倍潔雅,花漾柔感150抽x84包,5折,849,493,437,362,131,否,26.6
2026/08/17,18:00,14373966,田食原,加拿大冷凍藍莓4包(共2kg),41折,839,121,69,0,121,是,100.0
2026/08/17,18:00,13718212,NEW BALANCENB,480運動鞋/慢跑鞋(多款任選),6折,1499,299,273,236,63,否,21.1
2026/08/17,18:00,10371111,品客,任選洋芋片隨手罐24入,63折,599,255,227,197,58,否,22.7
2026/08/17,18:00,10579121,日本味王,強效蔓越莓口嚼錠30粒x10盒,46折,1380,300,276,250,50,否,16.7
2026/08/17,18:00,14722206,義美,極細純黑芝麻粉390gx3罐,88折,810,310,291,262,48,否,15.5
2026/08/17,18:00,8133411,大研生醫,德國頂級魚油3入組(60粒/入),37折,2499,149,137,104,45,否,30.2
2026/08/17,18:00,14819724,VANS,Old Skool 精選男女休閒鞋 滑板鞋 (多款選),3折,799,287,270,244,43,否,15.0
2026/08/17,18:00,9649017,義豐食品,蔥油派40片+贈5片,96折,969,349,331,314,35,否,10.0
2026/08/17,18:00,13207381,聲寶,205L一級變頻冰箱,77折,9999,42,22,9,33,否,78.6
2026/08/17,18:00,7253698,茶樹莊園蔬果食器洗碗精補充包12入,茶樹莊園蔬果食器洗碗精補充包12入,29折,699,200,181,169,31,否,15.5
2026/08/17,18:00,15461237,海之醇,2630無膨發剖背蝦仁2包組+50mo,47折,999,320,309,292,28,否,8.8
2026/08/17,18:00,8168684,雅頓,綠茶香水身體乳500ml2入,39折,830,290,280,266,24,否,8.3
2026/08/17,18:00,14819451,正佳珠寶,高品翡翠冰糯種 黃翡 貔貅 如意 無限 翡翠手珠 翡翠吊墜 天然A貨翡翠｜款式多選,11折,999,300,291,278,22,否,7.3
2026/08/17,18:00,12957780,巴黎卡詩,洗髮精買500送240ml,61折,2150,200,197,180,20,否,10.0
2026/08/17,18:00,12155010,威瑪舒培,旁優力共100粒,44折,4490,67,58,49,18,否,26.9
2026/08/17,18:00,14833444,mo select,智能除臭殺菌不鏽鋼感應垃圾桶(大容量30L),25折,1999,51,46,34,17,否,33.3
2026/08/17,18:00,9209113,三得利,蜜得絲極妍鎖濕菁華*2,74折,4799,70,63,56,14,否,20.0
2026/08/17,18:00,14874363,ATEX,MINI180口袋型筋膜按摩槍,72折,3399,149,142,135,14,否,9.4
2026/08/17,18:00,11105043,GJS 金敬順黃金9999金條 元寶 金豆 多選款(金重:1.00錢),GJS 金敬順黃金9999金條 元寶 金豆 多選款(金重:1.00錢),88折,18588,116,111,103,13,否,11.2
2026/08/17,18:00,15515565,SK-II,官方直營 青春精華液 30ml(青春鎖精華/青春鎖/新品),59折,4140,50,44,41,9,否,18.0
2026/08/17,18:00,11073711,來復易,活力褲/超薄褲/無痕褲S-XXL,68折,1259,499,498,492,7,否,1.4
2026/08/17,18:00,9995210,法國Staub,琺瑯鑄鐵飯鍋16cm,48折,3999,80,79,74,6,否,7.5
2026/08/17,18:00,14440139,追覓科技,L30s Pro Ultra雙仿生全能掃地機,45折,14999,29,26,25,4,否,13.8
2026/08/17,18:00,15328036,Enercentrik,輕-卻強悍 能源方舟1200| 家庭x戶外行動電站,41折,14999,16,16,14,2,否,12.5
2026/08/17,18:00,15361280,傢俱工場,機能床片+抽屜床底,27折,5380,30,28,28,2,否,6.7
2026/08/17,18:00,9744328,台達電子,多功能浴室廁所涼暖風機-豪華300系列,49折,7388,300,300,298,2,否,0.7
2026/08/17,18:00,15286528,Relove,黑泌肽12%養髮套組,57折,3167,95,94,94,1,否,1.1
2026/08/17,18:00,10958352,好奇,小森林尿布 (好眠褲/好動褲/黏貼型),82折,1398,2,1,1,1,否,50.0
2026/08/17,18:00,14564669,DELL,包鼠組★15.6吋i7輕薄文書筆電,8折,23689,5,5,5,0,否,0.0
2026/08/17,18:00,15489437,DJI,Osmo Nano隨行套裝(128GB),95折,10190,30,30,30,0,否,0.0
2026/08/17,22:00,14333679,曼寧,台灣菊花決明子枸杞茶20入X4袋,29折,688,446,367,321,125,否,28.0
2026/08/17,22:00,13984017,風倍清,廁所芳香劑6入,41折,499,500,465,437,63,否,12.6
2026/08/17,22:00,9435817,清秀佳人,贈兩用潔膚巾★純棉免洗內褲-多件組,65折,540,397,363,342,55,否,13.9
2026/08/17,22:00,14500645,NEW BALANCENB,530復古運動鞋(多款任選),71折,2199,197,184,176,21,否,10.7
2026/08/17,22:00,14951759,理膚寶水,MELA B3 淡斑精華,36折,3865,199,188,182,17,否,8.5
2026/08/17,22:00,13992889,華碩,Ultra5輕薄16G/OLED,91折,29999,50,41,36,14,否,28.0
2026/08/17,22:00,14665059,Samsung 三星,Galaxy Tab A11+ 6G/128G,79折,7990,33,21,19,14,否,42.4
2026/08/17,22:00,13913204,飛利浦,14.2L抗敏清淨除濕機-DE5306,64折,8999,37,28,25,12,否,32.4
2026/08/17,22:00,15143441,科沃斯,獨家全新T90 PRO滾筒掃拖機器人,35折,19688,49,42,37,12,否,24.5
2026/08/17,22:00,12787780,德國Emma,日式折疊床墊-標準單人,61折,3999,72,66,63,9,否,12.5
2026/08/17,22:00,13713898,雷達,超智慧薄型液體電蚊香-無臭無味(10補+1機),59折,899,500,494,493,7,否,1.4
2026/08/17,22:00,13957788,伊聖詩,無理頭精油棒10mlX4,66折,2620,115,111,108,7,否,6.1
2026/08/17,22:00,15318938,Relove,私密彈嫩潔淨油2入,71折,1838,160,156,153,7,否,4.4
2026/08/17,22:00,14917026,好好生醫,500億蔓越莓益生菌2入組,8折,2370,27,26,22,5,否,18.5
2026/08/17,22:00,13244470,小米,75型MiniLED智慧TV,76折,22999,35,33,31,4,否,11.4
2026/08/17,22:00,8479508,i-Rocks人體工學椅,i-Rocks人體工學椅,59折,8399,35,34,31,4,否,11.4
2026/08/17,22:00,12175611,福容大飯店,3張組★聯合住宿券,92折,8888,30,28,26,4,否,13.3
2026/08/17,22:00,12015328,MONTBLANC 萬寶龍,品牌經典 匠心/大班系列 皮夾短夾 (多款任選),62折,8688,16,16,14,2,否,12.5
2026/08/17,22:00,5181532,台塑生醫醫之方,舒暢益生菌x5盒(共150包),66折,2480,1,1,1,0,否,0.0
2026/08/18,00:00,9024179,甜露露,空運華盛頓9.5R櫻桃2kg,51折,799,791,633,577,214,否,27.1
2026/08/18,00:00,12137812,ARIEL,4D抗菌洗衣球120顆,74折,799,489,418,385,104,否,21.3
2026/08/18,00:00,10019468,朵舒,棉仔紙柔韌150抽x84包,46折,829,496,429,406,90,否,18.1
2026/08/18,00:00,10362698,花王,全新升級蒸氣眼罩 72入,55折,1299,221,157,141,80,否,36.2
2026/08/18,00:00,15535333,石頭科技,新機上市Qrevo 2 Pro掃拖機,42折,16999,85,31,24,61,否,71.8
2026/08/18,00:00,14069123,American Explorer 美國探險家,29吋 前開式行李箱 可擴充 剎車飛機輪 雙層拉鏈 上掀式 TSA鎖 CF8 旅行箱,41折,2368,276,227,217,59,否,21.4
2026/08/18,00:00,14870910,3M,牙線棒4包組(3款選),55折,1111,297,258,241,56,否,18.9
2026/08/18,00:00,15092046,MARITHE FRANCOIS GIRBAUD,品牌LOGO棒球帽(多款任選),55折,999,50,15,8,42,否,84.0
2026/08/18,00:00,15368338,NIKE 耐吉,精選男女運動褲 短褲 瑜珈褲 (多款選),54折,699,393,372,361,32,否,8.1
2026/08/18,00:00,6609184,金車,CrystalValley礦沛氣泡水585mlx72入,55折,999,269,246,239,30,否,11.2
2026/08/18,00:00,7851422,MarCella 瑪榭,7件組★MIT無縫抗菌內褲-薄感中低腰,75折,999,498,475,471,27,否,5.4
2026/08/18,00:00,7374045,Tefal 特福,璀璨不沾鍋雙鍋組28CM,27折,999,299,285,276,23,否,7.7
2026/08/18,00:00,15328933,Tiger Family,升級輕盈輕量護脊書包-摺疊版(高年級140CM以上適用 35L),74折,2970,120,105,99,21,否,17.5
2026/08/18,00:00,13474680,3M,無痕極淨防水收納架,52折,999,300,289,280,20,否,6.7
2026/08/18,00:00,9112475,Coosur 山富,冷壓特級初榨橄欖油1L*3入,61折,1299,240,225,221,19,否,7.9
2026/08/18,00:00,14881502,SONY,PS5 Slim光碟版主機,87折,17580,18,0,0,18,是,100.0
2026/08/18,00:00,15337549,YOMIX 優迷,60W GaN氮化鎵迷你雙孔快充充電器,55折,549,200,192,184,16,否,8.0
2026/08/18,00:00,13559312,泰安觀止溫泉會館,雙人情房一泊二食,63折,8888,58,47,46,12,否,20.7
2026/08/18,00:00,15054743,EatBLISS 益比喜,小晶晶金盞花葉黃素凍升級版100入,4折,2780,500,491,490,10,否,2.0
2026/08/18,00:00,9564071,紐頓,均衡健康貓飼料5.4kg,56折,1499,107,101,97,10,否,9.3
2026/08/18,00:00,10099404,雅詩蘭黛,原生露200送200ml,91折,4400,200,194,192,8,否,4.0
2026/08/18,00:00,5469687,久司道夫,巴西酵素14盒組,12折,2099,142,140,136,6,否,4.2
2026/08/18,00:00,12749140,dyson,HD08溫控負離子智慧吹風機(銀銅色),69折,8990,150,144,144,6,否,4.0
2026/08/18,00:00,4932213,QUAKER 桂格,養氣人蔘滋補液禮盒120入,87折,5498,60,59,56,4,否,6.7
2026/08/18,00:00,15090962,Samsung 三星,Galaxy A57 5G 6.7吋(12G/256G/Exynos1680/5000萬鏡頭畫素),77折,15190,184,183,182,2,否,1.1
2026/08/18,00:00,14254087,ASUS 華碩,WiFi 7 三頻 電競路由器,83折,10888,25,24,23,2,否,8.0
2026/08/18,00:00,14037867,石頭科技,新機上市Lite Combo洗地機,36折,12888,300,298,298,2,否,0.7
2026/08/18,00:00,7695326,包大人,輕舒超薄褲/活力隱形褲/防漏安心褲,43折,999,1,982,979,0,否,0.0
2026/08/18,07:00,13252530,cama cafe,私藏選豆系列咖啡豆4包組(454g/包;口味任選),4折,968,310,252,188,122,否,39.4
2026/08/18,07:00,9750560,思珂,天生美肌恆霧粉底,4折,611,174,132,113,61,否,35.1
2026/08/18,07:00,11777997,AOTTO,免組裝五步碳鋼折疊梯,5折,499,598,572,538,60,否,10.0
2026/08/18,07:00,14228224,三好米,花蓮產林田山好米9Kg,75折,529,550,526,500,50,否,9.1
2026/08/18,07:00,14992082,UNDER ARMOUR,UA 男 T2G LB 短POLO (多款任選),37折,699,749,731,709,40,否,5.3
2026/08/18,07:00,13092955,幫寶適,一級幫散熱拉拉褲/黏貼尿布2箱,73折,2098,500,481,461,39,否,7.8
2026/08/18,07:00,15528413,巴黎精品,買一送一 法式緞面背心襯衫(多款任選),11折,688,345,325,308,37,否,10.7
2026/08/18,07:00,9061439,DR.ELSEY’S,礦砂*2入,57折,1099,398,384,363,35,否,8.8
2026/08/18,07:00,7277809,鮮綠生活,嚴選巨無霸白蝦蝦皇共2盒+100mo,34折,999,320,297,285,35,否,10.9
2026/08/18,07:00,14363733,奇美,8kg直立式洗衣機,65折,4888,65,22,38,27,否,41.5
2026/08/18,07:00,13316181,寶媽咪,80抽台灣鍍膜濕巾 6大包,59折,899,272,252,250,22,否,8.1
2026/08/18,07:00,14402787,石頭科技,Qrevo C Pro掃拖機器人-超值組,34折,13999,48,35,28,20,否,41.7
2026/08/18,07:00,8043545,虎牌,買1送1超輕量彈蓋保溫杯500ml,29折,999,150,141,131,19,否,12.7
2026/08/18,07:00,13986702,Sodastream,時尚風自動扣瓶氣泡水機,39折,2580,99,89,84,15,否,15.2
2026/08/18,07:00,13698187,植村秀,無極限持久輕粉底35ml,5折,1742,180,173,166,14,否,7.8
2026/08/18,07:00,13799375,Simply 新普利,超級夜酵素DX 100錠x2盒,37折,4180,500,495,487,13,否,2.6
2026/08/18,07:00,11261019,威克士,4V電動起子機 WX242,56折,899,35,28,22,13,否,37.1
2026/08/18,07:00,15392141,UHA 味覺糖,鐵 軟糖120日(共6包),83折,1499,300,297,292,8,否,2.7
2026/08/18,07:00,15479482,BRAUN 百靈,5系免拆快洗電鬍刀 52-G02000s,5折,2988,100,98,94,6,否,6.0
2026/08/18,07:00,15119015,樂敦,V游離型葉黃素複方軟膠囊 120粒*2入,72折,2599,150,148,144,6,否,4.0
2026/08/18,07:00,14391089,萬播,智慧投影機T2 Ultra,78折,5499,29,24,23,6,否,20.7
2026/08/18,07:00,15168547,PP 石墨烯,石墨烯粒線智能修復衣3件(下單送:律動襪),42折,3780,59,56,54,5,否,8.5
2026/08/18,07:00,15091884,Philips 飛利浦,HX5682語音導航音波電動牙刷,92折,3690,99,96,95,4,否,4.0
2026/08/18,07:00,11598427,伊萊克斯,Flow A3 Air 抗菌空氣清淨機-五色任選(8坪適用FA31-202),43折,6888,100,98,96,4,否,4.0
2026/08/18,07:00,14544838,GJS 金敬順 黃金9999金條 0.5錢 元寶 金豆 momoco 多選(金重:0.50錢),GJS 金敬順 黃金9999金條 0.5錢 元寶 金豆 momoco 多選(金重:0.50錢),95折,9688,75,72,72,3,否,4.0
2026/08/18,07:00,8141534,大研生醫,德國頂級魚油10入組(600粒),4折,7950,150,148,147,3,否,2.0
2026/08/18,07:00,14693860,iQOO 15 5G凌雲灰(16G/512G/AI電競手機),iQOO 15 5G凌雲灰(16G/512G/AI電競手機),94折,28499,20,19,18,2,否,10.0
2026/08/18,07:00,15491295,麥當勞,麥香魚經典套餐,73折,149,2,1,1,1,否,50.0
2026/08/18,07:00,15034475,Lenovo,小資首選★14吋i5輕薄16G,88折,21999,20,19,19,1,否,5.0
2026/08/18,07:00,11236766,Kotex 靠得住,草本/蔓越莓抑菌/好菌Plus+衛生棉 (17.5-35cm),24折,599,1,1,1,0,否,0.0
2026/08/18,07:00,15317785,TOZO,VIZO Z1 PRO AR智慧眼鏡,65折,14990,10,10,10,0,否,0.0
2026/08/18,07:00,15504248,媚比琳,飛天小女警唇釉2入,74折,699,402,400,417,0,否,0.0
2026/08/18,11:00,15394907,必勝客,13吋大比薩(10選2),29折,389,770,476,252,518,否,67.3
2026/08/18,11:00,15297386,火星猴子,曲奇奶酥2盒(附贈提袋),68折,888,339,292,253,86,否,25.4
2026/08/18,11:00,13163407,獅王,抗菌洗手慕斯補充瓶4入組,35折,799,375,338,325,50,否,13.3
2026/08/18,11:00,9735781,Persil,深層酵解濃縮洗衣精6包,49折,949,499,470,454,45,否,9.0
2026/08/18,11:00,15457201,THE VEGAN 樂維根,經典植物優蛋白 2入 1KG/袋,6折,1299,448,426,406,42,否,9.4
2026/08/18,11:00,14288419,禾聯,2入組-小冰棒製冷手持扇 HUF-17HM010,38折,990,298,270,262,36,否,12.1
2026/08/18,11:00,7701923,BODYLUV,純淨完美蓮蓬頭+濾芯6入,56折,1180,146,124,110,36,否,24.7
2026/08/18,11:00,3457216,半天水,100%鮮剖純椰子汁600mlx24瓶,57折,898,400,387,364,36,否,9.0
2026/08/18,11:00,14022093,CROSS,xZENDAR情人節禮物 新品到★頂級小牛皮質感皮夾 長短夾 皮帶 零錢包(附禮盒提袋 男女中性款),0.5折,1688,188,163,156,32,否,17.0
2026/08/18,11:00,12874651,NEOFLAM,陶瓷輕量雙鍋組28炒鍋含蓋+24平底鍋,2折,999,498,479,469,29,否,5.8
2026/08/18,11:00,13051066,耐吉斯,E系列狗飼料10磅,56折,899,145,131,121,24,否,16.6
2026/08/18,11:00,15341237,NIKE 耐吉,慢跑鞋 男鞋 女鞋 運動鞋 緩震 氣墊 AIR WINFLO 12 多款任選,57折,1899,427,418,407,20,否,4.7
2026/08/18,11:00,10419093,滿意寶寶,極上呵護輕巧褲L-XL(任選2箱組),75折,2878,499,487,479,20,否,4.0
2026/08/18,11:00,7389662,大研生醫,視易適葉黃素3入組(30粒/入),41折,2488,149,138,131,18,否,12.1
2026/08/18,11:00,14867617,未來美,早C晚A囤貨組,29折,2186,32,24,14,18,否,56.2
2026/08/18,11:00,10908299,象印,6人份多段式壓力IH電子鍋,55折,7777,50,37,33,17,否,34.0
2026/08/18,11:00,15131667,Wacoal 華歌爾,華歌爾x莎薇 2件組 美胸、運動、無鋼圈內衣(多款任選),28折,1088,199,190,184,15,否,7.5
2026/08/18,11:00,15100974,FJ豐傑生醫,712D益生菌-克菲爾PLUS-5入,61折,2999,117,107,104,13,否,11.1
2026/08/18,11:00,13705808,迪朗奇,22.110全自動義式咖啡機,4折,14900,49,42,40,9,否,18.4
2026/08/18,11:00,11028885,東元,4-5坪一級變頻冷暖,66折,17900,20,12,11,9,否,45.0
2026/08/18,11:00,14819085,Joseph Joseph,Nest系列 砧板三件組-灰藍大,37折,1111,48,42,41,7,否,14.6
2026/08/18,11:00,14956392,華碩,Ultra 7獨家AI 32G/OLED,93折,41999,50,46,45,5,否,10.0
2026/08/18,11:00,9486380,雅詩蘭黛,粉持久粉底液買1送2,77折,2400,200,198,196,4,否,2.0
2026/08/18,11:00,14955206,DR.WU,玻尿酸保濕精華液3入組,5折,2400,120,118,116,4,否,3.3
2026/08/18,11:00,15540520,半島精品店,主廚推薦奶黃月餅禮盒8入,99折,2428,123,119,119,4,否,3.3
2026/08/18,11:00,15542980,石頭科技,F25 Ultra Steam Gen2臂蒸之帝洗地機,44折,17999,49,49,47,2,否,4.1
2026/08/18,11:00,15006068,樂高,玫瑰花束3入組10328,65折,3899,44,43,43,1,否,2.3
2026/08/18,11:00,15051998,FAMMIX 菲米斯,(2K攝影機組)SAFER-P1六合一電子鎖,81折,10888,8,7,7,1,否,12.5
2026/08/18,11:00,15553788,Google,Pixel 11 Pro 5G 6.3吋(16G/512G/Tensor G6+Titan M3安全晶片/5000萬鏡頭畫素/AI手機),91折,40990,50,50,50,0,否,0.0
2026/08/18,11:00,14605954,安心國小1–12套書（共12冊）,安心國小1–12套書（共12冊）,55折,2261,0,0,0,0,是,0.0
2026/08/18,14:00,11928914,舒主金,加蓋純水濕巾36包,5折,711,393,323,286,107,否,27.2
2026/08/18,14:00,13062545,肌膚之鑰,光采無瑕妝前凝霜 37ml,57折,1199,244,206,145,99,否,40.6
2026/08/18,14:00,5494406,克潮靈,集水袋除濕盒補充包36入(款式任選),61折,579,295,226,203,92,否,31.2
2026/08/18,14:00,12386506,老實農場,檸檬/萊姆冰角任選6袋,52折,699,428,383,371,57,否,13.3
2026/08/18,14:00,11068896,禾聯,16吋智能變頻DC風扇 HDF-16AH560,65折,1311,293,261,240,53,否,18.1
2026/08/18,14:00,14376137,CeraVe,長效清爽保濕乳2入,55折,1048,230,195,179,51,否,22.2
2026/08/18,14:00,4908380,統一LP33,健字號益生菌膠囊*4盒,62折,2995,141,111,95,46,否,32.6
2026/08/18,14:00,8649334,德邁國際辦公椅,德邁國際辦公椅,59折,2499,96,60,53,43,否,44.8
2026/08/18,14:00,14995316,BLUE WAY,女款牛仔褲(直筒/寬褲/靴型多款任選),13折,409,600,577,563,37,否,6.2
2026/08/18,14:00,10892536,金園排骨,厚切里肌500gx5包,62折,1188,255,237,219,36,否,14.1
2026/08/18,14:00,15452506,饗食天堂,平日午餐/假日下午茶4張,97折,3999,75,51,46,29,否,38.7
2026/08/18,14:00,14796614,追覓科技,Pocket 魔術折疊高速吹風機,31折,2699,99,85,75,24,否,24.2
2026/08/18,14:00,5894182,東妮寢飾,100%精梳棉兩用被床包枕套組,25折,1999,358,342,335,23,否,6.4
2026/08/18,14:00,10311593,瑞康屋,黑魔法單柄平底鍋28cm,49折,4299,29,18,14,15,否,51.7
2026/08/18,14:00,14233600,catssay 貓有話說,乳鐵蛋白主食餐包120g*20包,63折,1699,496,485,484,12,否,2.4
2026/08/18,14:00,15505041,PONY EFFECT,水透光妝前防護乳任選,5折,950,319,315,308,11,否,3.4
2026/08/18,14:00,15103194,石頭科技,Saros 20 Sonic聲波騎士掃拖機,52折,34980,49,41,40,9,否,18.4
2026/08/18,14:00,8047529,寶拉珍選,2%水楊酸身體乳3入,61折,1990,400,394,391,9,否,2.2
2026/08/18,14:00,14833923,SWAROVSKI 施華洛世奇,官方直營 項鍊/手鏈/耳環 多款任選(七夕/情人節),6折,2290,76,75,71,5,否,6.6
2026/08/18,14:00,12608515,ASUS 華碩,Zenfone 11 Ultra (12G/256G/AI手機),74折,17777,29,25,24,5,否,17.2
2026/08/18,14:00,15465827,Lenovo,15.3吋R7 RTX5050電競筆電,71折,39990,19,18,15,4,否,21.1
2026/08/18,14:00,14850929,BenQ,27型 2K 200Hz護眼螢幕,79折,5588,26,24,22,4,否,15.4
2026/08/18,14:00,7042867,紐力活 葡萄糖胺液 946ml x3瓶(原廠公司貨),紐力活 葡萄糖胺液 946ml x3瓶(原廠公司貨),8折,3084,149,147,146,3,否,2.0
2026/08/18,14:00,14055195,三星,65型Neo QLED顯示器,84折,32900,40,38,38,2,否,5.0
2026/08/18,14:00,13671193,tokuyo,Mini玩美椅3+按摩椅,52折,20999,15,15,14,1,否,6.7
2026/08/18,18:00,15351725,中元普渡拜拜箱 好運平安7件組,中元普渡拜拜箱 好運平安7件組,74折,499,112,54,0,112,是,100.0
2026/08/18,18:00,8038349,絲花,化妝棉買7送7囤貨組,58折,388,342,308,259,83,否,24.3
2026/08/18,18:00,10334422,瑪莉屋口袋比薩,6吋披薩任選10+1片+100mo,64折,899,349,324,269,80,否,22.9
2026/08/18,18:00,9288701,舒酸定,專業修復抗敏牙膏8入,48折,999,299,267,224,75,否,25.1
2026/08/18,18:00,14447749,LA NEW,輕量透氣慢跑鞋/運動鞋(男女多款),22折,1188,300,290,237,63,否,21.0
2026/08/18,18:00,14899787,mo select,台灣製316不鏽鋼防滑六角筷10雙,37折,899,136,116,86,50,否,36.8
2026/08/18,18:00,14791054,天仁茗茶,台灣茗賞烏龍茶葉600g,89折,890,270,257,229,41,否,15.2
2026/08/18,18:00,11545712,NatureMade 萊萃美,葉黃素20毫克複合膠囊150粒,71折,1211,229,220,195,34,否,14.8
2026/08/18,18:00,14991731,NEW BALANCENB,411+413跑鞋系列_多款任選,52折,1199,200,193,179,21,否,10.5
2026/08/18,18:00,9821716,一滴淨蘆薈多酚洗碗精2瓶+2補包,一滴淨蘆薈多酚洗碗精2瓶+2補包,53折,639,300,293,281,19,否,6.3
2026/08/18,18:00,14559449,FL 生活+,5開門三層摺疊收納箱,44折,2680,120,120,104,16,否,13.3
2026/08/18,18:00,15230014,石頭科技,F25 RT GEN 2小白鯊零纏繞洗地機,41折,6999,49,38,35,14,否,28.6
2026/08/18,18:00,14268002,TCL,85型MiniLED智慧TV,67折,53900,20,15,12,8,否,40.0
2026/08/18,18:00,15482275,Gemini 雙星,竹纖維浴巾2入,59折,849,219,217,213,6,否,2.7
2026/08/18,18:00,15172776,Poled,AIRLUV5智能風扇涼感墊,84折,3799,150,147,145,5,否,3.3
2026/08/18,18:00,12988475,HR 赫蓮娜,黑繃帶修護乳霜50ml,46折,14850,50,49,46,4,否,8.0
2026/08/18,18:00,13369259,Apple,Apple Watch SE2 GPS 40mm,73折,5799,49,47,45,4,否,8.2
2026/08/18,18:00,14921076,華碩,14吋Core 7輕薄16G,95折,23999,48,44,44,4,否,8.3
2026/08/18,18:00,15175989,營養師輕食,台灣01益生菌 5入組(一入30包),65折,6595,299,297,295,4,否,1.3
2026/08/18,18:00,14794623,Mio,送安裝 前後4K 後視鏡型行車記錄器 R890WD,85折,11988,5,3,2,3,否,60.0
2026/08/18,18:00,14504452,OASIS,製冰塊瞬冰溫熱淨飲機,5折,9999,30,30,28,2,否,6.7
2026/08/18,18:00,13352709,Kolin 歌林,四重精濾濾水壺(共1壺13芯),45折,1599,31,6,119,0,否,0.0
2026/08/18,22:00,15324066,Gelovery 愷達生醫,醇 熬雞精禮盒2盒,36折,1600,200,127,64,136,否,68.0
2026/08/18,22:00,9925814,蒂沐蝶,日本植萃洗髮/護髮任3入,45折,549,346,285,253,93,否,26.9
2026/08/18,22:00,12914393,Chic Chic 琪琪,飆低160/件★升級零感提拉無痕內衣,4折,638,459,420,399,60,否,13.1
2026/08/18,22:00,4716943,舊街場咖啡館,白咖啡4袋組(15入/袋；口味任選),36折,625,348,314,293,55,否,15.8
2026/08/18,22:00,13794639,茶樹莊園,洗衣球156顆,31折,745,341,315,302,39,否,11.4
2026/08/18,22:00,13485467,REEBOK,SMASH EDGE S 男女休閒鞋 德訓鞋 運動鞋 (多款選),41折,999,130,110,102,28,否,21.5
2026/08/18,22:00,13501959,理膚寶水,全護清透亮顏防曬瑰蜜霜,38折,1039,290,276,263,27,否,9.3
2026/08/18,22:00,13598254,日本味王,山苦瓜胜月太EX膠囊60粒x6盒,91折,3099,164,151,140,24,否,14.6
2026/08/18,22:00,15520607,東妮寢飾,TopCool冰凍涼感系列-任選均價,35折,990,208,196,187,21,否,10.1
2026/08/18,22:00,12063597,LG 樂金,16公升WiFi變頻除濕機-粉紅 MD161QPK3,7折,14111,30,18,15,15,否,50.0
2026/08/18,22:00,15209759,石頭科技,Qrevo Edge2掃拖機器人,33折,19999,38,26,23,15,否,39.5
2026/08/18,22:00,11300579,Lunio,Helix雙人乳膠獨立筒床墊,32折,6399,40,31,27,13,否,32.5
2026/08/18,22:00,15400286,台南趣淘漫旅,雙人房贈門票+冒險,2折,2650,190,185,179,11,否,5.8
2026/08/18,22:00,12674913,Michael Kors,MK經典皮革 滿版/素面 男款皮夾短夾(多款),76折,1611,200,193,191,9,否,4.5
2026/08/18,22:00,11680782,品木宣言,靈芝乳液100ml,47折,1200,300,300,292,8,否,2.7
2026/08/18,22:00,14041253,Wakamoto 若元,若元益生菌 三瓶組(220錠/瓶),75折,2410,115,110,107,8,否,7.0
2026/08/18,22:00,14359839,巴特雷,涼感風扇空調服背心含電池,83折,8319,31,28,25,6,否,19.4
2026/08/18,22:00,15535333,石頭科技,新機上市Qrevo 2 Pro掃拖機,42折,16999,78,72,74,4,否,5.1
2026/08/18,22:00,10834226,JHT,i芯深捏臀感零重力按摩椅,54折,27000,25,22,22,3,否,12.0
2026/08/18,22:00,15577683,Samsung 三星,Galaxy Z Fold8 (12G/256G),91折,54900,11,9,8,3,否,27.3
2026/08/18,22:00,10960211,HP,ST580三合一wifi連供機組★大印量首選,76折,5990,30,29,28,2,否,6.7
2026/08/18,22:00,13228913,聯碩,7-8坪一級變頻冷暖,86折,24900,15,15,15,0,否,0.0
2026/08/19,00:00,9195625,統一,陽光無加糖豆奶250mlx2箱(共48入),74折,538,598,519,477,121,否,20.2
2026/08/19,00:00,13289938,recolte 麗克特,無線萬用調理機,74折,2980,580,515,484,96,否,16.6
2026/08/19,00:00,10168380,大成,黑蜜豬︱極緻肉品9件組+100mo,44折,799,379,322,291,88,否,23.2
2026/08/19,00:00,10116136,倍潔雅,舒感柔韌150抽x70包,52折,709,495,438,409,86,否,17.4
2026/08/19,00:00,15292650,GIORDANO 佐丹奴,男女款 圓領短袖T恤(多色任選),29折,235,900,863,828,72,否,8.0
2026/08/19,00:00,13198995,American Explorer,大尺寸均一價★29/30吋行李箱/胖胖箱 PN5/AP2/AP9/C35-PLUS/M22-PLUS,26折,1248,397,337,331,66,否,16.6
2026/08/19,00:00,14154519,Prepar,Tritan保鮮盒4件套組(3色任選),48折,1099,276,239,227,49,否,17.8
2026/08/19,00:00,11808107,FOOTER,6入組-運動氣墊襪,54折,919,426,395,390,36,否,8.5
2026/08/19,00:00,7763758,包大人,瞬吸防漏 黏貼型紙褲,55折,999,814,784,779,35,否,4.3
2026/08/19,00:00,7988364,獨染風騷,植萃護髮染(10包x4盒),44折,799,299,276,267,32,否,10.7
2026/08/19,00:00,12760591,ALIANZA,艾利安莎西班牙原裝進口酪梨油1000mlx3入,64折,1080,278,257,246,32,否,11.5
2026/08/19,00:00,14047011,adidas 愛迪達,DURAMO SL 2 透氣運動鞋,43折,1090,300,281,272,28,否,9.3
2026/08/19,00:00,8042846,杏輝,美白淡斑精華6入,0.5折,911,350,335,323,27,否,7.7
2026/08/19,00:00,14175260,法國皇家,理想體態成貓飼料15kg,72折,3299,495,478,471,24,否,4.8
2026/08/19,00:00,14042714,理膚寶水,太空抗油光防曬乳,44折,1524,200,191,184,16,否,8.0
2026/08/19,00:00,11246023,滿意寶寶,寶可夢晚安褲L-XXXL(任選2箱組),78折,1978,500,487,485,15,否,3.0
2026/08/19,00:00,14761090,BRITA,瞬熱溫控冰溫熱開飲機13芯,44折,14119,27,1,13,14,否,51.9
2026/08/19,00:00,15231994,西湖渡假村,最後一檔！雙人一泊三食,19折,3599,137,126,123,14,否,10.2
2026/08/19,00:00,14383417,Logitech 羅技,ALTO KEYS K98M機械式鍵盤,88折,2390,76,67,64,12,否,15.8
2026/08/19,00:00,15143733,華碩,14吋Core 5輕薄16G,75折,18999,49,42,41,8,否,16.3
2026/08/19,00:00,13401083,白蘭氏,黑醋栗+金盞花葉黃素精華飲48入,69折,2299,78,74,72,6,否,7.7
2026/08/19,00:00,15437770,飲后,超孅飲6盒(15包/盒),37折,2880,200,195,194,6,否,3.0
2026/08/19,00:00,15425603,NEOFLAM,Midas PURE系列不鏽鋼鍋可拆3鍋8件組,31折,3690,27,22,22,5,否,18.5
2026/08/19,00:00,11139341,東元,6-7坪一級變頻冷暖空調,73折,24900,15,11,11,4,否,26.7
2026/08/19,00:00,14865554,周大福,9999黃金金幣 1g；多款任選,89折,5688,60,57,56,4,否,6.7
2026/08/19,00:00,9719015,惠而浦,12KG音波變頻洗衣機,61折,8888,50,46,46,4,否,8.0
2026/08/19,00:00,10877396,國際牌,高滲透奈米水離子吹風機-NA0J深藍,68折,7490,50,47,47,3,否,6.0
2026/08/19,00:00,8161435,瑞康屋,瑞士HOTPAN休閒鍋3L石榴紅,58折,9999,29,27,26,3,否,10.3
2026/08/19,00:00,13351861,船井生醫,FIP100纖維粉增量限定版240包,33折,6480,50,48,48,2,否,4.0
2026/08/19,00:00,14409712,小米官方旗艦館,掃拖機器人 5,64折,12888,49,48,48,1,否,2.0
2026/08/19,00:00,15173945,樂高,法拉利頭盔2入組,71折,4599,63,62,62,1,否,1.6
2026/08/19,00:00,14286857,夏普,300公升一級右開冰箱,67折,14888,10,9,9,1,否,10.0
2026/08/19,00:00,12939944,輝葉,X-Runner智能電動跑步機 HY-20612,49折,19800,20,20,20,0,否,0.0
2026/08/19,00:00,11757369,Apple,A級福利品 iPad 9 平板電腦-A2602(10.2吋/WiFi/64G),92折,7599,18,19,19,0,否,0.0
2026/08/19,07:00,14009210,BRITA,愛奴娜濾水壺組(共1壺13芯),35折,2099,600,557,472,128,否,21.3
2026/08/19,07:00,14411766,安耐曬,金鑽防曬露NA 5X版x2,47折,909,249,204,150,99,否,39.8
2026/08/19,07:00,10972183,Meiji 明治,任選巧克力5盒/箱(72%/86%/95%),74折,549,422,386,338,84,否,19.9
2026/08/19,07:00,8996886,澳思萊,沁涼滾珠精油棒8入(任選),26折,520,480,444,402,78,否,16.2
2026/08/19,07:00,7390178,台鹽,海洋鹼性離子水850mlx60入,62折,1197,280,245,208,72,否,25.7
2026/08/19,07:00,12214847,Chic Chic 琪琪,降50/件★10入抑菌無痕內褲(多款選),42折,499,499,478,430,69,否,13.8
2026/08/19,07:00,15061824,新興四六一,紅燒/清燉/胡椒/泡菜軟骨肉9+3包,55折,999,320,293,253,67,否,20.9
2026/08/19,07:00,13289938,recolte 麗克特,無線萬用調理機,74折,2980,537,507,471,66,否,12.3
2026/08/19,07:00,15434383,NIKE 耐吉,AIR MAX BIA 男女運動鞋 休閒鞋 (多款選),48折,1299,188,167,138,50,否,26.6
2026/08/19,07:00,8372350,挺立,關鍵迷你錠 4+1盒組,6折,2998,499,480,454,45,否,9.0
2026/08/19,07:00,15259569,藍鑽,除臭貓砂 8.5kg*2入,72折,1299,431,407,388,43,否,10.0
2026/08/19,07:00,9474221,添寧,貼心敢動褲M-XL,49折,999,915,898,874,41,否,4.5
2026/08/19,07:00,8299663,白鴿,抗菌洗衣精6包+贈潤髮乳,41折,629,400,375,362,38,否,9.5
2026/08/19,07:00,12844270,大研生醫,德國頂級魚油6入組(60粒/入),4折,4850,100,72,64,36,否,36.0
2026/08/19,07:00,13628080,BLACK HAMMER,吸管杯860ml兩入組,39折,990,310,299,275,35,否,11.3
2026/08/19,07:00,13100507,高露潔,抗敏感牙膏120gx16入,36折,999,289,273,254,35,否,12.1
2026/08/19,07:00,15130344,YOMIX 優迷,磁吸線組★四合一5000mAh超迷你半固態磁吸行動電源,23折,999,119,104,92,27,否,22.7
2026/08/19,07:00,13344415,Oral-B 歐樂B,iO2 微磁電動牙刷+刷頭二入,49折,1990,100,88,78,22,否,22.0
2026/08/19,07:00,10729530,鍋寶,316不鏽鋼調理鍋3鍋6件組,33折,990,305,292,283,22,否,7.2
2026/08/19,07:00,13833741,雨傘王,BigRed 極度輕黑膠系列口袋傘/手開傘★新色上市,7折,699,349,333,327,22,否,6.3
2026/08/19,07:00,6686848,HERAN禾聯,無線手持吸塵器HVC-23E6B,47折,2699,99,95,81,18,否,18.2
2026/08/19,07:00,15363813,MON’S,綁帶/造型針織上衣(任選),39折,777,301,296,288,13,否,4.3
2026/08/19,07:00,7679325,船井生醫,極纖錠獨家增量版448顆,27折,4499,70,60,58,12,否,17.1
2026/08/19,07:00,13551242,GJS 金敬順黃金項鍊 精緻 多選款(金重:0.70錢/+-0.05錢),GJS 金敬順黃金項鍊 精緻 多選款(金重:0.70錢/+-0.05錢),8折,13388,17,13,7,10,否,58.8
2026/08/19,07:00,13590645,珈樂堤,生飲級製冷瞬熱三溫飲水機,58折,3111,44,40,35,9,否,20.5
2026/08/19,07:00,3722363,輝葉4D溫熱手感按摩坐墊(肩頸按摩/椅墊/靠墊 可車用 HY-633),輝葉4D溫熱手感按摩坐墊(肩頸按摩/椅墊/靠墊 可車用 HY-633),45折,3999,26,20,17,9,否,34.6
2026/08/19,07:00,14292095,Samsonite 新秀麗,28吋 FLATFORM 前開式/上掀式可擴充大容量輕量PC抗震輪行李箱(多色可選),6折,8880,48,43,39,9,否,18.8
2026/08/19,07:00,10693141,SK-II,煥顏活膚霜100g,58折,4199,103,100,95,8,否,7.8
2026/08/19,07:00,9917329,LG,13KG蒸洗脫滾筒,64折,19900,48,43,41,7,否,14.6
2026/08/19,07:00,8333154,3M,S301三道式淨水器特惠組,63折,9111,30,30,23,7,否,23.3
2026/08/19,07:00,14831560,ASUS 華碩,27型 OLED 240Hz 電競螢幕,58折,10388,40,40,39,1,否,2.5
2026/08/19,07:00,14736994,DJI,Neo 三電池版｜一鍵起飛新手必備,78折,5490,30,29,29,1,否,3.3
2026/08/19,07:00,15577244,星巴克,大杯咖啡密斯朵,85折,85,3,2,2,1,否,33.3
2026/08/19,07:00,15134110,ASUS,Core 5八核文書16G★螢幕超值組,9折,27990,20,20,19,1,否,5.0
2026/08/19,07:00,14968012,天地合補,金盞花葉黃素濃縮飲96入,94折,4399,67,66,67,0,否,0.0
2026/08/19,07:00,14037867,石頭科技,F25 Lite Combo多合一全能吸塵洗地機,47折,12888,50,50,50,0,否,0.0
2026/08/19,07:00,14819081,Joseph Joseph,砧板刀具六件組-灰藍,58折,2111,3,1,4,0,否,0.0
2026/08/19,11:00,12638823,BRITA,去水垢濾心(12入裝),6折,1988,541,436,365,176,否,32.5
2026/08/19,11:00,13279705,ARIEL,抗菌抗臭洗衣精2+6組,57折,799,498,449,400,98,否,19.7
2026/08/19,11:00,14009210,BRITA,愛奴娜濾水壺組(共1壺13芯),35折,2099,600,554,505,95,否,15.8
2026/08/19,11:00,13704397,湛盧咖啡,經典綜合濾掛咖啡2盒(共72包;中焙/深焙任選),82折,1199,247,215,189,58,否,23.5
2026/08/19,11:00,9602965,知覺優格,水果優格飲11入組+贈1獨享杯,68折,868,348,315,293,55,否,15.8
2026/08/19,11:00,15259005,臻御行,台灣水果乾任選3袋,5折,559,379,348,331,48,否,12.7
2026/08/19,11:00,12608285,大同,10人份不鏽鋼電鍋光耀藍,7折,2740,77,53,45,32,否,41.6
2026/08/19,11:00,13901279,MIT iLook,冰冰被/冰絲床包-2入組,21折,918,330,319,302,28,否,8.5
2026/08/19,11:00,11150640,好奇,純水濕巾30包,65折,1029,330,319,307,23,否,7.0
2026/08/19,11:00,9709538,大研生醫,淨密樂蔓越莓甘露糖粉包24包X5盒,39折,2199,299,283,276,23,否,7.7
2026/08/19,11:00,7851424,MarCella 瑪榭,7件組★無縫抗菌內褲-薄感中高腰,56折,1111,500,492,479,21,否,4.2
2026/08/19,11:00,15470388,LEVIS,線上獨家 女生牛仔褲 多款任選,4折,1790,170,155,151,19,否,11.2
2026/08/19,11:00,13506797,歐姬兒,升級版凍齡蜂王乳凝露EX6入,36折,4622,70,62,55,15,否,21.4
2026/08/19,11:00,15535333,石頭科技,Qrevo 2 Pro掃拖機器人,42折,16999,50,42,37,13,否,26.0
2026/08/19,11:00,14587016,WEIDER 威德益生菌x2盒(3gx90包/盒)(美式賣場/益生菌順暢/酵素),WEIDER 威德益生菌x2盒(3gx90包/盒)(美式賣場/益生菌順暢/酵素),81折,1799,179,173,168,11,否,6.1
2026/08/19,11:00,13614871,IRIS,輕量無線吸塵器SCD-185P,83折,2999,89,83,78,11,否,12.4
2026/08/19,11:00,13464864,億光,50W LED吸頂燈2入組,33折,1899,137,130,127,10,否,7.3
2026/08/19,11:00,13556718,海爾,75型QLED智慧TV,56折,16988,28,22,19,9,否,32.1
2026/08/19,11:00,15114562,Wedar 薇達,精萃沙棘果油+MCT 6盒組(30顆/盒),26折,1388,250,249,242,8,否,3.2
2026/08/19,11:00,15112589,Branden,SAFEPLUS輕量安心防盜後背包,75折,2590,113,108,105,8,否,7.1
2026/08/19,11:00,13521230,巴黎卡詩,奢光小金油買75送60ml,46折,2340,200,193,192,8,否,4.0
2026/08/19,11:00,14782143,神奇柑仔店番外套書：歡迎光臨錢天堂與天獄園,神奇柑仔店番外套書：歡迎光臨錢天堂與天獄園,55折,593,299,294,292,7,否,2.3
2026/08/19,11:00,15401637,契爾氏,金盞花精華化妝水500ml,39折,2385,159,155,152,7,否,4.4
2026/08/19,11:00,14857233,Logitech G,PRO X 2 SUPERSTRIKE類比滑鼠,84折,4390,78,75,73,5,否,6.4
2026/08/19,11:00,12584102,德國雙人,Enjoy不沾鍋炒鍋30cm附玻璃蓋,34折,1699,180,179,176,4,否,2.2
2026/08/19,11:00,13117637,紐崔斯,黑鑽貓糧+凍乾4.5kg,55折,1899,247,245,243,4,否,1.6
2026/08/19,11:00,14159002,杏輝醫藥,優倍多 強力苦瓜胜肽膠囊 5入,45折,3195,150,149,147,3,否,2.0
2026/08/19,11:00,13481995,ASUS 華碩,WiFi 7 雙頻 Mesh 路由器,93折,7488,40,38,37,3,否,7.5
2026/08/19,11:00,15506025,華碩,Ultra 5輕薄16G/OLED,92折,34999,50,50,48,2,否,4.0
2026/08/19,11:00,15491289,麥當勞,豬肉滿福堡加蛋+冰美式,52折,58,9,9,8,1,否,11.1
2026/08/19,11:00,13884113,Lenovo,Legion Tab Gen 3 12G/256G,72折,12990,50,49,49,1,否,2.0
2026/08/19,11:00,15491296,麥當勞,大麥克+勁辣雞腿堡雙人套餐,69折,299,1,733,586,0,否,0.0
2026/08/19,14:00,11649134,東門興記,手工水餃任選3包,78折,657,422,361,319,103,否,24.4
2026/08/19,14:00,15343408,OBgE,遮瑕粉底棒13g,43折,599,300,260,238,62,否,20.7
2026/08/19,14:00,8990597,倍潔雅,好韌真3層100抽72包,53折,799,499,469,439,60,否,12.0
2026/08/19,14:00,15495761,農會,有機鮮採黑木耳露350mlx24入,31折,629,365,329,312,53,否,14.5
2026/08/19,14:00,15307428,Owala,彈蓋+可拆式吸管運動水壺740ml,66折,599,47,0,0,47,是,100.0
2026/08/19,14:00,13055040,KLIM 克寧,UCII靈活高鈣奶粉750gx2罐,8折,968,398,365,354,44,否,11.1
2026/08/19,14:00,12621698,日本Arnest,深型不沾炒鍋30cm,14折,988,310,290,274,36,否,11.6
2026/08/19,14:00,10456013,銀湯匙,貓罐頭70g*48罐,49折,1395,498,475,465,33,否,6.6
2026/08/19,14:00,14994057,命運好好玩,老師推薦款-金箔沐浴乳3入組,39折,688,249,233,216,33,否,13.3
2026/08/19,14:00,14578775,PUMA,Softride系列 慢跑運動鞋 (多款選),41折,999,244,219,211,33,否,13.5
2026/08/19,14:00,13211773,李施德霖,綠茶/薄荷漱口水6入,6折,899,350,336,318,32,否,9.1
2026/08/19,14:00,12787366,BRITA,5重龍濾水器組(共1機4芯),49折,4580,243,225,213,30,否,12.3
2026/08/19,14:00,15371098,曼黛瑪璉,3套組-包覆提托經典內衣 B-E罩杯,27折,1780,387,375,364,23,否,5.9
2026/08/19,14:00,5941232,BRITA,P1000硬水軟化濾芯2入組,36折,4499,95,84,73,22,否,23.2
2026/08/19,14:00,9275670,好奇,超薄舒吸褲 L-2XL,75折,1149,289,275,270,19,否,6.6
2026/08/19,14:00,14107740,幫寶適,一級幫散熱拉拉褲/黏貼尿布5箱,73折,5239,500,489,485,15,否,3.0
2026/08/19,14:00,15506419,KINYO,14吋遙控循環電扇 AWAF-027,35折,699,168,147,154,14,否,8.3
2026/08/19,14:00,15217164,韓國Ondle 正韓純天然初榨冷壓生紫蘇油180mlx3入,韓國Ondle 正韓純天然初榨冷壓生紫蘇油180mlx3入,3折,1099,279,275,266,13,否,4.7
2026/08/19,14:00,10653329,DR.WU,杏仁酸煥膚精華18％,5折,1600,187,183,180,7,否,3.7
2026/08/19,14:00,11006259,禾聯,4-6坪一級變頻冷暖空調,59折,17900,18,14,12,6,否,33.3
2026/08/19,14:00,15023945,m2 美度,超能膠原新生飲5盒組(8入/盒),48折,3380,490,485,484,6,否,1.2
2026/08/19,14:00,9609907,芭比波朗,全新維他命乳霜50ml,86折,2600,200,195,194,6,否,3.0
2026/08/19,14:00,15581233,HeyCiao,海綿寶寶 比奇堡 掛件系列 (端盒),87折,1099,109,107,106,3,否,2.8
2026/08/19,14:00,15249606,華碩,17.3吋R7滿血RTX4050,97折,38999,50,49,48,2,否,4.0
2026/08/19,14:00,13102396,LARGAN 大立美,晶亮立克5盒(30粒/盒),25折,3788,100,99,98,2,否,2.0
2026/08/19,14:00,14434335,Apple,iPhone 17 Pro Max(256G/6.9吋),94折,43100,40,39,38,2,否,5.0
2026/08/19,14:00,15467864,善存,我的每日營養 3入組,83折,2164,125,125,124,1,否,0.8
2026/08/19,14:00,15030644,dyson,深層潔淨洗地機DW50(全新升級),73折,13888,25,25,24,1,否,4.0
2026/08/19,14:00,13298580,COACH,官方直營 TERI經典單肩包/斜背包/手提包-多款,41折,6999,40,39,39,1,否,2.5
2026/08/19,14:00,15143552,ASUS,i7十核RTX5050電競★升32G,82折,42888,20,19,19,1,否,5.0
2026/08/19,14:00,15584105,Google,Pixel 11 Pro XL 5G 6.8吋(16G/512G/Tensor G6+Titan M3安全晶片/5000萬鏡頭畫素/AI手機),91折,42990,50,50,49,1,否,2.0
2026/08/19,14:00,13977808,漢堡王,買一送一★雙層火烤牛肉堡,5折,109,245,76,275,0,否,0.0
2026/08/19,18:00,14009210,Aluna XL愛奴娜濾水壺+MXPRO去水垢12入濾芯,Aluna XL愛奴娜濾水壺+MXPRO去水垢12入濾芯,35折,2099,600,,0,600,是,100.0
2026/08/19,18:00,15468114,BRITA,愛奴娜濾水壺組(共2壺14芯),55折,2380,450,,0,450,是,100.0
2026/08/19,18:00,10349968,3M,WP3000 Plus即淨長效濾水壺,42折,999,200,,0,200,是,100.0
2026/08/19,18:00,8013536,白熊,洗碗精4kg*4入,75折,599,300,269,239,61,否,20.3
2026/08/19,18:00,15133669,BRITA,純淨濾水壺組(共1壺8芯),44折,1800,179,157,120,59,否,33.0
2026/08/19,18:00,13289938,recolte 麗克特,無線萬用調理機,74折,2980,435,422,386,49,否,11.3
2026/08/19,18:00,14258231,J&H collection,舒適百搭便捷外出質感增高休閒鞋 涼鞋 淑女鞋(共三款),31折,699,153,137,111,42,否,27.5
2026/08/19,18:00,8064188,太生利,液態皂1000mlx3入,3折,988,83,67,46,37,否,44.6
2026/08/19,18:00,12797999,mo select,日本製今治薩馬爾罕長纖棉浴巾2入組,3折,899,119,103,89,30,否,25.2
2026/08/19,18:00,15450282,ARMANI,高訂持久霧光氣墊粉餅,45折,2850,69,59,44,25,否,36.2
2026/08/19,18:00,4850950,添寧,新升級 長效/夜用型紙尿褲M-XL,68折,1299,500,491,480,20,否,4.0
2026/08/19,18:00,14645690,健康優見,葉黃素軟膠囊10瓶+贈維生素C 2瓶,43折,1999,354,345,338,16,否,4.5
2026/08/19,18:00,8532502,cama cafe,尋豆師精選咖啡豆3包(454g/包;風味任選),78折,888,340,333,327,13,否,3.8
2026/08/19,18:00,14019529,BRITA,ModelONE+濾芯13芯組,39折,8888,29,24,16,13,否,44.8
2026/08/19,18:00,14148896,adidas 愛迪達,防曬連帽外套 抗UV 薄外套 寬鬆 女款(多款任選),51折,1190,300,293,288,12,否,4.0
2026/08/19,18:00,15222080,NEW BALANCENB,574系列_復古鞋(多款任選),56折,1688,300,294,288,12,否,4.0
2026/08/19,18:00,14169450,華碩,16吋i5HX版滿血RTX5060,92折,47999,50,46,40,10,否,20.0
2026/08/19,18:00,5348265,老協珍,熬雞精14入2盒+人蔘精12入,68折,3080,80,77,70,10,否,12.5
2026/08/19,18:00,9486380,雅詩蘭黛,粉持久粉底液買1送2,77折,2400,199,198,191,8,否,4.0
2026/08/19,18:00,15479163,Apple,2026 iPad Air M4晶片/11吋/WiFi/256G,91折,27900,30,27,24,6,否,20.0
2026/08/19,18:00,14084798,HERAN禾聯瞬熱溫水SPA洗淨便座,HERAN禾聯瞬熱溫水SPA洗淨便座,72折,5790,130,128,127,3,否,2.3
2026/08/19,18:00,15491289,麥當勞,豬肉滿福堡加蛋+冰美式,52折,58,9,9,7,2,否,22.2
2026/08/19,18:00,13929786,3M,可水洗涼感涼夏被,36折,1899,200,199,198,2,否,1.0
2026/08/19,18:00,14191512,Baicycle,U8 PRO電動折疊車,69折,15888,20,20,18,2,否,10.0
2026/08/19,18:00,9089402,輝葉,WULA超有力小沙發按摩椅,35折,19999,30,30,28,2,否,6.7
2026/08/19,18:00,13554585,法國Staub,圓型鑄鐵鍋16cm+鍋蓋架,4折,3999,75,74,74,1,否,1.3
2026/08/19,18:00,15350834,中元普渡拜拜箱 闔家平安特惠7件組,中元普渡拜拜箱 闔家平安特惠7件組,76折,599,297,275,309,0,否,0.0
2026/08/19,18:00,11821954,達摩本草,92%高濃度魚油10入（共1200顆),33折,6399,40,47,44,0,否,0.0
2026/08/19,18:00,9185848,宜得利家居,半皮3人用沙發,9折,22410,10,10,10,0,否,0.0
2026/08/19,22:00,14176506,蕎拉燕麥,超級纖脆/穀食4包,41折,499,602,529,497,105,否,17.4
2026/08/19,22:00,8388541,善存,葉黃素軟膠囊4+1盒組,53折,2141,200,167,104,96,否,48.0
2026/08/19,22:00,10116136,倍潔雅,舒感柔韌150抽x70包,52折,709,500,457,406,94,否,18.8
2026/08/19,22:00,14897113,品客洋芋片12入,品客洋芋片12入,71折,529,550,504,459,91,否,16.5
2026/08/19,22:00,13330061,萬歲牌,無調味堅果隨手包盒裝5盒組(共25包),65折,659,458,401,378,80,否,17.5
2026/08/19,22:00,12638823,BRITA,去水垢濾心(12入裝),6折,1988,549,510,486,63,否,11.5
2026/08/19,22:00,10101929,Logitech 羅技,Lift 人體工學垂直藍牙滑鼠,71折,1790,76,51,34,42,否,55.3
2026/08/19,22:00,15468114,BRITA,愛奴娜濾水壺組(共2壺14芯),55折,2380,449,434,424,25,否,5.6
2026/08/19,22:00,13536609,ROOTON,植萃養髮噴霧2入組,57折,1280,200,192,181,19,否,9.5
2026/08/19,22:00,10681202,SWAROVSKI 施華洛世奇,Only/Una Angelic 手鏈/耳釘(情人節禮物),57折,1999,89,78,73,16,否,18.0
2026/08/19,22:00,10567704,無塵氏,酒精擦抗菌濕巾85抽x24包/箱,32折,769,188,178,172,16,否,8.5
2026/08/19,22:00,12787366,BRITA,5重龍濾水器組(共1機4芯),49折,4580,192,186,178,14,否,7.3
2026/08/19,22:00,14921074,華碩,15.6吋Core 7輕薄16G,86折,24999,49,37,35,14,否,28.6
2026/08/19,22:00,11575124,達摩本草,專利山苦瓜胜月太6入(共540顆),41折,4950,79,71,67,12,否,15.2
2026/08/19,22:00,14761090,BRITA,瞬熱溫控冰溫熱開飲機13芯,44折,14119,26,18,15,11,否,42.3
2026/08/19,22:00,15416394,理膚寶水,MELA PRO美白禮盒,39折,2208,300,294,289,11,否,3.7
2026/08/19,22:00,15512661,巴黎萊雅,金緻護髮精油任選3入,69折,1211,250,244,241,9,否,3.6
2026/08/19,22:00,14159538,24HRS,寶寶藍新上市★鎮店款支撐內衣-5件組,55折,1900,500,495,492,8,否,1.6
2026/08/19,22:00,12844270,大研生醫,德國頂級魚油6入組(60粒/入),4折,4850,100,98,93,7,否,7.0
2026/08/19,22:00,8085604,美博士,B3水楊酸精華3入組,55折,2280,135,131,128,7,否,5.2
2026/08/19,22:00,12750992,德國Emma,Lite獨立筒床墊-標準單人,27折,3999,53,49,48,5,否,9.4
2026/08/19,22:00,11182207,dyson,V12強勁輕量智慧無線吸塵器(升級HEPA過濾),67折,16888,149,146,145,4,否,2.7
2026/08/19,22:00,11006259,禾聯,4-6坪一級變頻冷暖空調,59折,17900,20,19,18,2,否,10.0
2026/08/19,22:00,15491289,麥當勞,豬肉滿福堡加蛋+冰美式,52折,58,9,8,7,2,否,22.2
2026/08/19,22:00,12132418,Artso 亞梭,舒芙椅多色任選,59折,5999,158,157,156,2,否,1.3
2026/08/19,22:00,14778228,BGYM 比勁,DD03 超慢跑律動走步機PRO-登山者+3%,48折,11099,29,28,27,2,否,6.9
2026/08/19,22:00,14861241,三星,65型4K智慧顯示器,71折,19900,30,28,28,2,否,6.7
2026/08/19,22:00,14503245,SHARP 夏普,10公升 2合1空氣清淨除濕機 DW-LT10FT-W,69折,8999,50,50,50,0,否,0.0
2026/08/19,22:00,14448614,ASUS 華碩,ROG XBOX ALLY X電競掌機(ALLY-RC73XA-0031AZ2E/Z2八核心 Extreme/24G/1TB/W11),94折,32999,30,30,30,0,否,0.0
2026/08/19,22:00,12842795,亞培,安素原味 HMB升級配方 60入,82折,4250,200,200,200,0,否,0.0
2026/08/19,22:00,11562989,華碩平台,i5 RTX5060電競電腦(14400F/16G/1T),91折,33490,20,20,20,0,否,0.0
2026/08/20,00:00,15100627,阿財伯,泰國金枕頭冷凍榴槤5盒(原裝),51折,899,305,243,227,78,否,25.6
2026/08/20,00:00,13566400,超凝小姐,豆腐貓砂*6入,53折,799,497,453,420,77,否,15.5
2026/08/20,00:00,11103660,每朝健康,無糖綠茶650mlx2箱(共48入),58折,1099,298,247,226,72,否,24.2
2026/08/20,00:00,8531746,朵舒,舒適柔韌150抽x80包,47折,799,499,451,434,65,否,13.0
2026/08/20,00:00,9596499,Oral-B 歐樂B,PRO3 3D電動牙刷+送兩年份刷頭,43折,2111,95,55,41,54,否,56.8
2026/08/20,00:00,13062545,肌膚之鑰,妝前凝霜37ml,57折,1199,298,265,244,54,否,18.1
2026/08/20,00:00,14404945,Arowana 亞諾納,88節快閃限定★25吋自由時刻河馬箱｜前開上開式行李箱 獨家爆款回歸,22折,1112,393,365,351,42,否,10.7
2026/08/20,00:00,13806294,飛利浦,全自動義式咖啡機(EP1221),52折,8911,94,69,62,32,否,34.0
2026/08/20,00:00,13188901,飛利浦,50型4K智慧TV,59折,9999,41,18,16,25,否,61.0
2026/08/20,00:00,15378128,LACOSTE,圓領短袖T恤(經典版),43折,1288,250,242,229,21,否,8.4
2026/08/20,00:00,13076139,iHDoc,頂級鋅(60粒/盒；3盒組),4折,1190,260,246,242,18,否,6.9
2026/08/20,00:00,14949515,MUFU,V40S 雙鏡機車行車記錄器 (贈64GB記憶卡),69折,2790,94,82,77,17,否,18.1
2026/08/20,00:00,12584101,德國雙人,Enjoy不沾鍋湯鍋20cm附玻璃蓋,3折,999,299,285,283,16,否,5.4
2026/08/20,00:00,14200940,innisfree,1%A醇PDRN安瓶精華40ml,42折,1280,100,93,85,15,否,15.0
2026/08/20,00:00,15506513,巴黎萊雅,豐盈洗/護髮素任選3入,75折,949,320,306,305,15,否,4.7
2026/08/20,00:00,14950971,FILA,精選男女慢跑鞋 運動鞋 休閒鞋 緩震 (多款選),37折,999,243,231,229,14,否,5.8
2026/08/20,00:00,9195928,京美,5件組 健康超抗菌推薦 竹炭銀纖維提臀機能內褲,58折,1888,150,140,137,13,否,8.7
2026/08/20,00:00,14935959,BODYLUV,全方位洗臉台過濾器+濾芯3入,68折,1299,96,85,83,13,否,13.5
2026/08/20,00:00,13663845,Suntory 三得利,固力伸 葡萄糖胺 30日份 x 2罐(360錠_原廠購入有防偽標籤),77折,2790,300,296,287,13,否,4.3
2026/08/20,00:00,13913204,飛利浦,14.2L抗敏清淨除濕機-DE5306,64折,8999,20,9,8,12,否,60.0
2026/08/20,00:00,14279152,川湯春天,雙人一泊二食/四人含早,41折,6600,76,70,64,12,否,15.8
2026/08/20,00:00,7252958,HERAN 禾聯,重磅升級!無線吸塵拖地洗地機,6折,2988,79,73,69,10,否,12.7
2026/08/20,00:00,10349968,3M,WP3000 Plus即淨長效濾水壺,42折,999,200,195,192,8,否,4.0
2026/08/20,00:00,14740370,Apple,AirPods Pro 3,88折,6999,49,45,41,8,否,16.3
2026/08/20,00:00,8426761,ON 歐恩,金牌乳清蛋白5磅(多口味可選),81折,3249,150,145,144,6,否,4.0
2026/08/20,00:00,15175757,Philips 飛利浦,X5012電鬍刀+HX2411音波牙刷,81折,3188,200,196,195,5,否,2.5
2026/08/20,00:00,15346066,MSI 微星,15.6吋i9HX滿血RTX5060,7折,53999,15,10,10,5,否,33.3
2026/08/20,00:00,15520694,Samsung 三星,Galaxy Tab A11+ 6G/128G,79折,7990,100,98,96,4,否,4.0
2026/08/20,00:00,13849690,小米,Xiaomi 吸頂燈 D40,89折,1899,62,59,58,4,否,6.5
2026/08/20,00:00,15536177,統一LP33,健字號益生菌膠囊*6盒(30顆/盒),62折,4468,200,197,197,3,否,1.5
2026/08/20,00:00,11139341,東元,6-7坪一級變頻冷暖空調,73折,24900,15,13,13,2,否,13.3
2026/08/20,00:00,13891462,飛利浦,5.1.2聲道無線重低聲霸,6折,14999,15,14,14,1,否,6.7
2026/08/20,00:00,11141670,髮速黑,免沖洗黑髮套組(遮白髮),0.0折,1,145,144,144,1,否,0.7
2026/08/20,00:00,13840692,來復易,防漏安心復健褲S-XL (2箱),65折,2399,1,982,977,0,否,0.0
2026/08/20,07:00,15039439,肯德基,咔啦脆雞5塊+蛋撻禮盒,52折,339,898,700,492,406,否,45.2
2026/08/20,07:00,6480933,禾聯,14吋智能變頻DC風扇 HDF-14A3,4折,999,499,410,332,167,否,33.5
2026/08/20,07:00,5490379,Schweppes 舒味思,萊姆口味氣泡水500mlx48入,42折,720,281,228,186,95,否,33.8
2026/08/20,07:00,14991091,CIAO,囤貨組-啾嚕肉泥24包,62折,869,298,258,239,59,否,19.8
2026/08/20,07:00,14469858,得意的一天義大利橄欖油1Lx3瓶(超值贈品任選),得意的一天義大利橄欖油1Lx3瓶(超值贈品任選),84折,1485,220,196,161,59,否,26.8
2026/08/20,07:00,15429185,阿原獨家限定深層淨化艾抹冷凝皂6+3,阿原獨家限定深層淨化艾抹冷凝皂6+3,5折,1880,321,265,263,58,否,18.1
2026/08/20,07:00,8806846,大成,中一排骨20片組,49折,988,319,296,263,56,否,17.6
2026/08/20,07:00,6384565,一匙靈,洗衣精補充包兩箱,71折,818,500,467,446,54,否,10.8
2026/08/20,07:00,14038302,Medimix,印度美肌皂30入,12折,819,300,285,249,51,否,17.0
2026/08/20,07:00,10419093,滿意寶寶,極上呵護輕巧褲L-XL(任選2箱組),73折,2798,499,483,456,43,否,8.6
2026/08/20,07:00,11761101,IMPACT 怡寶,輕量成長型／閃耀星空輕量護脊書包｜momo限定｜120cm以上(國小 小學 兒童 學生),53折,1611,47,29,10,37,否,78.7
2026/08/20,07:00,12092813,雪之上,全效合一水凝霜3入,55折,2620,119,106,97,22,否,18.5
2026/08/20,07:00,10343393,元大珠寶黃金一錢金塊金條 十三選一(獨家與白沙屯媽祖授權聯名),元大珠寶黃金一錢金塊金條 十三選一(獨家與白沙屯媽祖授權聯名),93折,18988,53,42,34,19,否,35.8
2026/08/20,07:00,11876111,HongYew 鴻宇,兩用被床包組,19折,1680,179,168,161,18,否,10.1
2026/08/20,07:00,10432463,MarCella 瑪榭,3件組★裸感美型無痕內衣-支撐加強,49折,1111,500,489,482,18,否,3.6
2026/08/20,07:00,15519923,IRIS 艾莉詩,法式花影洋裝(多款任選),18折,1399,200,191,185,15,否,7.5
2026/08/20,07:00,14284910,大研生醫,EPA 1200 頂級魚油軟膠囊x4入(90粒/盒),38折,3899,100,95,87,13,否,13.0
2026/08/20,07:00,13238099,膳魔師,美國製彈蓋輕水瓶組合,59折,1599,181,178,170,11,否,6.1
2026/08/20,07:00,8275857,希爾思,成貓雞肉7.03kg,65折,2289,46,44,35,11,否,23.9
2026/08/20,07:00,8013804,飛利浦,全自動義式咖啡機(EP2220),28折,9999,100,94,90,10,否,10.0
2026/08/20,07:00,8047529,寶拉珍選,2%水楊酸身體乳3入,61折,1990,400,397,390,10,否,2.5
2026/08/20,07:00,14646142,健康優見,維生素C1000緩釋錠10瓶+贈B群,43折,1199,700,697,691,9,否,1.3
2026/08/20,07:00,15479611,Apple,2025 iPad 11 A16/11吋/WiFi/256G,92折,17588,29,26,20,9,否,31.0
2026/08/20,07:00,10610456,克蘭詩,黃金雙萃精華50ml,42折,3990,104,102,95,9,否,8.7
2026/08/20,07:00,13905679,鈦安,萬用鈦砧板(大+中),72折,2980,100,95,92,8,否,8.0
2026/08/20,07:00,14752389,Marshall,Stockwell II攜帶式藍牙喇叭 公司貨(古銅黑),62折,4999,60,54,53,7,否,11.7
2026/08/20,07:00,14917016,好好生醫,燕窩酸益生菌白晝光4入組,71折,3680,100,96,93,7,否,7.0
2026/08/20,07:00,11405847,康馳,UV全自動製冰機,28折,1990,100,97,95,5,否,5.0
2026/08/20,07:00,14553162,Haier 海爾,全新升級!R9 Plus高溫蒸氣織物清洗機,66折,3988,80,79,77,3,否,3.8
2026/08/20,07:00,15182452,MSI 微星,27型 VA 2K 180Hz 曲面電競螢幕,83折,4190,30,30,29,1,否,3.3
2026/08/20,07:00,15262927,MSI 微星,15.6吋C7 RTX5070輕薄首選,92折,48999,14,14,14,0,否,0.0
2026/08/20,07:00,9962559,大金,3-4坪一級變頻冷暖空調,72折,23900,10,10,10,0,否,0.0
2026/08/20,07:00,8707148,ALEGANT,抗UV400外掛全罩式太陽眼鏡/墨鏡(多款任選；均一價),44折,599,1,991,980,0,否,0.0
2026/08/20,11:00,13181394,白蘭,買2送1★4X洗衣球162顆,44折,699,398,340,286,112,否,28.1
2026/08/20,11:00,15292474,凱撒飯店聯合券,4館通用餐飲券,47折,818,369,334,290,79,否,21.4
2026/08/20,11:00,9509497,滿意寶寶,瞬潔乾爽輕巧褲L-XXL(任選2箱組),66折,2330,495,472,426,69,否,13.9
2026/08/20,11:00,13286234,adidas 愛迪達,精選運動鞋 跑鞋 慢跑鞋,37折,999,297,257,234,63,否,21.2
2026/08/20,11:00,14202453,萬歲牌,中元普渡拜拜箱 澎派零食8件組,74折,999,244,202,182,62,否,25.4
2026/08/20,11:00,15178615,STARBUCKS 星巴克,momo獨賣隨星杯咖啡分享組兩盒組,89折,899,331,297,271,60,否,18.1
2026/08/20,11:00,15435083,Chic Chic 琪琪,4件組★美型高彈BraTop(多款選),38折,719,351,313,294,57,否,16.2
2026/08/20,11:00,11659902,潘婷,爆水膠囊護髮膜 64入,35折,1111,312,281,265,47,否,15.1
2026/08/20,11:00,9199790,牙周適,牙齦護理牙膏6入,54折,749,399,379,360,39,否,9.8
2026/08/20,11:00,9596499,Oral-B 歐樂B,PRO3 3D電動牙刷+送兩年份刷頭,43折,2111,100,92,79,21,否,21.0
2026/08/20,11:00,14460388,NINE WEST,買包送夾★斜背包/手提包/托特包(多款),3折,1480,189,180,169,20,否,10.6
2026/08/20,11:00,13901279,MIT iLook,買1送1 專利冰霧極凍涼感冰冰被/床包,21折,918,327,324,308,19,否,5.8
2026/08/20,11:00,11761101,IMPACT 怡寶,輕量成長型／閃耀星空輕量護脊書包｜momo限定｜120cm以上(國小 小學 兒童 學生),53折,1611,159,150,141,18,否,11.3
2026/08/20,11:00,13729350,適樂膚,水楊酸潔膚露2入,6折,1104,299,290,281,18,否,6.0
2026/08/20,11:00,14654886,瑞康屋,不鏽鋼平底鍋24cm,54折,1199,114,104,96,18,否,15.8
2026/08/20,11:00,11724005,ONEHOUSE五開門折疊收納箱4入,ONEHOUSE五開門折疊收納箱4入,45折,1499,145,137,128,17,否,11.7
2026/08/20,11:00,12487132,希爾思,貓罐頭24入,75折,1260,300,295,286,14,否,4.7
2026/08/20,11:00,10343393,元大珠寶黃金一錢金塊金條 十三選一(獨家與白沙屯媽祖授權聯名),元大珠寶黃金一錢金塊金條 十三選一(獨家與白沙屯媽祖授權聯名),93折,18988,31,21,17,14,否,45.2
2026/08/20,11:00,7600368,悠活原力,高濃縮蔓越莓益生菌3盒(30粒/盒),48折,999,310,301,297,13,否,4.2
2026/08/20,11:00,15568013,飛利浦,2入組-小炫風100檔手持扇 ACR3222,3折,1211,299,291,287,12,否,4.0
2026/08/20,11:00,10536422,QUAKER 桂格,無糖養氣人蔘 72入,76折,3298,99,91,88,11,否,11.1
2026/08/20,11:00,13799375,Simply 新普利,超級夜酵素DX 100錠x2盒,37折,4180,500,493,490,10,否,2.0
2026/08/20,11:00,15119015,樂敦,V游離型葉黃素複方軟膠囊 120粒*2入,72折,2599,150,147,142,8,否,5.3
2026/08/20,11:00,13806294,飛利浦,全自動義式咖啡機(EP1221),52折,8911,100,97,93,7,否,7.0
2026/08/20,11:00,15505968,NEOFLAM,陶瓷雙鍋組-30炒鍋含蓋+24雙耳湯鍋,17折,1799,500,499,494,6,否,1.2
2026/08/20,11:00,15422362,法國製LANCASTER粒面牛皮鉤扣斜背包,法國製LANCASTER粒面牛皮鉤扣斜背包,57折,2880,38,37,32,6,否,15.8
2026/08/20,11:00,8426761,ON 歐恩,金牌乳清蛋白5磅(多口味可選),81折,3249,150,146,145,5,否,3.3
2026/08/20,11:00,13793399,怡麗絲爾,小金管35mlx2★加贈100mo+洗衣膠囊,75折,1575,250,247,245,5,否,2.0
2026/08/20,11:00,13786652,飛利浦,星視界透視海星氣炸鍋,66折,5990,150,147,145,5,否,3.3
2026/08/20,11:00,15506025,華碩,Ultra 5輕薄16G/OLED,92折,34999,50,49,46,4,否,8.0
2026/08/20,11:00,9437687,THOMSON,無線吸塵器TM-SAV52D,32折,5411,100,97,96,4,否,4.0
2026/08/20,11:00,15479611,Apple,2025 iPad 11 A16/11吋/WiFi/256G,92折,17588,30,29,27,3,否,10.0
2026/08/20,11:00,14692684,銀髮川柳1-9套書 (贈「笑納人生」賀年紅包組),銀髮川柳1-9套書 (贈「笑納人生」賀年紅包組),68折,1552,28,27,26,2,否,7.1
2026/08/20,11:00,15489437,DJI,Osmo Nano隨行套裝(128GB),95折,10190,30,29,29,1,否,3.3
2026/08/20,11:00,13831960,Crocs,InMotion舒樂運動鞋,62折,1799,151,150,150,1,否,0.7
2026/08/20,11:00,15285846,Acer,送羅技滑鼠★15.6吋i7 RTX5060電競筆電,93折,43900,10,10,10,0,否,0.0
2026/08/20,11:00,8666029,Sofy蘇菲,彈力貼身衛生棉,39折,459,1,1,1,0,否,0.0
2026/08/20,11:00,10894689,聖萊西,銀貓罐170g*24入,44折,799,1,975,958,0,否,0.0
2026/08/20,11:00,12888824,Philips飛利浦瞬熱智能免治馬桶座,Philips飛利浦瞬熱智能免治馬桶座,57折,6790,100,100,100,0,否,0.0
2026/08/20,14:00,15510510,NIKE,MOON SHOE 復古運動鞋,83折,2999,147,143,0,147,是,100.0
2026/08/20,14:00,6480933,禾聯,14吋智能變頻DC風扇 HDF-14A3,4折,999,493,415,367,126,否,25.6
2026/08/20,14:00,8594150,哈根達斯,新經典迷你杯16入組,34折,699,426,357,308,118,否,27.7
2026/08/20,14:00,13517660,明月豆腐,豆腐餅乾5包,84折,585,511,442,402,109,否,21.3
2026/08/20,14:00,12855305,綠的寢飾,買一送一天絲床包枕套組or涼被,2折,799,380,348,317,63,否,16.6
2026/08/20,14:00,6954757,A star,潔牙骨超大桶裝1900G,44折,749,298,274,240,58,否,19.5
2026/08/20,14:00,14920754,髮的食譜,洗護髮3入組★全新上市,58折,749,600,569,546,54,否,9.0
2026/08/20,14:00,10165053,KLIM 克寧,100%純生乳奶粉2.2kgx2罐,7折,1250,400,367,350,50,否,12.5
2026/08/20,14:00,15236158,舒潔,棉柔厚韌3層110抽x30包,44折,579,500,472,459,41,否,8.2
2026/08/20,14:00,15457201,THE VEGAN 樂維根,經典植物優蛋白 2入 1KG/袋,6折,1299,449,427,409,40,否,8.9
2026/08/20,14:00,12638823,BRITA,去水垢濾心(12入裝),69折,2280,247,227,211,36,否,14.6
2026/08/20,14:00,8278933,希爾思,成犬/高齡犬雞肉12kg,64折,2449,261,242,233,28,否,10.7
2026/08/20,14:00,10565038,京城之霜,60植萃全能乳任選2入,31折,1111,270,249,242,28,否,10.4
2026/08/20,14:00,14953117,麥雪爾,logo涼感五分褲(任選),34折,1080,157,138,131,26,否,16.6
2026/08/20,14:00,13847709,TOZO,OpenRhyme開放式降噪耳夾無線藍牙耳機,41折,1399,149,136,131,18,否,12.1
2026/08/20,14:00,15392526,M.A.C,超水感持色鏡光唇釉,5折,800,399,390,383,16,否,4.0
2026/08/20,14:00,12794553,享食尚,第四代益生菌升級版-眠PLUS 3盒組(90包),57折,3580,142,137,130,12,否,8.5
2026/08/20,14:00,15517639,植村秀,無極限精華持久光粉餅,65折,1918,99,96,88,11,否,11.1
2026/08/20,14:00,14862209,Shiny 炫麗,小金豆1克(金重：1克),93折,5488,93,87,84,9,否,9.7
2026/08/20,14:00,14211446,輝葉,WePAPA登山健走機(超慢跑 走路機HY-20613),71折,12800,20,17,13,7,否,35.0
2026/08/20,14:00,14228051,LG,超值雙層360循環扇空氣清淨機,66折,13900,50,48,45,5,否,10.0
2026/08/20,14:00,11742667,白蘭氏,深海魚油+蝦紅素 3瓶,75折,3195,110,108,107,3,否,2.7
2026/08/20,14:00,14953522,樂高,麥拉倫F1賽車42228,65折,5249,58,57,56,2,否,3.4
2026/08/20,14:00,14208908,Le Creuset,專業迷你鑄鐵鍋具3入組,33折,3999,300,298,298,2,否,0.7
2026/08/20,14:00,15553787,Google,Pixel 11 Pro 5G 6.3吋(12G/256G),9折,36990,50,48,48,2,否,4.0
2026/08/20,14:00,15091883,Philips 飛利浦,HX7421全能亮白音波電動牙刷,93折,5890,100,99,99,1,否,1.0
2026/08/20,14:00,13528252,Sofy蘇菲,超熟睡/超日安褲型衛生棉箱購,36折,725,1,1,1,0,否,0.0
2026/08/20,14:00,15339847,飛利浦,86型QLED智慧TV,66折,39999,19,19,19,0,否,0.0
2026/08/20,14:00,15059122,Lenovo,15.6吋i5 HX版RTX5060電競筆電,87折,43990,25,25,25,0,否,0.0
2026/08/20,18:00,15039439,肯德基,咔啦脆雞5塊+蛋撻禮盒,52折,339,900,697,396,504,否,56.0
2026/08/20,18:00,13181394,白蘭,買2送1★4X洗衣球162顆,44折,699,400,333,251,149,否,37.2
2026/08/20,18:00,11103660,每朝健康,無糖綠茶650mlx2箱(共48入),58折,1099,300,267,190,110,否,36.7
2026/08/20,18:00,6342134,三好米,台東關山好米9Kg,83折,549,546,509,449,97,否,17.8
2026/08/20,18:00,8531746,朵舒,舒適柔韌150抽x80包,47折,799,499,452,403,96,否,19.2
2026/08/20,18:00,15100627,阿財伯,泰國金枕頭冷凍榴槤5盒(原裝),51折,899,344,313,266,78,否,22.7
2026/08/20,18:00,12864858,滿意寶寶,純水濕巾24包,46折,909,400,362,334,66,否,16.5
2026/08/20,18:00,15178615,STARBUCKS 星巴克,momo獨賣隨星杯咖啡分享組兩盒組,89折,899,334,306,270,64,否,19.2
2026/08/20,18:00,12646202,摩斯漢堡,大份量米漢堡18入,81折,899,350,323,288,62,否,17.7
2026/08/20,18:00,14434857,摩洛哥優油買100送200ml,摩洛哥優油買100送200ml,34折,1799,199,171,143,56,否,28.1
2026/08/20,18:00,10419093,滿意寶寶,極上呵護輕巧褲L-XL(任選2箱組),73折,2798,500,486,447,53,否,10.6
2026/08/20,18:00,13286234,adidas 愛迪達,精選運動鞋 跑鞋 慢跑鞋,37折,999,300,277,248,52,否,17.3
2026/08/20,18:00,14742845,MILDSKIN,淨白礦物粉餅6入,6折,599,241,219,193,48,否,19.9
2026/08/20,18:00,8516170,象印,6人份IH微電腦電子鍋,31折,4990,69,41,29,40,否,58.0
2026/08/20,18:00,8935705,泡舒,洗潔精x3+贈566洗髮精,4折,545,400,387,360,40,否,10.0
2026/08/20,18:00,12638823,BRITA,去水垢濾心(12入裝),69折,2280,250,240,215,35,否,14.0
2026/08/20,18:00,15250237,Gelovery Gift,丸三愛 原味上豆乳/抹茶豆乳24入組(任選),51折,598,520,510,486,34,否,6.5
2026/08/20,18:00,14469858,得意的一天義大利橄欖油1Lx3瓶(超值贈品任選),得意的一天義大利橄欖油1Lx3瓶(超值贈品任選),84折,1485,218,205,187,31,否,14.2
2026/08/20,18:00,15319594,六福萬怡酒店,午/晚餐吃到飽,63折,1111,277,263,252,25,否,9.0
2026/08/20,18:00,14996773,PP 石墨烯,石墨烯能量護膝2雙,46折,3688,149,135,126,23,否,15.4
2026/08/20,18:00,14155319,CROSS,xZENDAR草編 帆布包 夏季新品★專櫃頂級小牛皮 肩背包 斜背包 (男女中性包),0.4折,2988,188,169,165,23,否,12.2
2026/08/20,18:00,9929266,m2 美度,超能膠原飲8盒囤貨組(64入),37折,5080,480,472,458,22,否,4.6
2026/08/20,18:00,14996149,mo select,雙面蓋可水洗極凍涼感被,34折,688,150,140,130,20,否,13.3
2026/08/20,18:00,7389662,大研生醫,視易適葉黃素3入組(30粒/入),41折,2488,150,144,131,19,否,12.7
2026/08/20,18:00,15549573,GOLD LIFE,可微波316不鏽鋼保鮮盒,35折,1199,100,92,82,18,否,18.0
2026/08/20,18:00,14989999,QUAKER 桂格,飲料系分離乳清蛋白粉20入,41折,796,113,106,96,17,否,15.0
2026/08/20,18:00,14663460,理膚寶水,MELA B3淡斑精華,39折,3865,200,194,185,15,否,7.5
2026/08/20,18:00,10343393,元大珠寶黃金一錢金塊金條 十三選一(獨家與白沙屯媽祖授權聯名),元大珠寶黃金一錢金塊金條 十三選一(獨家與白沙屯媽祖授權聯名),93折,18988,17,13,4,13,否,76.5
2026/08/20,18:00,15505037,克蘭詩,黃金亮眼雙萃20ml雙瓶組,46折,5364,81,79,71,10,否,12.3
2026/08/20,18:00,15400726,歌林,200公升一級變頻冰箱,64折,10900,30,25,23,7,否,23.3
2026/08/20,18:00,15512497,Even Realities,Even G2 AI 智慧眼鏡,99折,19990,30,27,27,3,否,10.0
2026/08/20,18:00,14037867,石頭科技,F25 Lite Combo多合一全能吸塵洗地機,47折,12888,50,48,47,3,否,6.0
2026/08/20,18:00,14956392,華碩,Ultra 7獨家AI 32G/OLED,93折,41999,36,35,34,2,否,5.6
2026/08/20,18:00,15356018,ROVE LAB,S8沙發床,44折,21999,10,10,8,2,否,20.0
2026/08/20,18:00,14471077,HITACHI 日立,8公升舒適節電除濕機 RD-16FR1,78折,6355,50,50,49,1,否,2.0
2026/08/20,18:00,12541812,台達電子,浴室廁所涼暖風機-豪華400系列,52折,9488,300,300,300,0,否,0.0
2026/08/20,22:00,10107945,天六,綜合豆果子餅乾42包(14包*3袋),61折,666,324,253,189,135,否,41.7
2026/08/20,22:00,8594150,哈根達斯,新經典迷你杯16入組,34折,699,426,383,346,80,否,18.8
2026/08/20,22:00,13566400,超凝小姐,豆腐貓砂*6入,53折,799,500,451,431,69,否,13.8
2026/08/20,22:00,9893050,美琪,抗菌洗手慕斯3785mlx2,69折,699,426,388,360,66,否,15.5
2026/08/20,22:00,12914393,Chic Chic 琪琪,飆低160/件★升級零感提拉無痕內衣,4折,638,350,309,292,58,否,16.6
2026/08/20,22:00,5490379,Schweppes 舒味思,萊姆口味氣泡水500mlx48入,42折,720,207,178,154,53,否,25.6
2026/08/20,22:00,9797387,古寶無患子除水垢噴瓶1入+補充3入,古寶無患子除水垢噴瓶1入+補充3入,59折,599,299,277,265,34,否,11.4
2026/08/20,22:00,5494410,驅塵氏】抗菌濕拖巾12張12包(款式任選),驅塵氏】抗菌濕拖巾12張12包(款式任選),54折,459,300,284,271,29,否,9.7
2026/08/20,22:00,12935568,愛馬仕,男性淡香水100ml,37折,1799,199,184,174,25,否,12.6
2026/08/20,22:00,7862122,寵物尿布墊8包組,寵物尿布墊8包組,44折,888,297,286,276,21,否,7.1
2026/08/20,22:00,9509497,滿意寶寶,瞬潔乾爽輕巧褲L-XXL(任選2箱組),66折,2330,500,492,482,18,否,3.6
2026/08/20,22:00,14789452,CSD,IKIGAI牙粉漱口水組,62折,499,500,494,487,13,否,2.6
2026/08/20,22:00,14107740,幫寶適,一級幫散熱拉拉褲/黏貼尿布5箱,73折,5239,499,493,487,12,否,2.4
2026/08/20,22:00,11756917,ON 歐恩,肌酸 600克(原味),59折,1199,299,290,287,12,否,4.0
2026/08/20,22:00,8278949,希爾思,完美體重成貓雞肉6.8kg,65折,2149,180,176,170,10,否,5.6
2026/08/20,22:00,13560155,飛利浦,雙溫萃取全自動義式咖啡機,74折,22900,50,45,43,7,否,14.0
2026/08/20,22:00,14886749,義大皇家酒店,2大2小家庭房含早餐,32折,4199,62,58,56,6,否,9.7
2026/08/20,22:00,13913204,飛利浦,14.2L抗敏清淨除濕機-DE5306,64折,8999,50,46,45,5,否,10.0
2026/08/20,22:00,11340568,Crocs,經典厚底光輪洞洞鞋,45折,1499,167,164,164,3,否,1.8
2026/08/20,22:00,14267981,TCL,75型QLED智慧TV,61折,26900,18,16,16,2,否,11.1
2026/08/20,22:00,13199987,LONGCHAMP,LE PLIAGE ENERGY系列再生尼龍短把手提/斜背兩用包(多款),73折,6888,9,8,7,2,否,22.2
2026/08/20,22:00,8073303,日芳珍饌,常溫淬魚精15入禮盒,83折,2499,22,20,20,2,否,9.1
2026/08/20,22:00,15227107,PP 石墨烯,石墨烯粒線修復女內褲4件(下單贈:100mo),33折,3688,90,89,89,1,否,1.1
2026/08/20,22:00,10606705,營養師輕食,1000EPA魚油 5入組(一入60顆),52折,5999,200,199,199,1,否,0.5
2026/08/20,22:00,15302916,HP 惠普,15.6吋 i5-14HX RTX3050電競,78折,35999,15,14,14,1,否,6.7
2026/08/20,22:00,14693860,iQOO 15 5G凌雲灰(16G/512G/AI電競手機),iQOO 15 5G凌雲灰(16G/512G/AI電競手機),94折,28499,20,20,20,0,否,0.0
2026/08/20,22:00,13094241,Herman Miller,工學椅,61折,24599,10,10,10,0,否,0.0
2026/08/20,22:00,15277243,DJI,mo獨家!ROMO P旗艦智能掃地機,85折,29980,30,30,30,0,否,0.0
2026/08/21,00:00,13683504,伊萊克斯,超級完美管家吸塵器HEPA進化版(黑/紅),27折,2990,160,67,42,118,否,73.8
2026/08/21,00:00,12137812,ARIEL,4D抗菌洗衣球120顆,74折,799,497,420,387,110,否,22.1
2026/08/21,00:00,6272179,悅氏,light 鹼性水720mlx60入,47折,569,526,478,464,62,否,11.8
2026/08/21,00:00,13575052,ALIANZA,西班牙特級冷壓初榨橄欖油1000mlx3入,46折,999,300,268,246,54,否,18.0
2026/08/21,00:00,9718423,QMAT,6mm折疊瑜珈墊(贈收納袋),41折,699,147,118,110,37,否,25.2
2026/08/21,00:00,10653216,DR.WU,玻尿酸保濕精華乳2入組,5折,850,350,327,313,37,否,10.6
2026/08/21,00:00,13197310,CUOCO,2代鈦晶岩大寶鍋組34cm,66折,1311,230,212,199,31,否,13.5
2026/08/21,00:00,14899056,舒酸定,專業抗敏護齦牙膏8入,44折,999,300,278,270,30,否,10.0
2026/08/21,00:00,14986391,FAIR LADY,真皮娃娃鞋/瑪莉珍/鏤空平底鞋/休閒鞋(多款任選),37折,1480,108,86,79,29,否,26.9
2026/08/21,00:00,12513644,Incare加厚綿絨吸水超大浴巾_3入組,Incare加厚綿絨吸水超大浴巾_3入組,17折,539,121,104,95,26,否,21.5
2026/08/21,00:00,13826932,范倫鐵諾,男款 短袖口袋涼感POLO衫(任選),16折,711,420,403,398,22,否,5.2
2026/08/21,00:00,15035514,摩洛哥優油100ml買1送1,摩洛哥優油100ml買1送1,32折,1299,199,180,179,20,否,10.1
2026/08/21,00:00,15457201,THE VEGAN 樂維根,經典植物優蛋白 2入 1KG/袋,6折,1299,450,440,430,20,否,4.4
2026/08/21,00:00,14848566,24HRS,4件組★經典款療癒色無痕內衣,55折,1520,500,489,481,19,否,3.8
2026/08/21,00:00,15549729,YOMIX 優迷,迪士尼玩具總動員滿電分離器,56折,499,250,241,233,17,否,6.8
2026/08/21,00:00,15209759,石頭科技,Qrevo Edge2掃拖機器人,33折,19999,21,11,8,13,否,61.9
2026/08/21,00:00,15258336,FILA,#韓韶禧代言款 女款涼鞋 拖鞋 休閒鞋 (多款選),4折,999,264,254,251,13,否,4.9
2026/08/21,00:00,15122334,台南趣淘漫旅,4人豪華景觀房贈門票,18折,2599,188,181,176,12,否,6.4
2026/08/21,00:00,10962637,OMRON 歐姆龍,藍牙傳輸四點式體重體脂計 HBF-702T,56折,4999,251,241,240,11,否,4.4
2026/08/21,00:00,15491033,Foodcycler,廚餘大師Pro 五合一家用廚餘機,54折,11380,498,490,488,10,否,2.0
2026/08/21,00:00,14367897,LG,65型OLED智慧TV,71折,49900,29,23,23,6,否,20.7
2026/08/21,00:00,15533255,青鳥家居,奶蓋冰冰涼感系列 -任選,23折,899,290,286,284,6,否,2.1
2026/08/21,00:00,12271828,怪獸部落,慢烘鮮肉主食糧1.8kg(貓咪主食糧),78折,1799,500,497,494,6,否,1.2
2026/08/21,00:00,15256437,STAUB,魚造型鑄鐵煎烤盤33cm贈鍋蓋架,51折,6999,45,41,40,5,否,11.1
2026/08/21,00:00,15437770,飲后,超孅飲6盒(15包/盒),37折,2880,200,197,196,4,否,2.0
2026/08/21,00:00,12939944,輝葉,X-Runner智能電動跑步機 HY-20612,49折,19800,20,18,17,3,否,15.0
2026/08/21,00:00,14936224,Lenovo,Yoga Tab 11.1吋 12G/256G,78折,14990,50,48,48,2,否,4.0
2026/08/21,00:00,7695326,包大人,輕舒超薄褲/活力隱形褲/防漏安心褲,43折,999,1,974,963,0,否,0.0
2026/08/21,00:00,15059135,Lenovo,15.6吋R5 HS版 RTX3050電競筆電,85折,29990,25,25,25,0,否,0.0
2026/08/21,07:00,15242118,莫凡彼,雙人平日經典義式套餐,4折,599,515,444,354,161,否,31.3
2026/08/21,07:00,15220069,舒潔,絲絨舒膚110抽x60包,52折,788,498,428,367,131,否,26.3
2026/08/21,07:00,10112878,orionjako,韓國海苔96入 (12入/包*8包),62折,699,450,384,324,126,否,28.0
2026/08/21,07:00,9024179,甜露露,空運華盛頓9.5R櫻桃2kg,55折,869,535,497,458,77,否,14.4
2026/08/21,07:00,14466591,UNDER ARMOUR,UA 男女款 LOGO 短袖T-Shirt 運動短T(多款任選),39折,389,750,715,686,64,否,8.5
2026/08/21,07:00,14502304,OLAY,胜超紅瓶乳霜50g,62折,999,285,262,238,47,否,16.5
2026/08/21,07:00,13634155,美國OXO,熱銷備料工具組(四選一),4折,999,331,315,286,45,否,13.6
2026/08/21,07:00,5517245,貝恩,嬰兒柔濕巾24包,53折,1329,400,374,357,43,否,10.8
2026/08/21,07:00,13776182,KOSE 高絲,雪肌精500ml買1送1,5折,1980,159,142,123,36,否,22.6
2026/08/21,07:00,8938732,光泉,全脂保久乳200mlx2箱(共48入),81折,818,399,384,364,35,否,8.8
2026/08/21,07:00,8133411,大研生醫,德國頂級魚油3入組(60粒/入),37折,2499,149,135,115,34,否,22.8
2026/08/21,07:00,13092955,幫寶適,一級幫散熱拉拉褲/黏貼尿布2箱,76折,2198,497,481,464,33,否,6.6
2026/08/21,07:00,15133087,麥雪爾,萊賽爾涼感牛仔褲(任選),39折,1368,207,199,178,29,否,14.0
2026/08/21,07:00,11331449,蒂巴蕾,贈80mo★ 6件組-桑蠶絲無痕抗菌內褲,59折,718,499,489,473,26,否,5.2
2026/08/21,07:00,12797566,伊萊克斯,極致美味500半自動義式咖啡機(E5EC1-51ST/E5EC1-51MB),33折,2990,100,84,74,26,否,26.0
2026/08/21,07:00,13911940,50惠,海藻染髮護髮霜2入(3色任選),72折,999,271,254,245,26,否,9.6
2026/08/21,07:00,14950290,CENTRUM 善存,游離型葉黃素軟膠囊20mg 140顆(過年/年節/送禮),81折,1199,59,48,39,20,否,33.9
2026/08/21,07:00,7704454,紐頓,T22/T24貓飼料5.4kg,53折,1849,786,784,771,15,否,1.9
2026/08/21,07:00,14251219,JINS,卡娜赫拉/塔麻可吉聯名系列光學眼鏡(多款任選),53折,1588,55,46,41,14,否,25.5
2026/08/21,07:00,9363639,國際牌,14公斤洗衣機,82折,11888,47,37,34,13,否,27.7
2026/08/21,07:00,11850226,美心,316可微波不鏽鋼保鮮盒6件組,28折,1299,233,231,220,13,否,5.6
2026/08/21,07:00,14415176,象印,買1送1彈蓋花漾保溫杯480ml,33折,1188,150,142,140,10,否,6.7
2026/08/21,07:00,10070677,TRUU,酵母潔顏露3入,37折,2849,250,244,241,9,否,3.6
2026/08/21,07:00,15180439,AmaBios 亞馬生醫,MPE-311激孅粒現5盒(30粒/盒),47折,3788,200,198,194,6,否,3.0
2026/08/21,07:00,15411477,舒樂氏,吸毛大師寵物空氣清淨機,45折,14900,50,48,46,4,否,8.0
2026/08/21,07:00,11455866,Logitech 羅技,MX Anywhere 3S無線行動滑鼠,76折,2290,79,77,75,4,否,5.1
2026/08/21,07:00,15577683,Samsung 三星,Galaxy Z Fold8 (12G/256G),91折,54900,7,6,5,2,否,28.6
2026/08/21,07:00,15446500,BRAUN 百靈,7系列PRO智能電鬍刀★附鬢角刀 72-G7500cc,44折,8888,50,49,48,2,否,4.0
2026/08/21,07:00,15553787,Google,Pixel 11 Pro 5G 6.3吋(12G/256G),9折,36990,50,49,48,2,否,4.0
2026/08/21,07:00,15412489,CARSCAM,S20電動滑板車,6折,13799,21,21,20,1,否,4.8
2026/08/21,07:00,15316944,Tineco 添可,mo獨家!i7 FOLD零纏繞折疊洗地機,84折,9999,80,80,80,0,否,0.0
2026/08/21,07:00,14405488,哈曼卡頓,家庭劇院聲霸音響,75折,17999,15,15,15,0,否,0.0
2026/08/21,07:00,15034472,ThinkPad,14吋U5 AI商用★效能續航兼具,86折,32990,20,20,20,0,否,0.0
2026/08/21,11:00,9951817,小潘,鳳凰酥12入x2盒(不附提袋),76折,759,400,349,320,80,否,20.0
2026/08/21,11:00,15504234,億光,13W高光效LED燈泡10入,39折,549,256,216,181,75,否,29.3
2026/08/21,11:00,8596843,AVEDA,純香/迷迭薄荷洗髮精1L,39折,1099,248,210,174,74,否,29.8
2026/08/21,11:00,15025300,芝初,momo獨家黑芝麻粉720gx3罐,66折,1349,249,209,176,73,否,29.3
2026/08/21,11:00,13159316,獅王,細潔無隱角牙刷12入,43折,599,499,462,430,69,否,13.8
2026/08/21,11:00,12984109,ARIEL,抗菌除臭洗衣精補充8包,78折,859,498,477,433,65,否,13.1
2026/08/21,11:00,15545510,美蒂菲,面膜100入任選3款,26折,849,359,324,297,62,否,17.3
2026/08/21,11:00,10523447,醫強,75%酒精液 6桶(4000ml/桶 防疫清潔),33折,1499,298,271,253,45,否,15.1
2026/08/21,11:00,15152423,好自在,液體衛生棉108-109片,53折,949,493,467,453,40,否,8.1
2026/08/21,11:00,10777034,聖萊西,金貓罐170g*24入,45折,839,999,986,968,31,否,3.1
2026/08/21,11:00,10630111,COACH,x MICHAEL KORS 斜背包/肩背包/兩用包(多款),96折,2888,99,90,70,29,否,29.3
2026/08/21,11:00,11911911,大同,10人份電鍋瑰蜜粉,78折,2590,75,60,49,26,否,34.7
2026/08/21,11:00,15331327,BRITA,純淨全效型6芯-歐洲製,59折,1183,148,140,124,24,否,16.2
2026/08/21,11:00,14148512,歌林,16吋美型循環立扇,33折,888,200,189,179,21,否,10.5
2026/08/21,11:00,15469475,K-SWISS,經典盾牌小白鞋(男女任選),55折,1099,250,237,230,20,否,8.0
2026/08/21,11:00,13626252,Tiger Family,MAX Pro 2S系列超輕量護脊書包- 可摺疊版(中高年級適用),73折,2770,199,186,179,20,否,10.1
2026/08/21,11:00,12475407,潤姬桃子,S1精華液3入,55折,2620,119,111,100,19,否,16.0
2026/08/21,11:00,9294858,伊萊克斯,Well Q6無線吸塵器(WQ61-1EDB毛髮截斷版),36折,4688,98,88,79,19,否,19.4
2026/08/21,11:00,13191240,日禾家居,天絲床包枕/被套組,0.9折,1380,217,206,199,18,否,8.3
2026/08/21,11:00,14110838,妮維雅,雙管精萃凝乳3入,84折,879,350,341,333,17,否,4.9
2026/08/21,11:00,15550935,UHA 味覺糖,鐵及葉酸 軟糖100日(共5包),92折,1199,398,392,385,13,否,3.3
2026/08/21,11:00,15557039,KeyWear 奇威名品,知性簡約/百搭襯衫洋裝(兩款任選),21折,1280,250,244,239,11,否,4.4
2026/08/21,11:00,15516709,GARMINCIRQA 智慧手環,GARMINCIRQA 智慧手環,99折,6990,186,180,180,6,否,3.2
2026/08/21,11:00,9929266,m2 美度,超能膠原飲8盒囤貨組(64入),37折,5080,444,442,438,6,否,1.4
2026/08/21,11:00,11593256,日立,4-5坪一級變頻冷暖空調,77折,23590,8,6,4,4,否,50.0
2026/08/21,11:00,14990638,最高機密1〜4套書：（套書限定附贈「間諜小隊集合出動中」透卡4張）,最高機密1〜4套書：（套書限定附贈「間諜小隊集合出動中」透卡4張）,55折,842,17,13,13,4,否,23.5
2026/08/21,11:00,14390174,台北美福大飯店,平日晚餐吃到飽2張,73折,3380,89,85,85,4,否,4.5
2026/08/21,11:00,14037867,石頭科技,F25 Lite Combo多合一全能吸塵洗地機,47折,12888,50,50,48,2,否,4.0
2026/08/21,11:00,14370639,LG,16吋U5-226V輕薄AI高效筆電,86折,36999,5,4,4,1,否,20.0
2026/08/21,11:00,14986846,Apple,iPhone 17 Pro Max(256G/6.9吋),94折,43100,40,40,40,0,否,0.0
2026/08/21,11:00,10958352,好奇,小森林尿布 (好眠褲/好動褲/黏貼型),84折,1435,1,1,1,0,否,0.0
2026/08/21,14:00,14278882,Iwatani 岩谷,岩峰卡式爐3.4kW(CB-AK-1),49折,590,322,,0,322,是,100.0
2026/08/21,14:00,13332421,林聰明,沙鍋菜2入,93折,749,391,361,239,152,否,38.9
2026/08/21,14:00,11304485,台灣森永,威德in果凍4盒,59折,599,500,430,380,120,否,24.0
2026/08/21,14:00,13740632,HETRAS,沐浴乳x2入,48折,579,677,634,577,100,否,14.8
2026/08/21,14:00,10527945,橘子工坊,洗衣超值5+1組,51折,809,499,451,418,81,否,16.2
2026/08/21,14:00,14348759,星巴克,特選抹茶拿鐵4入x6盒,88折,899,348,311,282,66,否,19.0
2026/08/21,14:00,11594267,Rudy,玫瑰純露化妝水4入,26折,899,92,60,50,42,否,45.7
2026/08/21,14:00,8500802,禾聯,14吋DC變頻風扇 14A8,45折,1211,299,279,261,38,否,12.7
2026/08/21,14:00,10593565,Aesop,護手霜 75ml(賦活芳香),57折,599,500,475,463,37,否,7.4
2026/08/21,14:00,15287902,王品集團,鍋物中菜$1600抵用券,86折,1388,219,197,183,36,否,16.4
2026/08/21,14:00,15356986,SKECHERS,女款 輕量防水涼拖鞋 (多款選),57折,1090,250,223,215,35,否,14.0
2026/08/21,14:00,15224622,UNDER ARMOUR,UA 男鞋 女鞋 Charged Rogue 5 SE 慢跑鞋 運動鞋,35折,1080,949,932,915,34,否,3.6
2026/08/21,14:00,14175119,法國皇家,成貓飼料10kg,72折,2899,117,100,88,29,否,24.8
2026/08/21,14:00,14881502,SONY,PS5 Slim光碟版主機,87折,17580,20,,0,20,是,100.0
2026/08/21,14:00,15027896,24HRS,3件組★包覆款無感軟鋼圈內衣,56折,1160,423,411,408,15,否,3.5
2026/08/21,14:00,12177159,FL 生活+,4入組-極簡風可疊加附輪折疊雙掀蓋收納箱系列-基本款/加高款(FL-311*4/FL-312*4),37折,2399,130,115,115,15,否,11.5
2026/08/21,14:00,15463314,Berndes 寶迪,德製不沾雙炒鍋28+30(含蓋),16折,2359,128,119,113,15,否,11.7
2026/08/21,14:00,11188381,伊萊克斯,Pure A9.2高效能抗菌空氣清淨機EP71-56,44折,10111,80,73,70,10,否,12.5
2026/08/21,14:00,11956960,SCANDINAVIAN FOREST,北歐小刺蝟洞洞鞋/涼拖鞋/水鞋/沙灘鞋/布希鞋/厚底鞋/增高鞋防潑水(多款任選),83折,990,120,112,110,10,否,8.3
2026/08/21,14:00,15535333,石頭科技,Qrevo 2 Pro掃拖機器人,42折,16999,49,43,40,9,否,18.4
2026/08/21,14:00,14921076,華碩,14吋Core 7輕薄16G,95折,23999,49,41,41,8,否,16.3
2026/08/21,14:00,11929493,國際牌,高滲透奈米水離子吹風機-NA0J白,68折,7490,6,,0,6,是,100.0
2026/08/21,14:00,11821954,達摩本草,92%高濃度魚油10入（共1200顆),33折,6399,48,44,42,6,否,12.5
2026/08/21,14:00,14819884,Acer 宏碁,27型 IPS 2K 16:9 144Hz 超薄護眼螢幕,71折,3588,30,26,25,5,否,16.7
2026/08/21,14:00,15467864,善存,我的每日營養 3入組,83折,2164,122,122,119,3,否,2.5
2026/08/21,14:00,14191788,Tefal 特福,高速真空火氧冷熱調理機-BL983A70(果汁機/冰沙機/豆漿機/精力湯),4折,7999,39,37,36,3,否,7.7
2026/08/21,14:00,15577683,Samsung 三星,Galaxy Z Fold8 (12G/256G),91折,54900,12,10,9,3,否,25.0
2026/08/21,14:00,13550336,桂格完膳,營養素優基力3重蛋白48入,89折,3300,100,99,98,2,否,2.0
2026/08/21,14:00,14019718,成長天地,新實木兒童書桌椅任選組,52折,8888,60,59,58,2,否,3.3
2026/08/21,14:00,15256433,STAUB,鑄鐵雙鍋組 圓鍋+平煎鍋16cm,31折,4699,65,65,65,0,否,0.0
2026/08/21,18:00,12137812,ARIEL,4D抗菌洗衣球120顆,74折,799,500,440,341,159,否,31.8
2026/08/21,18:00,15220069,舒潔,絲絨舒膚110抽x60包,52折,788,500,457,385,115,否,23.0
2026/08/21,18:00,14028360,義美,義美好食瓶-香脆脆花生4罐,79折,490,606,535,492,114,否,18.8
2026/08/21,18:00,8003169,OutPerform,去去雨水走雙拉鍊前開式風雨衣,5折,800,299,276,225,74,否,24.7
2026/08/21,18:00,12593873,DON,台灣製60支天絲床包枕套組,1折,1199,250,243,182,68,否,27.2
2026/08/21,18:00,13683504,伊萊克斯,超級完美管家吸塵器HEPA進化版(黑/紅),27折,2990,200,176,137,63,否,31.5
2026/08/21,18:00,15143553,蘭城晶英,2大3小含早★影城免費看,53折,8999,60,,0,60,是,100.0
2026/08/21,18:00,15025300,芝初,momo獨家黑芝麻粉720gx3罐,66折,1349,136,113,80,56,否,41.2
2026/08/21,18:00,11247189,妮維雅,亮白嫩膚乳液3入,5折,759,397,372,341,56,否,14.1
2026/08/21,18:00,9951817,小潘,鳳凰酥12入x2盒(不附提袋),76折,759,400,375,358,42,否,10.5
2026/08/21,18:00,14947437,mo select,究好加大型雙層連續抽取式花紋衛生紙(150抽x84包/箱),44折,799,500,482,460,40,否,8.0
2026/08/21,18:00,11071919,百靈油,100ML*2+滾珠空瓶*1共200ML,91折,3311,241,216,202,39,否,16.2
2026/08/21,18:00,10874968,農純鄉,人氣綜合組寶寶粥28入,64折,1299,271,250,234,37,否,13.7
2026/08/21,18:00,11438297,3M,輕巧型免手洗平板拖把刮水桶(1桿1桶3吸水布),57折,799,262,246,236,26,否,9.9
2026/08/21,18:00,11994146,Jo Malone,香水100ml,39折,2299,200,187,175,25,否,12.5
2026/08/21,18:00,10148770,美吾髮,艾淨化強運能量潔淨露330ml-3入任選,45折,539,198,188,174,24,否,12.1
2026/08/21,18:00,12797566,伊萊克斯,極致美味500半自動義式咖啡機(E5EC1-51ST/E5EC1-51MB),33折,2990,100,94,77,23,否,23.0
2026/08/21,18:00,15586878,PP 石墨烯,石墨烯粒線能量修復護腕2入,23折,1899,149,141,126,23,否,15.4
2026/08/21,18:00,13562715,補體素,優蛋白EX原味即飲237mlx24罐,94折,1850,179,168,157,22,否,12.3
2026/08/21,18:00,14175119,法國皇家,成貓飼料10kg,72折,2899,125,119,110,15,否,12.0
2026/08/21,18:00,12863743,JVC,65型4K連網TV,49折,14988,32,14,19,13,否,40.6
2026/08/21,18:00,15416394,理膚寶水,MELA PRO美白禮盒,39折,2208,199,194,187,12,否,6.0
2026/08/21,18:00,15437770,飲后,超孅飲6盒(15包/盒),37折,2880,200,195,188,12,否,6.0
2026/08/21,18:00,14942665,ONEHOUSE格拉斯人體工學電腦椅,ONEHOUSE格拉斯人體工學電腦椅,38折,2999,60,59,52,8,否,13.3
2026/08/21,18:00,15377204,科沃斯,N50全能掃拖機器人,25折,11111,49,46,41,8,否,16.3
2026/08/21,18:00,14818738,伊萊克斯,14L WIFI極適家居700清淨除濕機,58折,11111,90,85,84,6,否,6.7
2026/08/21,18:00,7527118,植村秀,定妝噴霧100ml雙入,6折,2552,99,95,94,5,否,5.1
2026/08/21,18:00,12206889,GJS 金敬順黃金金條 純金9999 獨家眾神系列 金牌 多選款(金重:1.00錢),GJS 金敬順黃金金條 純金9999 獨家眾神系列 金牌 多選款(金重:1.00錢),93折,18988,69,68,64,5,否,7.2
2026/08/21,18:00,15360873,EPSON,L3550舊換新限定三合一wifi連供機組★熱銷no.1,8折,6069,30,30,27,3,否,10.0
2026/08/21,18:00,6654470,MotherGoose 鵝媽媽,二代99.94%純鈦複合金IH鈦炒鍋,56折,4999,25,25,24,1,否,4.0
2026/08/21,18:00,9923575,愛康,涼感/抑菌 衛生棉12包 (15.5-28cm),39折,468,1,1,1,0,否,0.0
2026/08/21,18:00,14605523,DJI,Osmo Mobile 8 雲台/手機三軸穩定器,73折,2990,60,60,60,0,否,0.0
2026/08/21,22:00,14988790,MUJI 無印良品,女天竺圓領短袖T恤-多色任選,84折,211,995,938,905,90,否,9.0
2026/08/21,22:00,12137812,ARIEL,4D抗菌洗衣球120顆,74折,799,496,454,432,64,否,12.9
2026/08/21,22:00,10112878,orionjako,韓國海苔96入 (12入/包*8包),62折,699,450,427,398,52,否,11.6
2026/08/21,22:00,15408910,台塑生醫,三代洗髮精三入組,64折,675,600,573,558,42,否,7.0
2026/08/21,22:00,15583746,DHC,一年份-維他命C+B2,5折,1080,114,92,76,38,否,33.3
2026/08/21,22:00,10958951,淨毒五郎,蔬果清潔組-清潔劑+瓶,49折,699,397,382,372,25,否,6.3
2026/08/21,22:00,15292560,安耐曬,妝前防曬3入組,6折,1530,193,184,170,23,否,11.9
2026/08/21,22:00,15185263,未來美,PDRN精華120ml組,28折,2780,110,103,94,16,否,14.5
2026/08/21,22:00,12742602,聯碩,3-5坪一級變頻冷暖空調,56折,14590,19,8,6,13,否,68.4
2026/08/21,22:00,14941652,AVE-NATUR,咖啡師燕麥奶1000mlx6入,45折,599,453,451,441,12,否,2.6
2026/08/21,22:00,15468425,牛丁次郎坊,人氣泡菜任選4入,44折,699,142,136,130,12,否,8.5
2026/08/21,22:00,13634638,TravelBlue藍旅,多功能輕旅登機後背包,41折,999,373,370,362,11,否,2.9
2026/08/21,22:00,14169450,華碩,16吋i5HX版滿血RTX5060,92折,47999,50,46,45,5,否,10.0
2026/08/21,22:00,10335043,SPEEDO,女 運動連身泳裝 Eco Endurance+ (黑/海軍藍),53折,999,150,148,145,5,否,3.3
2026/08/21,22:00,14742737,3M,淨熱一體櫥下熱飲機,83折,31900,5,3,0,5,是,100.0
2026/08/21,22:00,14762856,伊萊克斯,極淨塔輕量濕拖吸塵器,58折,12900,30,27,26,4,否,13.3
2026/08/21,22:00,14032453,Panasonic 國際牌,12公升雙變頻智能除濕機★獨家奶茶色,6折,11999,30,27,27,3,否,10.0
2026/08/21,22:00,12982769,亞培,任選-葡勝納菁選-原味+纖維/香草口味 48入,81折,4320,150,149,147,3,否,2.0
2026/08/21,22:00,15143441,科沃斯,獨家全新T90 PRO滾筒掃拖機器人,35折,19688,50,47,47,3,否,6.0
2026/08/21,22:00,11300579,Lunio,Helix雙人乳膠獨立筒床墊,39折,7890,40,38,38,2,否,5.0
2026/08/21,22:00,7628356,Scoot&Ride,Kick1 Cool滑步車,58折,2899,200,199,198,2,否,1.0
2026/08/21,22:00,15491298,麥當勞,10塊麥克雞塊套餐,7折,149,2,1,1,1,否,50.0
2026/08/21,22:00,12049653,HITACHI 日立,HITACHI日立 7公升舒適節電除濕機 RD-14FR,8折,5866,157,156,156,1,否,0.6
2026/08/21,22:00,15469577,Acer,送羅技滑鼠★16吋Ryzen AI 5月銀白,86折,32688,35,34,34,1,否,2.9
2026/08/21,22:00,8455269,Style,SMART健康護脊椅墊,72折,4999,35,35,35,0,否,0.0
2026/08/22,00:00,8037995,倍潔雅,花漾柔感150抽x84包,5折,849,495,415,398,97,否,19.6
2026/08/22,00:00,14233533,法國皇家,貓餐包85g*24包,44折,939,487,418,391,96,否,19.7
2026/08/22,00:00,15189564,Amore,夏日天絲涼感舒適牛仔褲/牛仔裙(多款任選),51折,459,627,563,536,91,否,14.5
2026/08/22,00:00,11041099,KIRIN 麒麟,生茶525mlx24入,71折,666,450,391,372,78,否,17.3
2026/08/22,00:00,13317110,臻御行,量販無調味堅果任選2袋,8折,759,599,547,522,77,否,12.9
2026/08/22,00:00,10168935,澎澎,Soft沐浴乳600gx4,5折,599,409,390,367,42,否,10.3
2026/08/22,00:00,7791034,BODYLUV,純淨完美蓮蓬頭+濾芯3入,51折,829,57,28,17,40,否,70.2
2026/08/22,00:00,13608305,IMPACT 怡寶,聯名輕量成長型護脊書包（寶可夢／大耳狗／酷洛米）｜momo限定(國小 小學 兒童 學生),63折,1899,197,168,161,36,否,18.3
2026/08/22,00:00,13704397,湛盧咖啡,經典綜合濾掛咖啡2盒(共72包;中焙/深焙任選),82折,1199,250,234,224,26,否,10.4
2026/08/22,00:00,15457201,THE VEGAN 樂維根,經典植物優蛋白 2入 1KG/袋,6折,1299,449,428,424,25,否,5.6
2026/08/22,00:00,13146566,AHC,B5微導玻尿酸保濕精華液,43折,1311,230,213,208,22,否,9.6
2026/08/22,00:00,14292095,Samsonite 新秀麗,28吋 FLATFORM 前開式/上掀式可擴充大容量輕量PC抗震輪行李箱(多色可選),6折,8880,45,25,24,21,否,46.7
2026/08/22,00:00,13840658,NIKE,AIR FORCE 1 休閒鞋(男女任選),55折,1999,197,183,178,19,否,9.6
2026/08/22,00:00,12049739,老爺酒店集團,最新效期！聯合住宿券,83折,3325,150,145,132,18,否,12.0
2026/08/22,00:00,15143544,双甡．森活,美型折疊拖拉袋,64折,699,300,292,283,17,否,5.7
2026/08/22,00:00,13728021,蒂巴蕾,贈100mo★6件組-中高腰無痕抗菌內褲,74折,899,499,485,483,16,否,3.2
2026/08/22,00:00,15150292,安耐曬,敏感肌防曬露囤貨組,6折,1710,130,117,114,16,否,12.3
2026/08/22,00:00,12292295,台灣三洋,18KG變頻洗衣機,86折,16888,39,26,24,15,否,38.5
2026/08/22,00:00,12966661,LONGCHAMP,經典原創/刺繡長把尼龍肩背水餃包(大/多色選),73折,4488,63,52,51,12,否,19.0
2026/08/22,00:00,15511802,ONEHOUSE韓匠微波專用快速料理鍋2件組,ONEHOUSE韓匠微波專用快速料理鍋2件組,43折,990,10,3,0,10,是,100.0
2026/08/22,00:00,15479611,Apple,2025 iPad 11 A16/11吋/WiFi/256G,92折,17588,30,22,21,9,否,30.0
2026/08/22,00:00,8143213,LG,寵物版循環空氣清淨機,48折,12900,49,42,41,8,否,16.3
2026/08/22,00:00,13712066,TP-Link,Tapo C230 智慧寶寶監視器,71折,999,80,74,73,7,否,8.8
2026/08/22,00:00,7389662,大研生醫,視易適葉黃素3入組(30粒/入),41折,2488,150,147,144,6,否,4.0
2026/08/22,00:00,15321467,Office2024 家用中文版 盒裝,Office2024 家用中文版 盒裝,82折,4688,77,73,71,6,否,7.8
2026/08/22,00:00,8333154,3M,S301櫥下型生飲三道式淨水器特惠組(S004+樹脂軟水+PP三效整合/安裝),63折,9111,29,26,24,5,否,17.2
2026/08/22,00:00,15209759,石頭科技,Qrevo Edge2掃拖機器人,33折,19999,18,17,15,3,否,16.7
2026/08/22,00:00,15437091,SK-II,青春露聯名禮盒,67折,6072,149,147,146,3,否,2.0
2026/08/22,00:00,13528252,Sofy蘇菲,超熟睡/超日安褲型衛生棉箱購,36折,725,1,1,1,0,否,0.0
2026/08/22,07:00,11672034,義美,任選花東種穀米1.5kg*4包,66折,499,620,555,478,142,否,22.9
2026/08/22,07:00,15113786,adidas 愛迪達,輕機能雲感短袖上衣,21折,409,400,353,297,103,否,25.8
2026/08/22,07:00,15178614,STARBUCKS 星巴克,COFFEE CRAFT咖啡濃縮液4瓶(口味任選),7折,699,430,387,339,91,否,21.2
2026/08/22,07:00,5788617,Nestle雀巢,金牌微研磨咖啡補充包120g x3包,83折,669,470,439,398,72,否,15.3
2026/08/22,07:00,15331825,AF AMBER ART安神琥珀心經樹招財燈,AF AMBER ART安神琥珀心經樹招財燈,56折,3860,730,671,667,63,否,8.6
2026/08/22,07:00,11045444,滿意寶寶,寶可夢晚安褲L-XXXL,87折,1099,500,487,459,41,否,8.2
2026/08/22,07:00,12831408,MarCella 瑪榭,任選3件★集中美胸無鋼圈內衣,6折,1450,467,452,427,40,否,8.6
2026/08/22,07:00,6472938,鮮綠生活,台南去刺鮮美虱目魚肚共11片,35折,999,320,308,282,38,否,11.9
2026/08/22,07:00,13855503,ARIEL,抗菌抗臭洗衣精x6,5折,1049,500,490,463,37,否,7.4
2026/08/22,07:00,12854850,YOMIX優迷,3入組★磁吸收納30W快充線1M,25折,459,350,328,314,36,否,10.3
2026/08/22,07:00,9680523,優格,經典狗飼料13.6kg,61折,1699,526,510,491,35,否,6.7
2026/08/22,07:00,10996640,資生堂美髮,活耀洗髮露買500享550ml,31折,1328,250,234,215,35,否,14.0
2026/08/22,07:00,15287902,王品集團,鍋物中菜$1600抵用券,86折,1388,220,198,189,31,否,14.1
2026/08/22,07:00,15077520,KERAIA 克萊亞,沁涼旋律速乾彈性涼感褲(兩款；多色),26折,990,200,189,179,21,否,10.5
2026/08/22,07:00,14006646,獅王,NONIO漱口水6入,42折,749,400,393,381,19,否,4.8
2026/08/22,07:00,15027125,SPORTS RESEARCH,Omega-3 濃縮魚油 1250mg 150粒,84折,1699,200,195,186,14,否,7.0
2026/08/22,07:00,14148896,adidas 愛迪達,防曬連帽外套 抗UV 薄外套 寬鬆 女款(多款任選),51折,1190,300,292,286,14,否,4.7
2026/08/22,07:00,11843761,Ta-Da 泰達,最新升級版 泰達隨身椅PRO(原廠一年保固),66折,2630,150,142,136,14,否,9.3
2026/08/22,07:00,12063597,LG 樂金,16公升WiFi變頻除濕機-粉紅 MD161QPK3,7折,14111,30,23,18,12,否,40.0
2026/08/22,07:00,11569439,義美生醫,常順軍益生菌-日常保健版S(30包*3盒),7折,1785,170,164,158,12,否,7.1
2026/08/22,07:00,8459054,MODORI,韓國製無痕砧板4色組,57折,1299,149,145,137,12,否,8.1
2026/08/22,07:00,14531292,MSI 微星,27型 IPS 144Hz 平面護眼商用螢幕,9折,2888,50,41,38,12,否,24.0
2026/08/22,07:00,13986702,Sodastream,時尚風自動扣瓶氣泡水機,39折,2580,100,95,89,11,否,11.0
2026/08/22,07:00,15230014,石頭科技,F25 RT GEN 2小白鯊零纏繞洗地機,41折,6999,50,42,41,9,否,18.0
2026/08/22,07:00,8141534,大研生醫,德國頂級魚油10入組(600粒),4折,7950,150,146,142,8,否,5.3
2026/08/22,07:00,13224566,m2 美度,超能膠原飲/晚安飲 任選1箱(100包),45折,7780,500,498,492,8,否,1.6
2026/08/22,07:00,14921074,華碩,15.6吋Core 7輕薄16G,86折,24999,50,46,43,7,否,14.0
2026/08/22,07:00,15279457,京城之霜,超鳳凰抗老淡斑安瓶4盒組,23折,2750,120,116,114,6,否,5.0
2026/08/22,07:00,15491289,麥當勞,豬肉滿福堡加蛋+冰美式,52折,58,9,3,4,5,否,55.6
2026/08/22,07:00,11135282,台灣三洋,4-6坪一級變頻冷暖空調,7折,16900,9,4,4,5,否,55.6
2026/08/22,07:00,15252400,BRAUN 百靈,新5系PRO免拆快洗電鬍刀★附鬢角刀,49折,3388,31,28,26,5,否,16.1
2026/08/22,07:00,12733952,金喜飛來黃金小金豆0.2錢單顆入(0.20錢±0.01),金喜飛來黃金小金豆0.2錢單顆入(0.20錢±0.01),89折,4188,100,97,97,3,否,3.0
2026/08/22,07:00,14080249,小老闆寢具,小老闆開學寢具七件組-單人,65折,3680,85,83,82,3,否,3.5
2026/08/22,07:00,11993924,WOKY沃廚,恰恰鍋32CM炒鍋,52折,2980,69,69,67,2,否,2.9
2026/08/22,11:00,15394907,必勝客,13吋大比薩(10選2),29折,389,788,567,389,399,否,50.6
2026/08/22,11:00,8037995,倍潔雅,花漾柔感150抽x84包,5折,849,500,458,389,111,否,22.2
2026/08/22,11:00,15205222,義美,小泡芙6盒組,73折,490,617,549,507,110,否,17.8
2026/08/22,11:00,13317110,臻御行,量販無調味堅果任選2袋,8折,759,600,564,512,88,否,14.7
2026/08/22,11:00,15097603,蘭諾,衣物芳香豆補充4入,5折,999,500,466,435,65,否,13.0
2026/08/22,11:00,11359881,肌研,白潤高效美白淡斑精華 2入,6折,669,434,405,376,58,否,13.4
2026/08/22,11:00,9279009,太和工房,TR55系列運動水壺1L,7折,911,131,101,75,56,否,42.7
2026/08/22,11:00,15168013,NIKE 耐吉,精選男女運動短袖 休閒上衣 Dri-FIT 排汗 (多款選),55折,599,499,476,453,46,否,9.2
2026/08/22,11:00,15178614,STARBUCKS 星巴克,COFFEE CRAFT咖啡濃縮液4瓶(口味任選),7折,699,430,408,385,45,否,10.5
2026/08/22,11:00,14233533,法國皇家,貓餐包85g*24包,44折,939,487,459,444,43,否,8.8
2026/08/22,11:00,15577211,Evian 天然礦泉水220mlx48入,Evian 天然礦泉水220mlx48入,69折,998,349,330,312,37,否,10.6
2026/08/22,11:00,13750528,Olitalia 奧利塔,純橄欖油禮盒組6+2,73折,2928,109,86,73,36,否,33.0
2026/08/22,11:00,14148720,Arowana 亞諾納,一日爆搶★全新升級29吋小資森活箱｜上開＋對開兩用箱 大容量旅行箱,37折,1877,499,481,465,34,否,6.8
2026/08/22,11:00,7718839,汪喵星球,犬貓冷凍乾燥原肉零食260-300g,73折,888,496,477,462,34,否,6.9
2026/08/22,11:00,14959501,GAP,男裝 日常寬鬆Logo短袖 多款任選,39折,398,96,80,66,30,否,31.2
2026/08/22,11:00,13608305,IMPACT 怡寶,聯名輕量成長型護脊書包（寶可夢／大耳狗／酷洛米）｜momo限定(國小 小學 兒童 學生),63折,1899,200,194,180,20,否,10.0
2026/08/22,11:00,14905454,理膚寶水,無針水光B5抗老修復組,38折,2802,199,191,179,20,否,10.1
2026/08/22,11:00,14009210,BRITA,愛奴娜濾水壺組(共1壺13芯),38折,2299,109,97,90,19,否,17.4
2026/08/22,11:00,10996640,資生堂美髮,活耀洗髮露買500享550ml,31折,1328,250,242,232,18,否,7.2
2026/08/22,11:00,11924791,KEYWAY聯府,抽屜收納箱3入,42折,1089,300,291,283,17,否,5.7
2026/08/22,11:00,15210766,「笑到肚子痛！」無厘頭大反轉的驚喜故事,「笑到肚子痛！」無厘頭大反轉的驚喜故事,55折,703,36,29,23,13,否,36.1
2026/08/22,11:00,12063597,LG 樂金,16公升WiFi變頻除濕機-粉紅 MD161QPK3,7折,14111,30,24,20,10,否,33.3
2026/08/22,11:00,14789508,樂高,史傑克船長海盜船10365,68折,8599,30,24,20,10,否,33.3
2026/08/22,11:00,13333542,象印,6人份微電腦電子鍋,49折,3690,79,72,69,10,否,12.7
2026/08/22,11:00,14023599,Amazfit 華米,Bip 6 智慧手錶,76折,2288,30,23,20,10,否,33.3
2026/08/22,11:00,8141534,大研生醫,德國頂級魚油10入組(600粒),4折,7950,150,147,141,9,否,6.0
2026/08/22,11:00,14257327,香港美心,流心奶黃月餅x6入,88折,1259,240,236,232,8,否,3.3
2026/08/22,11:00,15119015,樂敦,V游離型葉黃素複方軟膠囊 120粒*2入,72折,2599,150,145,144,6,否,4.0
2026/08/22,11:00,10704945,禾聯,12KG直立洗衣機,8折,7599,60,56,54,6,否,10.0
2026/08/22,11:00,10329798,珈樂堤,C2全自動義式咖啡機,5折,6990,49,45,43,6,否,12.2
2026/08/22,11:00,15467864,善存,我的每日營養 3入組,83折,2164,115,112,110,5,否,4.3
2026/08/22,11:00,14453006,Apple,iPhone 17(256G/6.3吋),99折,29900,17,14,12,5,否,29.4
2026/08/22,11:00,15175989,營養師輕食,台灣01益生菌 5入組(一入30包),65折,6595,300,297,295,5,否,1.7
2026/08/22,11:00,14590062,三星,55型QLED智慧顯示器,7折,16900,28,26,23,5,否,17.9
2026/08/22,11:00,10074636,飛利浦,奈米級空氣清淨機-白小奈,42折,5999,79,76,75,4,否,5.1
2026/08/22,11:00,15362609,brother,PT-P300BT標籤機★收納手帳可用,42折,1688,30,29,26,4,否,13.3
2026/08/22,11:00,15401638,契爾氏,激光極淨白淡斑精華50ml,38折,3240,99,97,95,4,否,4.0
2026/08/22,11:00,15491289,麥當勞,豬肉滿福堡加蛋+冰美式,52折,58,14,13,11,3,否,21.4
2026/08/22,11:00,11105043,GJS 金敬順,黃金9999金條 元寶 金豆 多選款(金重:1.00錢),97折,19388,62,59,59,3,否,4.8
2026/08/22,11:00,15070812,Apple,S+級福利品 2025 iPad 11 A16/11吋/WiFi/128G,91折,13688,22,22,20,2,否,9.1
2026/08/22,11:00,15577683,Samsung 三星,Galaxy Z Fold8 (12G/256G),91折,54900,25,24,24,1,否,4.0
2026/08/22,11:00,11236766,Kotex 靠得住,草本/蔓越莓抑菌/好菌Plus+衛生棉 (17.5-35cm),24折,599,1,1,1,0,否,0.0
2026/08/22,14:00,15394907,必勝客,13吋大比薩(10選2),29折,389,798,584,290,508,否,63.7
2026/08/22,14:00,11672034,義美,任選花東種穀米1.5kg*4包,66折,499,620,544,473,147,否,23.7
2026/08/22,14:00,15205222,義美,小泡芙6盒組,73折,490,620,539,476,144,否,23.2
2026/08/22,14:00,11177740,真豐巢,100%台灣純蜂蜜3kg,57折,799,375,327,291,84,否,22.4
2026/08/22,14:00,7954477,卜蜂,即食雞胸肉多口味16片,49折,749,410,364,330,80,否,19.5
2026/08/22,14:00,15380716,曼黛瑪璉,3件組-包覆提托經典內衣 B-E 罩杯,24折,1250,331,303,265,66,否,19.9
2026/08/22,14:00,10024935,Persil,三合一洗衣球180顆,5折,999,500,462,435,65,否,13.0
2026/08/22,14:00,5788617,Nestle雀巢,金牌微研磨咖啡補充包120g x3包,83折,669,470,431,406,64,否,13.6
2026/08/22,14:00,9164453,立得清,酒精擦濕巾12包,58折,899,213,182,149,64,否,30.0
2026/08/22,14:00,14401282,日本MEDfine呀保樂固齒護齦5盒組,日本MEDfine呀保樂固齒護齦5盒組,2折,2425,300,252,238,62,否,20.7
2026/08/22,14:00,11867900,Oral-B,薄荷微蠟牙線24入,33折,599,494,465,447,47,否,9.5
2026/08/22,14:00,13019510,ONEHOUSE洛克巨型免安裝摺疊置物架,ONEHOUSE洛克巨型免安裝摺疊置物架,35折,999,192,175,152,40,否,20.8
2026/08/22,14:00,15279755,海爾,16L智能恆溫強排熱水器,59折,9999,40,,0,40,是,100.0
2026/08/22,14:00,13317257,澳維花園,大容量精油3入(任選),41折,1120,142,126,107,35,否,24.6
2026/08/22,14:00,13750528,Olitalia 奧利塔,純橄欖油禮盒組6+2,73折,2928,110,93,80,30,否,27.3
2026/08/22,14:00,14442994,Wedar 薇達,全方位豌豆蛋白飲 60包 任二口味,47折,1988,185,167,159,26,否,14.1
2026/08/22,14:00,13911940,50 惠,海藻染髮護髮霜 2入 三色任選 自然黑/深棕/淺棕 (日本樂敦製藥 漸進式白髮染 健康半永久染),72折,999,233,220,209,24,否,10.3
2026/08/22,14:00,13292653,SENNHEISER 森海塞爾,旗艦款真無線藍芽耳機 MTW4 第四代,45折,4990,60,49,44,16,否,26.7
2026/08/22,14:00,14354061,AHC,超秒晶透穀胱甘肽淡斑精華,46折,1399,220,211,206,14,否,6.4
2026/08/22,14:00,13224566,m2 美度,超能膠原飲/晚安飲 任選1箱(100包),45折,7780,500,496,489,11,否,2.2
2026/08/22,14:00,15452508,饗食天堂,平日晚餐/假日午餐券4張,98折,4458,69,61,59,10,否,14.5
2026/08/22,14:00,14247638,Crucial 美光,X9 1TB外接SSD,89折,3569,50,44,40,10,否,20.0
2026/08/22,14:00,9492730,RELIVE,西班牙藏紅花護緊神方*10瓶組(30顆/瓶),28折,2599,113,104,103,10,否,8.8
2026/08/22,14:00,15114908,Philips 飛利浦,S5880 AI 5系列智能電鬍刀,61折,3488,200,193,190,10,否,5.0
2026/08/22,14:00,14865554,周大福,9999黃金金幣1公克-五帝錢；2款選,91折,5788,70,65,63,7,否,10.0
2026/08/22,14:00,14204771,Orijen,鮮雞愛貓鮮肉糧5.4kg,87折,2399,200,196,193,7,否,3.5
2026/08/22,14:00,14085036,LG 樂金,家電快配★momo獨家13公斤直立智慧變頻洗衣機-冰瓷白(WT-IBN13W),6折,9999,50,47,44,6,否,12.0
2026/08/22,14:00,15132081,Apple,MacBook Neo 13吋 A18 Pro 晶片 6核心CPU 與 5核心GPU 8G/512G SSD,98折,25400,100,99,94,6,否,6.0
2026/08/22,14:00,15034893,Whirlpool 惠而浦,12公升清淨除濕機 WDEE1200TW,73折,7690,50,47,44,6,否,12.0
2026/08/22,14:00,15175989,營養師輕食,台灣01益生菌 5入組(一入30包),65折,6595,300,298,295,5,否,1.7
2026/08/22,14:00,14159002,杏輝醫藥,優倍多 強力苦瓜胜肽膠囊 5入,45折,3195,150,148,145,5,否,3.3
2026/08/22,14:00,14292095,Samsonite 新秀麗,28吋 FLATFORM 前開式/上掀式可擴充大容量輕量PC抗震輪行李箱(多色可選),6折,8880,50,49,46,4,否,8.0
2026/08/22,14:00,14001201,科沃斯,獨家T80 OMNI滾筒掃拖機器人,26折,14688,50,48,46,4,否,8.0
2026/08/22,14:00,15479611,Apple,2025 iPad 11 A16/11吋/WiFi/256G,92折,17664,30,29,27,3,否,10.0
2026/08/22,14:00,13532349,Le Creuset,琺瑯鑄鐵鍋圓形燉鍋24cm,31折,4999,300,298,298,2,否,0.7
2026/08/22,14:00,15536144,DJI,OSMO ACTION 6暢拍潛水套裝,94折,16990,30,30,30,0,否,0.0
2026/08/22,14:00,11259424,迪奧斯,居家電動床看護床,73折,25999,14,14,14,0,否,0.0
2026/08/22,18:00,10207934,嚴萃,威猛戰神黑瑪卡3入,3折,750,301,247,199,102,否,33.9
2026/08/22,18:00,13581205,豪德寺,招財貓日式150抽x80包,64折,769,300,278,213,87,否,29.0
2026/08/22,18:00,14920754,髮的食譜,洗護髮3入組★全新上市,58折,749,599,564,513,86,否,14.4
2026/08/22,18:00,14233533,法國皇家,貓餐包85g*24包,44折,939,487,467,428,59,否,12.1
2026/08/22,18:00,13704397,湛盧咖啡,經典綜合濾掛咖啡2盒(共72包;中焙/深焙任選),82折,1199,250,219,202,48,否,19.2
2026/08/22,18:00,13683504,伊萊克斯,完美管家吸塵器-進化版,27折,2990,50,27,5,45,否,90.0
2026/08/22,18:00,14109124,mo select,加厚型嬰兒柔濕巾附蓋80抽*24入(台灣製、保濕升級),47折,839,120,98,76,44,否,36.7
2026/08/22,18:00,10024935,Persil,三合一洗衣球180顆,5折,999,500,480,458,42,否,8.4
2026/08/22,18:00,13332736,Diantha 第一山,100%酪梨油1000mlX3瓶,55折,1199,259,239,225,34,否,13.1
2026/08/22,18:00,10148769,美吾髮,艾草淨身除穢舒緩安神噴霧-3入組,41折,499,571,560,543,28,否,4.9
2026/08/22,18:00,15439037,蘭蔻,小黑撫紋眼霜20ml,45折,2700,54,48,26,28,否,51.9
2026/08/22,18:00,15054743,EatBLISS 益比喜,小晶晶金盞花葉黃素凍升級版100入,4折,2780,500,487,475,25,否,5.0
2026/08/22,18:00,14977973,杏輝醫藥,蓉憶記膠囊3入+白沙屯外出隨身藥盒,56折,5980,100,82,76,24,否,24.0
2026/08/22,18:00,11423518,Roichen,韓國 減壓舒適正脊坐墊,53折,1499,200,186,178,22,否,11.0
2026/08/22,18:00,13292653,SENNHEISER 森海塞爾,旗艦款真無線藍芽耳機 MTW4 第四代,45折,4990,50,43,31,19,否,38.0
2026/08/22,18:00,7389662,大研生醫,視易適葉黃素3入組(30粒/入),41折,2488,150,145,133,17,否,11.3
2026/08/22,18:00,13247426,寶拉珍選,2%水楊酸精華液2入,7折,1699,250,240,233,17,否,6.8
2026/08/22,18:00,13680178,LG,30L智慧微波爐,59折,2990,80,69,64,16,否,20.0
2026/08/22,18:00,15110305,IFME,中小童學步鞋/運動鞋/跑步鞋/機能鞋(多款任選),56折,829,300,295,286,14,否,4.7
2026/08/22,18:00,8141534,大研生醫,德國頂級魚油10入組(600粒),4折,7950,150,142,137,13,否,8.7
2026/08/22,18:00,14032453,Panasonic 國際牌,12公升雙變頻智能除濕機★獨家奶茶色,6折,11999,29,21,16,13,否,44.8
2026/08/22,18:00,11060709,滿意寶寶,極上呵護黏貼紙尿褲M-XL(任選2箱組),76折,3498,500,494,489,11,否,2.2
2026/08/22,18:00,7795123,MRF 健身大師AI孝親 小圓循環電動健步機(超慢跑/踏步機/復健機/坐走機),MRF 健身大師AI孝親 小圓循環電動健步機(超慢跑/踏步機/復健機/坐走機),41折,3480,50,44,39,11,否,22.0
2026/08/22,18:00,14905454,理膚寶水,無針水光B5抗老修復組,4折,2912,200,197,193,7,否,3.5
2026/08/22,18:00,15491289,麥當勞,豬肉滿福堡加蛋+冰美式,52折,58,14,13,8,6,否,42.9
2026/08/22,18:00,13075137,台灣三洋,240L一級變頻冰箱,86折,11111,40,36,34,6,否,15.0
2026/08/22,18:00,10548243,農純鄉,滴雞精45入+益菌蔓越莓7入,76折,5499,40,37,35,5,否,12.5
2026/08/22,18:00,11660056,Baicycle,S3 小白電動折疊車,65折,12988,23,21,19,4,否,17.4
2026/08/22,18:00,15370051,BGYM 比勁,DD07 智能登山走步機-攻頂者 (父親節禮物/大坡步/走路機/全平放/站立收納/無刷馬達/爬坡機),61折,14800,50,50,48,2,否,4.0
2026/08/22,18:00,15553789,Google,Pixel 11 Pro XL 5G 6.8吋(12G/256G),95折,42990,50,48,48,2,否,4.0
2026/08/22,18:00,14237834,Lenovo,15.3吋i5 H版輕薄筆電,6折,16990,25,23,23,2,否,8.0
2026/08/22,18:00,15505959,NEOFLAM,陶瓷雙鍋組-28炒鍋含蓋+28平底鍋,24折,1299,1,991,989,0,否,0.0
2026/08/22,22:00,15394907,必勝客,13吋大比薩(10選2),29折,389,790,599,431,359,否,45.4
2026/08/22,22:00,8037995,倍潔雅,花漾柔感150抽x84包,5折,849,496,425,356,140,否,28.2
2026/08/22,22:00,13317110,臻御行,量販無調味堅果任選2袋,8折,759,600,554,533,67,否,11.2
2026/08/22,22:00,10950080,台酒生技,黑酵母酒粕青春露5入,28折,1288,249,227,214,35,否,14.1
2026/08/22,22:00,13720397,PUMA,慢跑運動休閒鞋 (多款選),43折,999,299,283,264,35,否,11.7
2026/08/22,22:00,14372418,TIGER 虎牌,買1送1旋蓋雙層保溫瓶500ml,46折,1188,200,189,180,20,否,10.0
2026/08/22,22:00,12049739,老爺酒店集團,最新效期！聯合住宿券,83折,3325,150,138,130,20,否,13.3
2026/08/22,22:00,14924186,PP 石墨烯,石墨烯蠶絲修復眼罩2入(下單贈:100mo),13折,2688,239,228,221,18,否,7.5
2026/08/22,22:00,13146566,AHC,B5微導玻尿酸保濕精華液,43折,1311,230,219,213,17,否,7.4
2026/08/22,22:00,14013647,名池茶業,杉林溪高山烏龍茶葉150gx12包(共3斤),36折,1099,300,293,284,16,否,5.3
2026/08/22,22:00,12637324,特百滋,無穀貓糧15磅,52折,1899,422,409,407,15,否,3.6
2026/08/22,22:00,13750528,Olitalia 奧利塔,純橄欖油禮盒組6+2,73折,2928,110,106,98,12,否,10.9
2026/08/22,22:00,12331000,樂美思,極致凍齡霜50mlx10,26折,1999,73,67,61,12,否,16.4
2026/08/22,22:00,12063597,LG 樂金,16公升WiFi變頻除濕機-粉紅 MD161QPK3,7折,14111,30,19,18,12,否,40.0
2026/08/22,22:00,13224566,m2 美度,超能膠原飲/晚安飲 任選1箱(100包),45折,7780,500,496,489,11,否,2.2
2026/08/22,22:00,15156079,Folli Follie,(多款任選)氣質百搭錶款,16折,1658,150,145,141,9,否,6.0
2026/08/22,22:00,8426761,ON 歐恩,金牌乳清蛋白5磅(多口味可選),81折,3249,148,142,140,8,否,5.4
2026/08/22,22:00,9765569,Combat 威滅,5重連鎖超值組_居家防護6入x5盒,63折,599,500,494,492,8,否,1.6
2026/08/22,22:00,15479611,Apple,2025 iPad 11 A16/11吋/WiFi/256G,92折,17664,30,30,26,4,否,13.3
2026/08/22,22:00,13740630,BenQ,50型藍光追劇護眼TV,89折,12900,30,27,26,4,否,13.3
2026/08/22,22:00,15209759,石頭科技,Qrevo Edge2掃拖機器人,33折,19999,50,46,46,4,否,8.0
2026/08/22,22:00,15370051,BGYM 比勁,DD07 智能登山走步機-攻頂者 (父親節禮物/大坡步/走路機/全平放/站立收納/無刷馬達/爬坡機),61折,14800,50,49,47,3,否,6.0
2026/08/22,22:00,15049532,營養師輕食,野獸黑馬卡 6入組,31折,2086,200,198,197,3,否,1.5
2026/08/22,22:00,11105043,GJS 金敬順,黃金9999金條 元寶 金豆 多選款(金重:1.00錢),97折,19388,59,59,57,2,否,3.4
2026/08/22,22:00,15253183,URUHIMEMOMOKO 潤姬桃子,潤姬桃子30入x6盒,52折,5328,43,42,41,2,否,4.7
2026/08/22,22:00,11732948,海洋拉娜,經典乳霜100ml,38折,7988,53,51,51,2,否,3.8
2026/08/22,22:00,14359839,巴特雷,涼感風扇空調服背心含電池,83折,8319,35,34,34,1,否,2.9
2026/08/22,22:00,15018356,vivo,V70 (12G/512G/5000萬畫素),77折,18490,20,19,19,1,否,5.0
2026/08/22,22:00,15577683,Samsung 三星,Galaxy Z Fold8 (12G/256G),91折,54900,21,21,21,0,否,0.0
2026/08/22,22:00,15491298,麥當勞,8/21限搶!麥克鷄塊 (10塊)+薯條(大)+可樂(中) 好禮即享券,7折,149,9,9,9,0,否,0.0
2026/08/22,22:00,15518527,MSI 微星,15.6吋i7 RTX4050,82折,35999,15,15,15,0,否,0.0
2026/08/23,00:00,14290077,American Explorer 美國探險家,30吋 上掀行李箱 TSA海關鎖 前開式 可擴充 PC材質 雙排輪 CF62 旅行箱,38折,1887,189,96,80,109,否,57.7
2026/08/23,00:00,14951104,Branden,SAFEPLUS輕量安心防盜護照包★下單送5%,79折,1155,296,250,240,56,否,18.9
2026/08/23,00:00,12137330,UNIQE,壓縮袋六件組,57折,579,450,414,401,49,否,10.9
2026/08/23,00:00,9113256,舒酸定,長效抗敏牙膏8入,47折,669,450,420,401,49,否,10.9
2026/08/23,00:00,14951585,BASSO 巴碩義大利橄欖油3入,BASSO 巴碩義大利橄欖油3入,32折,899,349,320,301,48,否,13.8
2026/08/23,00:00,14184325,EVO,3/4罩復古安全帽,53折,690,435,396,387,48,否,11.0
2026/08/23,00:00,11650005,義美,原味保久乳125mlx2箱(共48入),74折,539,599,569,554,45,否,7.5
2026/08/23,00:00,15251954,RALPH LAUREN,小馬刺繡圓領T恤(男女可穿),49折,1188,245,213,203,42,否,17.1
2026/08/23,00:00,14591631,dyson,HD16溫控負離子吹風機(普魯士藍限定色),65折,10900,232,203,200,32,否,13.8
2026/08/23,00:00,15220069,舒潔,絲絨舒膚110抽x60包,52折,788,498,469,467,31,否,6.2
2026/08/23,00:00,15462379,資生堂國際櫃,百優乳霜75mlx2入,35折,2580,248,227,219,29,否,11.7
2026/08/23,00:00,14176994,妮維雅,630淡斑煥白精華3入,42折,1899,249,221,221,28,否,11.2
2026/08/23,00:00,15155031,NIKE,PEGASUS 42 小飛馬跑鞋(男女任選),6折,2299,199,179,177,22,否,11.1
2026/08/23,00:00,8106681,國際牌,610公升一級變頻冰箱,8折,31888,36,21,18,18,否,50.0
2026/08/23,00:00,11663033,dyson,V12 TC強勁輕量智慧無線吸塵器(雙主吸頭),68折,17012,95,81,80,15,否,15.8
2026/08/23,00:00,11311189,LG,新革新超淨化大白抗敏清淨機,54折,6999,43,34,32,11,否,25.6
2026/08/23,00:00,4892335,統一LP33,健字號益生菌膠囊30顆*10盒,57折,6888,59,55,50,9,否,15.3
2026/08/23,00:00,15344244,CUOCO,3代鈦晶岩不沾大寶鍋34cm,63折,1580,171,165,164,7,否,4.1
2026/08/23,00:00,14159538,24HRS,寶寶藍新色上市★鎮店無感支撐內衣-5件組,55折,1900,500,494,494,6,否,1.2
2026/08/23,00:00,15437770,飲后,超孅飲6盒(15包/盒),38折,2980,200,196,195,5,否,2.5
2026/08/23,00:00,14480853,蘭城晶英酒店,2大3小精緻客房含早,53折,8999,60,57,56,4,否,6.7
2026/08/23,00:00,14464215,Apple,Apple Watch S11 GPS 46mm,93折,13388,15,12,12,3,否,20.0
2026/08/23,00:00,10679849,無敵貓糧,鮮雞蜂王乳6kg,59折,1549,27,21,25,2,否,7.4
2026/08/23,00:00,14971908,TANITA,全球銷售NO1 日本製九合一藍牙體組成計BC-333LS,67折,5980,70,68,68,2,否,2.9
2026/08/23,00:00,14219354,GIGABYTE 技嘉,16吋i7 RTX5060,84折,42999,15,14,14,1,否,6.7
2026/08/23,00:00,15511807,ONEHOUSE丹邁皮革多輪防水收納登機包,ONEHOUSE丹邁皮革多輪防水收納登機包,31折,880,9,140,135,0,否,0.0
2026/08/23,00:00,13840692,來復易,防漏安心復健褲S-XL (2箱),65折,2399,1,997,996,0,否,0.0
2026/08/23,00:00,15489656,Acer,送包鼠★15.6吋R3輕薄文書,84折,15900,30,30,30,0,否,0.0
2026/08/23,07:00,11788884,花蓮鶴岡,文旦禮盒10斤x2箱,41折,699,500,454,424,76,否,15.2
2026/08/23,07:00,14290077,American Explorer 美國探險家,30吋 上掀行李箱 TSA海關鎖 前開式 可擴充 PC材質 雙排輪 CF62 旅行箱,38折,1887,208,180,141,67,否,32.2
2026/08/23,07:00,10728247,西雅圖,貝瑞斯塔即溶咖啡100入x2盒(任選二合一/三合一),6折,1211,249,219,198,51,否,20.5
2026/08/23,07:00,13998594,熊貓金黃金金條0.5錢多種款式任選(黃金金條),熊貓金黃金金條0.5錢多種款式任選(黃金金條),94折,9688,67,60,26,41,否,61.2
2026/08/23,07:00,13699298,鍋寶,鮮盾可微波保鮮盒6件組,3折,1111,275,261,240,35,否,12.7
2026/08/23,07:00,14333847,Tefal 特福,煮FUN不沾鍋24CM,33折,899,339,329,310,29,否,8.6
2026/08/23,07:00,13837569,皮爾卡登,男女款 涼感抗UV外套(可拆帽/多色任選),26折,799,250,243,224,26,否,10.4
2026/08/23,07:00,14944494,Move Free 益節,UC-II加強型迷你錠6瓶(共180錠),55折,3999,276,267,251,25,否,9.1
2026/08/23,07:00,14222214,Travel Blue 藍旅,頭等艙等級★豪華頸枕收納組 (飛機枕/U型枕/記憶棉頸枕/車用靠枕/追劇/出國/旅遊),46折,1112,500,488,478,22,否,4.4
2026/08/23,07:00,12723306,小米官方旗艦館,無線吸塵器G20Lite,8折,2411,75,66,53,22,否,29.3
2026/08/23,07:00,7851422,MarCella 瑪榭,7件組★MIT無縫抗菌內褲-薄感中低腰,75折,999,500,492,479,21,否,4.2
2026/08/23,07:00,15114860,Philips 飛利浦,X3051全新X系列電鬍刀,59折,1688,114,108,95,19,否,16.7
2026/08/23,07:00,14877884,KIPLING,猴猴包新款上市★大容量輕巧實用旅行收納 後背包 牛角包 手提包 側/肩/斜背包(58款選),36折,1988,188,177,170,18,否,9.6
2026/08/23,07:00,13092955,幫寶適,一級幫散熱拉拉褲/黏貼尿布2箱,76折,2198,500,490,482,18,否,3.6
2026/08/23,07:00,15559553,salomon,XT-EVR 男女休閒鞋,7折,2999,98,89,81,17,否,17.3
2026/08/23,07:00,15515567,SK-II,PITERA雙精華組,65折,2961,198,194,181,17,否,8.6
2026/08/23,07:00,11935188,第一饗宴,無穀狗飼料11.4kg,54折,2399,199,186,184,15,否,7.5
2026/08/23,07:00,14591631,dyson,HD16溫控負離子吹風機(普魯士藍限定色),65折,10900,250,244,238,12,否,4.8
2026/08/23,07:00,13351861,船井生醫,FIP100纖維粉增量限定版240包,33折,6480,50,46,41,9,否,18.0
2026/08/23,07:00,15110257,YOMIX 優迷,一放即開MagSafe雙面磁吸雙用自動三腳架藍牙自拍棒(170cm/鋁合金/多角度旋轉/遙控器/手機夾),66折,1190,99,92,90,9,否,9.1
2026/08/23,07:00,15019973,法之羽,黑燦養髮液2入組(升級版),48折,3880,140,134,131,9,否,6.4
2026/08/23,07:00,15221700,TCL,65型QLED智慧TV,66折,19900,19,13,11,8,否,42.1
2026/08/23,07:00,11575124,達摩本草,專利山苦瓜胜月太6入(共540顆),41折,4950,80,78,72,8,否,10.0
2026/08/23,07:00,14523384,FOREO,智能淨透緊緻潔面儀,48折,3999,80,77,74,6,否,7.5
2026/08/23,07:00,12982769,亞培,任選-葡勝納菁選-原味+纖維/香草口味 48入,81折,4320,150,148,144,6,否,4.0
2026/08/23,07:00,15077437,dyson,Ai 掃拖機器人(熱活水洗地/自清潔),87折,21900,132,130,128,4,否,3.0
2026/08/23,07:00,14751755,SWISS STYLE,29吋 DUO雙開系列-上掀前開/對開 日本煞車行李箱 (多色可選),46折,7868,89,87,85,4,否,4.5
2026/08/23,07:00,14639455,Apple,iPhone 17 Pro(256G/6.3吋),93折,38100,40,38,37,3,否,7.5
2026/08/23,07:00,15031172,WERSIWS,AI極光摺疊電鋼琴,54折,4888,138,137,135,3,否,2.2
2026/08/23,07:00,14850929,BenQ,27型 2K 200Hz護眼螢幕,84折,5588,35,34,32,3,否,8.6
2026/08/23,07:00,11598427,伊萊克斯,Flow A3 Air 抗菌空氣清淨機-五色任選(8坪適用FA31-202),43折,6888,100,99,98,2,否,2.0
2026/08/23,07:00,12787366,BRITA,5重龍濾水器組(共1機4芯),53折,4980,50,49,48,2,否,4.0
2026/08/23,07:00,11028885,東元,4-5坪一級變頻冷暖,66折,17900,20,19,19,1,否,5.0
2026/08/23,07:00,15491286,麥當勞,大麥克+麥脆雞腿雙人套餐,73折,330,1,941,846,0,否,0.0
2026/08/23,07:00,9688786,Kotex 靠得住,晚安好眠褲/日用懶人褲 M-XL(多款選),39折,639,1,1,1,0,否,0.0
2026/08/23,11:00,13998594,熊貓金黃金金條0.5錢多種款式任選(黃金金條),熊貓金黃金金條0.5錢多種款式任選(黃金金條),94折,9688,26,24,33,0,否,0.0
2026/08/23,11:00,15559553,salomon,XT-EVR 男女休閒鞋,7折,2999,80,73,100,0,否,0.0
2026/08/23,14:00,15077943,Branden,SAFEPLUS輕量安心防盜側背包,78折,1688,184,152,133,51,否,27.7
2026/08/23,14:00,4204214,妙管家,抗菌洗衣精8瓶,5折,799,498,476,454,44,否,8.8
2026/08/23,14:00,14177486,3M,細滑牙線棒1200支,6折,911,347,321,308,39,否,11.2
2026/08/23,14:00,15604115,乖乖,好運祈願箱3箱(奶油椰子口味),79折,573,570,546,537,33,否,5.8
2026/08/23,14:00,15159979,SUNS,抗UV400外掛式包覆折疊墨鏡；多款任選,73折,439,999,976,966,33,否,3.3
2026/08/23,14:00,10687028,理膚寶水,B5+全面修復霜3入,61折,2125,197,177,165,32,否,16.2
2026/08/23,14:00,11150640,好奇,純水濕巾30包,65折,1029,139,123,110,29,否,20.9
2026/08/23,14:00,8649334,德邁國際工學椅,德邁國際工學椅,59折,2499,50,33,21,29,否,58.0
2026/08/23,14:00,8433518,Thrive,脆樂芙貓罐75g*36入,51折,999,92,74,65,27,否,29.3
2026/08/23,14:00,13875042,任天堂,Switch 2 主機,9折,14380,23,0,0,23,是,100.0
2026/08/23,14:00,7679325,船井生醫,極纖錠獨家增量版448顆,27折,4499,70,59,49,21,否,30.0
2026/08/23,14:00,15348495,果貿吳媽家水餃,琥珀花腱心牛肉麵4包+高麗菜水餃1包+50MO,51折,788,102,91,81,21,否,20.6
2026/08/23,14:00,14645688,健康優見,葉黃素軟膠囊10瓶+贈B群x2瓶,21折,1958,279,269,260,19,否,6.8
2026/08/23,14:00,11515499,Diptyque,淡香精75ml,64折,4199,150,135,131,19,否,12.7
2026/08/23,14:00,11185254,海霸王,懷念料理極品十人桌菜,69折,3450,90,78,74,16,否,17.8
2026/08/23,14:00,12982049,ATEX,MINI220口袋型筋膜按摩槍,73折,3599,150,148,134,16,否,10.7
2026/08/23,14:00,6467973,TiANN,鈦安專鈦砧板(大)二入組,69折,3199,78,73,68,10,否,12.8
2026/08/23,14:00,7543952,IRIS,木質天板收納櫃HG555B,48折,1999,100,98,91,9,否,9.0
2026/08/23,14:00,14030275,FitFlop,防水可調式/水鑽/亮片/夾腳後帶涼拖鞋(多款任選),57折,2480,98,97,89,9,否,9.2
2026/08/23,14:00,15129556,dyson,HD19國際電壓隨行吹風機(新品上市),91折,9990,299,296,291,8,否,2.7
2026/08/23,14:00,14833198,HP 惠普,15吋Ultra 5高效AI筆電,63折,22999,19,14,12,7,否,36.8
2026/08/23,14:00,15290165,PP 石墨烯,石墨烯粒線修復內衣3件,3折,3688,672,669,669,3,否,0.4
2026/08/23,14:00,15506025,華碩,Ultra 5輕薄16G/OLED,92折,34999,49,48,46,3,否,6.1
2026/08/23,14:00,14061783,eufy,mo獨家!E28零纏繞掃拖全能機器人,54折,12990,50,48,48,2,否,4.0
2026/08/23,14:00,8310070,S.Pellegrino 聖沛黎洛,氣泡礦泉水PET瓶1000mlx12入,45折,399,0,503,301,0,否,0.0
2026/08/23,14:00,15518679,Apple,S+級福利品 2025 iPad 11 A16/11吋/WiFi/512G 原廠保固一年,94折,23888,30,30,30,0,否,0.0
2026/08/23,18:00,13121462,PowerSync 群加,7開6插防雷擊延長線/1.8M,55折,349,114,38,0,114,是,100.0
2026/08/23,18:00,11691199,Airwaves,任選超涼無糖口香糖10入(提神/潔牙),69折,618,500,461,417,83,否,16.6
2026/08/23,18:00,9735781,Persil,濃縮抗臭酵素洗衣精補充包1500mlx6包(強效去漬/室內晾衣/抗菌防螨/護色薰衣草/天然植純萃),49折,949,320,300,268,52,否,16.2
2026/08/23,18:00,14217313,OLAY,水光小白瓶30ml-2入,57折,1379,299,269,249,50,否,16.7
2026/08/23,18:00,14240666,桂格,高蛋白高纖大燕麥片680g×4袋,62折,699,417,395,372,45,否,10.8
2026/08/23,18:00,9113256,舒酸定,長效抗敏牙膏8入,47折,669,450,435,406,44,否,9.8
2026/08/23,18:00,6532205,五月花,厚棒90抽x60包,71折,1199,167,145,123,44,否,26.3
2026/08/23,18:00,12694615,Electrolux 伊萊克斯,5公升觸控式氣炸鍋(E6AF1-520K),28折,1690,177,160,138,39,否,22.0
2026/08/23,18:00,9372052,COACH,x MICHAEL KORS x 卡爾KL 手提包/斜背包/肩背包/兩用包(多款),63折,1999,150,125,115,35,否,23.3
2026/08/23,18:00,15155030,NIKE 耐吉,AIR WINFLO 12 男女運動鞋 慢跑鞋 (多款選),57折,1899,150,136,115,35,否,23.3
2026/08/23,18:00,10932651,朵舒,100%美國棉飯店大浴巾四件組,53折,899,150,136,122,28,否,18.7
2026/08/23,18:00,13799375,Simply 新普利,超級夜酵素DX 100錠x2盒,37折,4180,499,491,472,27,否,5.4
2026/08/23,18:00,14148533,Arowana 亞諾納,88節爆搶組★全新升級25＋29吋小資森活箱｜上開＋對開兩用箱雙尺寸大容量超值組合,31折,2999,197,189,176,21,否,10.7
2026/08/23,18:00,15477277,巴黎萊雅,紫熨斗撫紋眼霜2入,63折,1699,180,170,161,19,否,10.6
2026/08/23,18:00,11598083,TAKUMI 匠,日製岩紋鐵炒鍋33cm(獨家聯名款),32折,1288,249,243,230,19,否,7.6
2026/08/23,18:00,14591631,dyson 戴森,HD16 Supersonic Nural™ 全新一代 吹風機 溫控 負離子(普魯士藍限定色),65折,10900,30,25,14,16,否,53.3
2026/08/23,18:00,11764022,FL 生活+,雙開門附輪摺疊收納箱,32折,2599,120,107,104,16,否,13.3
2026/08/23,18:00,12721647,LG,19KG變頻洗衣機,67折,18888,38,24,24,14,否,36.8
2026/08/23,18:00,15437770,飲后,超孅飲6盒(15包/盒),38折,2980,200,195,188,12,否,6.0
2026/08/23,18:00,14542078,dyson 戴森,PencilVac Fluffycones SV50 鉛筆吸塵器/筆型吸塵器,81折,17900,20,17,10,10,否,50.0
2026/08/23,18:00,14944494,Move Free 益節,UC-II加強型迷你錠6瓶(共180錠 uc2/關鍵/保健/ucii/UC-II/uc2推薦),55折,3999,100,97,91,9,否,9.0
2026/08/23,18:00,14991526,dyson,HJ10噴射氣流空氣清淨機 (銀白色),67折,10012,147,139,138,9,否,6.1
2026/08/23,18:00,14983138,蘿拉蜜思,煥顏透明蜜粉29g 2入,35折,1780,170,168,162,8,否,4.7
2026/08/23,18:00,14787361,禾聯,6公升除濕機 HDH-12PS010,55折,3890,80,77,73,7,否,8.8
2026/08/23,18:00,15072380,Apple,2026 iPad Air M4晶片/11吋/WiFi/128G,93折,23900,30,26,23,7,否,23.3
2026/08/23,18:00,14833198,HP 惠普,15吋Ultra 5高效AI筆電,63折,22999,20,19,16,4,否,20.0
2026/08/23,18:00,9709582,船井生醫,成長關健牛奶鈣魚膠原粉150包,39折,6111,55,54,51,4,否,7.3
2026/08/23,18:00,12504165,Segway,E2 Pro電動滑板車,68折,15588,11,9,8,3,否,27.3
2026/08/23,18:00,15553787,Google,Pixel 11 Pro 5G 6.3吋(12G/256G/Tensor G6+Titan M3安全晶片/5000萬鏡頭畫素/AI手機),99折,36990,30,29,29,1,否,3.3
2026/08/23,18:00,13220856,防災專家,迷你型+中性滅火劑2入,52折,2649,200,199,199,1,否,0.5
2026/08/23,18:00,15359433,成長天地,新實木 120cm桌面 兒童書桌椅,52折,9999,60,59,59,1,否,1.7
2026/08/23,18:00,15556968,MOVA,Z60 Roller滾筒掃拖機器人,33折,16888,50,50,50,0,否,0.0
2026/08/23,22:00,10362698,花王,柔舒蒸氣眼罩 72入,55折,1299,223,141,110,113,否,50.7
2026/08/23,22:00,15275922,歐萊德,洗髮精1000送600ml,41折,1099,249,199,143,106,否,42.6
2026/08/23,22:00,12858393,青森農協,日本青森 希望蘋果汁1000mlx6入,52折,899,298,252,233,65,否,21.8
2026/08/23,22:00,9739960,鰻魚大王,蒲燒鰻禮盒共5尾(1kg/盒),58折,1099,120,83,56,64,否,53.3
2026/08/23,22:00,12159292,DIADORA,男女輕量慢跑鞋(網路獨家),47折,699,394,380,355,39,否,9.9
2026/08/23,22:00,14046571,台隆手創館,瑟夫貝爾 極速涼感風扇背心-新款 冷風背心 涼感衣 空調服 (父親節禮物),9折,990,118,99,85,33,否,28.0
2026/08/23,22:00,13072730,SEBAMED,嬰兒泡泡浴露2入,37折,749,280,265,253,27,否,9.6
2026/08/23,22:00,13374777,東芝,55型4K QLED智慧TV,65折,12999,25,14,12,13,否,52.0
2026/08/23,22:00,15489346,MON’S,多款造型寬褲(任選),44折,699,186,180,175,11,否,5.9
2026/08/23,22:00,15542980,石頭科技,F25 Ultra Steam Gen2臂蒸之帝洗地機,44折,17999,49,41,38,11,否,22.4
2026/08/23,22:00,12625598,寶媽咪銷冠組合!除黴慕斯+除水垢,寶媽咪銷冠組合!除黴慕斯+除水垢,49折,599,99,93,89,10,否,10.1
2026/08/23,22:00,14587016,WEIDER 威德益生菌x2盒(3gx90包/盒)(美式賣場/益生菌順暢/酵素),WEIDER 威德益生菌x2盒(3gx90包/盒)(美式賣場/益生菌順暢/酵素),81折,1799,180,174,171,9,否,5.0
2026/08/23,22:00,14921076,華碩,14吋Core 7輕薄16G,95折,23999,49,47,42,7,否,14.3
2026/08/23,22:00,15077437,dyson,Ai 掃拖機器人(熱活水洗地/自清潔),87折,21900,116,112,110,6,否,5.2
2026/08/23,22:00,11468777,3M,L22 免安裝三道式濾淨冷熱飲水機,57折,12111,7,6,3,4,否,57.1
2026/08/23,22:00,14908678,UREVO,URTM038 CyberPad for Home智能緩坡機,58折,16800,30,27,26,4,否,13.3
2026/08/23,22:00,12842795,亞培,安素原味 HMB升級配方 60入,82折,4250,200,196,196,4,否,2.0
2026/08/23,22:00,14472840,葛瑪蘭之星,雙人一泊二食/四人含早,54折,5980,85,83,82,3,否,3.5
2026/08/23,22:00,11300579,Lunio,Helix雙人乳膠獨立筒床墊,39折,7890,40,37,37,3,否,7.5
2026/08/23,22:00,15491602,IDEA,山嵐藤編透氣休閒躺椅,32折,2480,28,28,26,2,否,7.1
2026/08/23,22:00,10444586,eminent 萬國通路,官方旗艦館 - 28吋前開式行李箱/上掀式可擴充防爆拉鍊箱 KK50-2(多色任選),79折,8688,200,199,198,2,否,1.0
2026/08/23,22:00,13121018,技嘉平台,i5 RTX3050電競電腦(i5-12400F/16G/512G),89折,21999,19,19,19,0,否,0.0
2026/08/24,00:00,13682418,雨沐HOOMUA,秒穿世袋全能側開雨衣 贈收納袋(獨家色奶油白),53折,690,427,236,179,248,否,58.1
2026/08/24,00:00,12137812,ARIEL,4D抗菌洗衣膠囊120顆,74折,799,491,390,363,128,否,26.1
2026/08/24,00:00,11928914,舒主金,加蓋純水濕巾36包,5折,711,400,350,332,68,否,17.0
2026/08/24,00:00,12634515,SEBAMED,潔膚露1000mlx2入,34折,711,418,365,358,60,否,14.4
2026/08/24,00:00,12033253,幸美生技,冷凍栽種藍莓1kgx2包(美國),26折,799,797,755,741,56,否,7.0
2026/08/24,00:00,6475228,正牛,韓國正宗大理石不沾深炒鍋30cm,39折,519,572,534,519,53,否,9.3
2026/08/24,00:00,15236172,舒潔,熱銷霸王抽取110抽x60包x2箱,5折,1510,268,227,218,50,否,18.7
2026/08/24,00:00,11058633,IRIS,日本直送富士山強氣泡水500mlx2箱/共48入,61折,799,379,345,332,47,否,12.4
2026/08/24,00:00,14175115,法國皇家,幼貓飼料10kg,73折,2499,209,184,173,36,否,17.2
2026/08/24,00:00,13847446,Seoul Show 首爾秀,買一送一 抗UV400防曬遮陽太陽眼鏡/墨鏡,19折,888,350,324,316,34,否,9.7
2026/08/24,00:00,15307428,Owala,彈蓋+可拆式吸管運動水壺740ml,66折,599,31,0,0,31,是,100.0
2026/08/24,00:00,15457201,THE VEGAN 樂維根,經典植物優蛋白2入(1KG/袋),6折,1299,450,431,420,30,否,6.7
2026/08/24,00:00,7851424,MarCella 瑪榭,7件組★無縫抗菌內褲-薄感中高腰,56折,1111,499,483,476,23,否,4.6
2026/08/24,00:00,9509497,滿意寶寶,瞬潔乾爽輕巧褲L-XXL(任選2箱組),68折,2398,500,483,481,19,否,3.8
2026/08/24,00:00,8512957,飛利浦,奈米級空氣清淨機-雙入組(AC0819),49折,6912,59,41,40,19,否,32.2
2026/08/24,00:00,14879392,UNDER ARMOUR,UA 慢跑鞋 運動鞋 Charged Assert 10/ Jogger 男鞋 女鞋 任選,33折,899,683,669,664,19,否,2.8
2026/08/24,00:00,14046182,K.W.,三宅風褶皺褲/哈倫褲裙(多款任選),29折,599,498,484,480,18,否,3.6
2026/08/24,00:00,14323067,OSIM,護眼樂Air 2,66折,3780,49,41,37,12,否,24.5
2026/08/24,00:00,14531292,MSI 微星,27型 IPS 144Hz 平面護眼商用螢幕,9折,2888,50,43,41,9,否,18.0
2026/08/24,00:00,11575124,達摩本草,專利山苦瓜胜月太6入(共540顆),41折,4950,80,74,72,8,否,10.0
2026/08/24,00:00,14481518,美博士,紅綠膠原精華任選2入,47折,1888,160,155,152,8,否,5.0
2026/08/24,00:00,14512162,DR.WU,角鯊玫瑰果精華油3入組,5折,3300,120,116,112,8,否,6.7
2026/08/24,00:00,9294858,伊萊克斯,Well Q6無線吸塵器,36折,4688,99,93,91,8,否,8.1
2026/08/24,00:00,15325345,Samsung 三星,Galaxy S26 Ultra (12G/256G),82折,36990,30,26,25,5,否,16.7
2026/08/24,00:00,15479611,Apple,2025 iPad 11 A16/11吋/WiFi/256G,92折,17588,29,25,24,5,否,17.2
2026/08/24,00:00,13753817,白宮行館渡假村,4人奢華家庭房含早,53折,5888,82,80,77,5,否,6.1
2026/08/24,00:00,15223438,正官庄,高麗蔘精EVERYTIME PLUS 2盒組(10mlx30入/盒),73折,4999,300,297,296,4,否,1.3
2026/08/24,00:00,11373328,國際牌,255公升一級變頻冰箱,77折,16888,37,35,35,2,否,5.4
2026/08/24,00:00,8372350,挺立,關鍵迷你錠4+1盒組,8折,3996,200,199,198,2,否,1.0
2026/08/24,00:00,15474028,Branden,收納袋S+M+M+L四件組,68折,2790,100,98,98,2,否,2.0
2026/08/24,00:00,15204602,LG,65型 4K智慧聯網TV,71折,19999,30,30,30,0,否,0.0
2026/08/24,07:00,15492321,李施德霖,全效漱口水4入聯名限定組,65折,569,598,527,442,156,否,26.1
2026/08/24,07:00,8150715,鮮綠生活,台灣金目鱸魚片10包,31折,1250,247,205,155,92,否,37.2
2026/08/24,07:00,13912279,Tree Top 樹頂,100%純蘋果汁200mlx48入,55折,669,354,321,274,80,否,22.6
2026/08/24,07:00,13812174,mooas,韓國六角轉轉專注定時鐘,49折,499,168,142,113,55,否,32.7
2026/08/24,07:00,14928291,好自在,無痕早安/奢柔褲36片/安睡褲48片,62折,999,495,468,440,55,否,11.1
2026/08/24,07:00,7304898,Oro Bailen 皇嘉,特級冷壓初榨橄欖油500mlx1入(酸度0.1%/生飲首選),6折,999,309,280,256,53,否,17.2
2026/08/24,07:00,11806923,YOMIX 優迷,3入組★60W Type-C六合一編織極速傳輸充電線1.5M,24折,499,230,211,189,41,否,17.8
2026/08/24,07:00,13626252,Tiger Family,MAX Pro 2S系列超輕量護脊書包- 可摺疊版(中高年級130CM以上適用),73折,2770,195,167,155,40,否,20.5
2026/08/24,07:00,8043545,虎牌,買1送1超輕量彈蓋保溫杯500ml,29折,999,150,138,126,24,否,16.0
2026/08/24,07:00,12092813,雪之上,全效合一水凝霜3入,55折,2620,118,104,96,22,否,18.6
2026/08/24,07:00,15463314,Berndes 寶迪,德製不沾雙炒鍋28+30(含蓋),15折,2299,100,93,79,21,否,21.0
2026/08/24,07:00,12823270,金安德森拉鍊長夾/壓釦長夾(多款任選),金安德森拉鍊長夾/壓釦長夾(多款任選),5折,990,228,216,207,21,否,9.2
2026/08/24,07:00,13831720,NIKE,AIR JORDAN 1百搭休閒鞋,47折,1899,200,195,180,20,否,10.0
2026/08/24,07:00,15564551,曼黛瑪璉,3套組-無鋼圈內衣,26折,1780,204,200,187,17,否,8.3
2026/08/24,07:00,14223906,Jo Malone,香水30ml,44折,2559,200,195,187,13,否,6.5
2026/08/24,07:00,14448785,NINJA,夏日無線調理機,69折,1799,99,90,86,13,否,13.1
2026/08/24,07:00,8141534,大研生醫,德國頂級魚油10入組(60粒/盒),4折,7950,149,144,138,11,否,7.4
2026/08/24,07:00,10689278,SK-II,青春露330送10禮,54折,7761,198,188,188,10,否,5.1
2026/08/24,07:00,15403387,only,12.5KG洗脫烘變頻滾筒,32折,12900,30,22,20,10,否,33.3
2026/08/24,07:00,12746710,巴黎卡詩,黑鑽逆時髮膜200ml,42折,2740,150,149,141,9,否,6.0
2026/08/24,07:00,15285172,Philips 飛利浦,mo獨家HX5070音波牙刷雙入組,41折,3580,100,96,94,6,否,6.0
2026/08/24,07:00,13412966,neakasa,M1-智慧貓砂機,52折,10999,26,21,20,6,否,23.1
2026/08/24,07:00,15470390,LEVIS,男生牛仔褲 多款任選,4折,1790,170,168,164,6,否,3.5
2026/08/24,07:00,13590953,白蘭氏,保捷三合一EX 5盒,81折,8019,40,36,36,4,否,10.0
2026/08/24,07:00,15467864,善存,我的每日營養 3入組,84折,2215,105,102,101,4,否,3.8
2026/08/24,07:00,11300579,Lunio,Helix雙人乳膠獨立筒床墊,39折,7890,40,40,39,1,否,2.5
2026/08/24,07:00,11236768,Kotex 靠得住,茶樹涼感棉/JOGUMAN/護墊/褲型 (多款選),27折,549,2,1,1,1,否,50.0
2026/08/24,07:00,15491295,麥當勞,麥香魚經典套餐,73折,149,2,1,1,1,否,50.0
2026/08/24,07:00,15495694,DELL,搭鼠組★15.6吋i5輕薄文書筆電,72折,17999,5,5,5,0,否,0.0
2026/08/24,07:00,14928146,夏普,457L左右開五門一級冰箱,74折,39900,50,50,50,0,否,0.0
2026/08/24,07:00,15370205,Apple,A+級福利品 iPhone 16 Pro Max 256G,93折,32900,10,10,10,0,否,0.0
2026/08/24,11:00,13682418,雨沐HOOMUA,秒穿世袋全能側開雨衣 贈收納袋(獨家色奶油白),53折,690,450,392,300,150,否,33.3
2026/08/24,11:00,6480933,禾聯,14吋遙控DC風扇 HDF-14A3,4折,999,498,437,377,121,否,24.3
2026/08/24,11:00,13641160,欣葉日本料理,午/晚餐吃到飽,97折,1120,297,233,209,88,否,29.6
2026/08/24,11:00,8150715,鮮綠生活,台灣金目鱸魚片10包,31折,1250,250,233,192,58,否,23.2
2026/08/24,11:00,6453343,日清,咚兵衛油豆腐烏龍麵95gx12碗,61折,699,448,420,399,49,否,10.9
2026/08/24,11:00,10822679,聖萊西,MamaMia貓餐罐85g*48入組,42折,899,500,477,462,38,否,7.6
2026/08/24,11:00,14478745,大同,10人份不鏽鋼電鍋(奶茶色),7折,2740,97,76,61,36,否,37.1
2026/08/24,11:00,7040002,白鴿,抗菌洗衣精6包x2箱,54折,1299,399,379,372,27,否,6.8
2026/08/24,11:00,13558264,UCC,117即溶咖啡90gx12罐/箱,73折,1399,214,198,187,27,否,12.6
2026/08/24,11:00,14905457,理膚寶水,MELA B3 淡斑精華,38折,3203,200,185,173,27,否,13.5
2026/08/24,11:00,15392709,日本高橋,關西風納豆超小粒24入,69折,690,243,230,217,26,否,10.7
2026/08/24,11:00,13123458,高露潔,抗敏專家牙膏10入,31折,899,300,287,276,24,否,8.0
2026/08/24,11:00,13454873,小米官方旗艦館,Xiaomi 電動打氣機 2 Pro,87折,1349,140,130,121,19,否,13.6
2026/08/24,11:00,13626252,Tiger Family,MAX Pro 2S系列超輕量護脊書包- 可摺疊版(中高年級130CM以上適用),73折,2770,198,189,180,18,否,9.1
2026/08/24,11:00,13283916,掌廚,韓製鑄造不沾IH輕量深炒雙鍋組30cm,4折,1199,255,244,237,18,否,7.1
2026/08/24,11:00,7389662,大研生醫,視易適葉黃素3入組,41折,2488,149,139,134,15,否,10.1
2026/08/24,11:00,14470326,Logitech 羅技,MX Master 4 無線滑鼠,8折,3390,78,68,64,14,否,17.9
2026/08/24,11:00,12806572,綠的寢飾,買一送一冰絲涼感夏涼被,16折,799,380,373,367,13,否,3.4
2026/08/24,11:00,15311086,RALPH LAUREN,大馬刺繡POLO衫,57折,2288,135,131,125,10,否,7.4
2026/08/24,11:00,10689278,SK-II,青春露330送10禮,54折,7761,200,196,190,10,否,5.0
2026/08/24,11:00,8523226,垣戊,球型旋轉翻炒氣炸鍋,54折,3799,49,42,39,10,否,20.4
2026/08/24,11:00,14224016,NEW BALANCE,2010_復古鞋/運動鞋_多款任選,53折,2599,300,296,291,9,否,3.0
2026/08/24,11:00,12638816,BRITA,去水垢濾芯(6入裝),83折,1435,149,146,141,8,否,5.4
2026/08/24,11:00,14434335,Apple,iPhone 17 Pro Max(256G/6.9吋),94折,42900,40,36,33,7,否,17.5
2026/08/24,11:00,15566484,Just Gold 鎮金店,Hello Kitty 甜萌寶寶 黃金串珠-多款任選,83折,16288,20,20,15,5,否,25.0
2026/08/24,11:00,15279755,海爾,16L智能恆溫熱水器,59折,9999,27,23,23,4,否,14.8
2026/08/24,11:00,15243963,Gelovery 愷達生醫,1200億益生菌粉(任選12包組:30包/袋),47折,9499,109,106,105,4,否,3.7
2026/08/24,11:00,13992889,華碩,Ultra5輕薄16G/OLED,91折,29999,48,45,45,3,否,6.2
2026/08/24,11:00,14430072,國際牌,366公升變頻冰箱,78折,18888,50,48,47,3,否,6.0
2026/08/24,11:00,13724393,巴黎卡詩,黑鑽髮油買75送75ml,42折,3140,150,150,148,2,否,1.3
2026/08/24,11:00,12137203,未來兒童,訂二年24期新刊送二年24期新刊,21折,7699,993,992,991,2,否,0.2
2026/08/24,11:00,14639534,Apple,iPhone 17 Pro Max(256G/6.9吋)(45W雙孔閃充組),93折,43200,50,49,49,1,否,2.0
2026/08/24,11:00,15336298,Shark,TF200 3D雙氣流無葉風扇,8折,7990,50,49,49,1,否,2.0
2026/08/24,11:00,11236768,Kotex 靠得住,茶樹涼感棉/JOGUMAN/護墊/褲型 (多款選),27折,549,2,1,1,1,否,50.0
2026/08/24,11:00,15236172,舒潔,熱銷霸王抽取110抽x60包x2箱,5折,1510,188,157,377,0,否,0.0
2026/08/24,11:00,15558309,LOVITA愛維他,美妍三胜肽膠原蛋白飲*2盒組(8入/盒),64折,1920,156,156,156,0,否,0.0
2026/08/24,14:00,12137812,ARIEL,4D抗菌洗衣膠囊120顆,74折,799,500,412,351,149,否,29.8
2026/08/24,14:00,6480933,禾聯,14吋遙控DC風扇 HDF-14A3,4折,999,497,418,381,116,否,23.3
2026/08/24,14:00,15492321,李施德霖,全效漱口水4入聯名限定組,65折,569,569,532,500,69,否,12.1
2026/08/24,14:00,13188467,白蘭,動力配方洗碗精4入組,69折,539,398,358,342,56,否,14.1
2026/08/24,14:00,7177530,ALAI寢飾工場,買1送1 天絲床包枕套組,2折,799,400,364,346,54,否,13.5
2026/08/24,14:00,5517245,貝恩,嬰兒柔濕巾24包,53折,1329,400,372,347,53,否,13.2
2026/08/24,14:00,7331344,福義軒,手工芝麻蛋捲4包,5折,1018,255,224,209,46,否,18.0
2026/08/24,14:00,12244486,薌園,100%無加糖豆漿粉10入x5袋,55折,499,526,498,487,39,否,7.4
2026/08/24,14:00,14035038,鐵鎚,除臭貓砂40磅*2組,53折,1069,498,485,466,32,否,6.4
2026/08/24,14:00,14175115,法國皇家,幼貓飼料10kg,73折,2499,210,196,182,28,否,13.3
2026/08/24,14:00,15027896,24HRS,3件組★包覆款無感軟鋼圈內衣,56折,1160,500,485,477,23,否,4.6
2026/08/24,14:00,14937238,台北茹曦酒店,午/晚餐吃到飽,83折,1088,280,269,258,22,否,7.9
2026/08/24,14:00,15528996,IFME,小/中童學步鞋/運動鞋/跑步鞋/機能童鞋(多款任選),66折,990,298,289,280,18,否,6.0
2026/08/24,14:00,15205883,PRADA 普拉達,輕霧暈染腮紅,77折,1199,150,138,133,17,否,11.3
2026/08/24,14:00,9716103,惠而浦,10KG直立洗衣機,92折,6590,59,51,42,17,否,28.8
2026/08/24,14:00,12063597,LG 樂金,16公升WiFi變頻除濕機-粉紅 MD161QPK3,7折,14111,30,22,15,15,否,50.0
2026/08/24,14:00,9929266,m2 美度,超能膠原飲8盒囤貨組(64入),37折,5080,373,366,358,15,否,4.0
2026/08/24,14:00,11139919,來復易,長時間/夜安心褲M-XL(2箱),77折,2774,500,489,486,14,否,2.8
2026/08/24,14:00,13590645,珈樂堤,生飲級製冷瞬熱三溫飲水機,58折,3111,50,39,36,14,否,28.0
2026/08/24,14:00,14779527,Sunny Hills 微熱山丘,經典禮盒X1,9折,825,319,313,307,12,否,3.8
2026/08/24,14:00,15477277,巴黎萊雅,紫熨斗撫紋眼霜2入,63折,1699,180,175,169,11,否,6.1
2026/08/24,14:00,12746644,巴黎卡詩,粉漾頭皮精華90ml,57折,2200,150,147,141,9,否,6.0
2026/08/24,14:00,13401083,白蘭氏,黑醋栗+金盞花葉黃素精華飲48入,69折,2299,47,46,39,8,否,17.0
2026/08/24,14:00,13925892,ONEHOUSE歐森無段翻轉氣動升降電腦邊桌,ONEHOUSE歐森無段翻轉氣動升降電腦邊桌,39折,1380,76,71,68,8,否,10.5
2026/08/24,14:00,9861645,LG,CordZero？A9 Air濕拖無線吸塵器,41折,6999,49,43,42,7,否,14.3
2026/08/24,14:00,15422909,SKECHERS,異材質拼接瞬穿休閒鞋 (多款選),49折,1690,200,199,193,7,否,3.5
2026/08/24,14:00,13699485,小老闆寢具,單人天絲獨立筒13cm摺疊床墊,65折,5980,53,48,47,6,否,11.3
2026/08/24,14:00,8141534,大研生醫,德國頂級魚油10入組(60粒/盒),4折,7950,150,147,145,5,否,3.3
2026/08/24,14:00,10960211,HP,ST580三合一wifi連供機組★黑墨防水證件相片可印,76折,5990,30,27,26,4,否,13.3
2026/08/24,14:00,14366680,iFLYTEK AI外語助教辭典筆,iFLYTEK AI外語助教辭典筆,85折,5999,27,25,23,4,否,14.8
2026/08/24,14:00,15491289,麥當勞,豬肉滿福堡加蛋+冰美式,52折,58,14,14,13,1,否,7.1
2026/08/24,14:00,15553790,Google,11 Pro XL 16G/512G,92折,46990,50,50,50,0,否,0.0
2026/08/24,18:00,15097603,蘭諾,衣物芳香豆補充4入,5折,999,497,434,353,144,否,29.0
2026/08/24,18:00,8150715,鮮綠生活,台灣金目鱸魚片10包,31折,1250,250,231,181,69,否,27.6
2026/08/24,18:00,9194954,樂米穀場,花蓮富里初雪美姬米1.5kg*6入組,53折,859,397,359,337,60,否,15.1
2026/08/24,18:00,15271389,舒潔,棉柔厚韌三層110抽x30包x2箱,41折,1079,397,374,343,54,否,13.6
2026/08/24,18:00,15580936,日麗生,桐葉豐盈養髮液超值3入組,6折,2685,99,78,54,45,否,45.5
2026/08/24,18:00,11068896,禾聯,16吋遙控DC風扇 HDF-16AH560,65折,1311,299,282,266,33,否,11.0
2026/08/24,18:00,4811545,亞大T8銀耳,冰糖原味白木耳露150gx24入,49折,1188,319,302,286,33,否,10.3
2026/08/24,18:00,11558003,AGE20,鉑金爆水粉餅(1殼+2蕊),38折,1111,100,83,69,31,否,31.0
2026/08/24,18:00,12863743,JVC,65型4K連網TV,49折,14988,39,20,9,30,否,76.9
2026/08/24,18:00,13626252,Tiger Family,MAX Pro 2S系列超輕量護脊書包- 可摺疊版(中高年級130CM以上適用),73折,2770,200,192,171,29,否,14.5
2026/08/24,18:00,14899787,mo select,台灣製316不鏽鋼防滑六角筷10雙,37折,899,150,140,122,28,否,18.7
2026/08/24,18:00,12092813,雪之上,全效合一水凝霜3入,55折,2620,120,107,95,25,否,20.8
2026/08/24,18:00,13594621,麥雪爾,第八代涼感褲(共11色),3折,990,300,292,276,24,否,8.0
2026/08/24,18:00,12118491,元氣堂,醣的對策胜肽苦瓜膠囊30粒x6盒,4折,2280,140,129,116,24,否,17.1
2026/08/24,18:00,14008859,SHARP 夏普,12公升自動除菌離子除濕機 DW-LT12ST-W,73折,7990,49,41,26,23,否,46.9
2026/08/24,18:00,14478745,大同,10人份不鏽鋼電鍋(奶茶色),7折,2740,100,90,80,20,否,20.0
2026/08/24,18:00,11724005,ONEHOUSE五開門折疊收納箱4入,ONEHOUSE五開門折疊收納箱4入,45折,1499,140,134,120,20,否,14.3
2026/08/24,18:00,14905457,理膚寶水,MELA B3 淡斑精華,38折,3203,200,193,186,14,否,7.0
2026/08/24,18:00,11690134,國際牌,17公斤變頻洗衣機,78折,18888,65,60,55,10,否,15.4
2026/08/24,18:00,12957780,巴黎卡詩,髮浴買500送240ml,61折,2150,200,194,190,10,否,5.0
2026/08/24,18:00,10929390,COACH,斜背包/肩背包/兩用包(多款),96折,4788,60,55,52,8,否,13.3
2026/08/24,18:00,12746710,巴黎卡詩,黑鑽逆時髮膜200ml,42折,2740,150,147,144,6,否,4.0
2026/08/24,18:00,9744328,台達電子,多功能浴室廁所涼暖風機-豪華300系列,49折,7388,100,100,97,3,否,3.0
2026/08/24,18:00,14271380,Acer,送包鼠★14吋Ultra 5 AI筆電,86折,25900,50,49,47,3,否,6.0
2026/08/24,18:00,14925200,GIANT,LATTE 24都會媽咪自行車,92折,8599,20,19,18,2,否,10.0
2026/08/24,18:00,11236768,Kotex 靠得住,茶樹涼感棉/JOGUMAN/護墊/褲型 (多款選),27折,549,2,1,1,1,否,50.0
2026/08/24,18:00,10242211,森好眠,雙人10cm天然乳膠床墊,39折,8399,35,34,34,1,否,2.9
2026/08/24,18:00,13659659,大研生醫,舒敏益生菌5入組(30粒/盒),43折,3950,100,99,99,1,否,1.0
2026/08/24,18:00,12906785,JHT,Easy go電動循環健步享走機,31折,3980,30,30,29,1,否,3.3
2026/08/24,18:00,15567876,DJI,OSMO 360 II 暢拍套裝 全景相機/運動相機｜旗艦畫質可換鏡片｜內建105G(聯強國際貨),93折,19490,30,29,29,1,否,3.3
2026/08/24,18:00,13648776,海爾,16L冷凝式熱水器,68折,19999,30,30,30,0,否,0.0
2026/08/24,22:00,14860125,FL 生活+,超好夾1秒換布洗臉巾環保拖把,45折,499,500,473,430,70,否,14.0
2026/08/24,22:00,10592692,日本味王,暢快人生激速EX益生菌60袋X2盒,53折,1683,197,167,150,47,否,23.9
2026/08/24,22:00,6924139,果貿吳媽家水餃,新朋友限定5盒,76折,1330,248,226,203,45,否,18.1
2026/08/24,22:00,15236172,舒潔,熱銷霸王抽取110抽x60包x2箱,5折,1510,335,318,297,38,否,11.3
2026/08/24,22:00,15427486,台塑生醫,三代洗髮精獨家加大版3入,6折,899,269,252,234,35,否,13.0
2026/08/24,22:00,10889088,台酒生技,酒粕精粹青春露5入,33折,1018,299,284,275,24,否,8.0
2026/08/24,22:00,13954694,NIKE 耐吉,PEGASUS 41 小飛馬 男女運動鞋 慢跑鞋 GTX 防水 (多款任選),49折,1899,199,186,175,24,否,12.1
2026/08/24,22:00,15046853,American Explorer 美國探險家,20+28吋 雙開箱 前開式 雙排輪 兩件組 CF39 行李箱 兩用箱 旅行箱,48折,2348,130,123,109,21,否,16.2
2026/08/24,22:00,13641160,欣葉日本料理,午/晚餐吃到飽,97折,1120,300,290,283,17,否,5.7
2026/08/24,22:00,8398139,雅頓,超進化黃金導航膠囊90顆,21折,2700,27,23,13,14,否,51.9
2026/08/24,22:00,14032453,Panasonic 國際牌,12公升雙變頻智能除濕機★獨家奶茶色,6折,11999,50,43,38,12,否,24.0
2026/08/24,22:00,13427532,Apple,AirPods 4,84折,4190,50,45,42,8,否,16.0
2026/08/24,22:00,14169450,華碩,16吋i5HX版滿血RTX5060,92折,47999,49,44,42,7,否,14.3
2026/08/24,22:00,15460534,台東鹿鳴溫泉酒店,2-4人一泊多食,16折,3888,130,127,124,6,否,4.6
2026/08/24,22:00,14917016,好好生醫,燕窩酸益生菌4入組,71折,3680,100,96,95,5,否,5.0
2026/08/24,22:00,14019718,成長天地,新實木兒童書桌椅尺寸任選,52折,8888,80,76,75,5,否,6.2
2026/08/24,22:00,15227107,PP 石墨烯,石墨烯粒線修復女內褲4件(下單送:律動襪),33折,3699,106,105,102,4,否,3.8
2026/08/24,22:00,8479508,i-Rocks人體工學椅,i-Rocks人體工學椅,59折,8399,130,127,127,3,否,2.3
2026/08/24,22:00,15380699,dyson,HD17精準造型輕量吹風機(粉霧玫瑰),65折,10900,21,19,19,2,否,9.5
2026/08/24,22:00,14761090,BRITA,瞬熱溫控冰溫熱開飲機13芯,44折,14119,6,2,4,2,否,33.3
2026/08/24,22:00,4855125,德泰法蘭西床,索歐系列 單人10cm折疊薄墊,53折,7388,27,26,26,1,否,3.7
2026/08/24,22:00,14945626,先鋒家電,118公升一級小冰箱,79折,6777,50,50,50,0,否,0.0
2026/08/24,22:00,13873753,iRobot,405自清潔全能掃拖機,44折,11999,27,28,28,0,否,0.0
2026/08/24,22:00,14425396,來舒,洗衣機清潔液6入,94折,758,1,986,979,0,否,0.0
2026/08/25,00:00,15603812,幫寶適,一級幫拉拉褲M-150片買1送1,5折,1299,500,336,332,168,否,33.6
2026/08/25,00:00,11420246,五月花,新柔韌抽取130抽x48包,61折,709,200,151,126,74,否,37.0
2026/08/25,00:00,14039514,愛之味,油切分解茶590mlx48入,55折,938,399,365,348,51,否,12.8
2026/08/25,00:00,12621698,日本Arnest,深型不沾炒鍋30cm,14折,988,300,265,252,48,否,16.0
2026/08/25,00:00,14835277,MOLLER’S,買一送一 睦樂鱈魚肝油250ml-檸檬風味共兩瓶 ( 100%挪威原裝進口),73折,1980,498,470,461,37,否,7.4
2026/08/25,00:00,9258336,雅漾,活泉水噴霧5入,43折,1399,398,372,362,36,否,9.0
2026/08/25,00:00,15401637,契爾氏,金盞花化妝水500ml,39折,2385,122,92,86,36,否,29.5
2026/08/25,00:00,15537739,BLACK HAMMER,造物集保冰吸管杯2入組,39折,990,202,177,167,35,否,17.3
2026/08/25,00:00,15576602,蔻蘿蘭,養髮洗髮精3入組,45折,1149,445,413,410,35,否,7.9
2026/08/25,00:00,4908380,統一LP33,健字號益生菌膠囊*4盒,62折,2995,149,122,117,32,否,21.5
2026/08/25,00:00,15230014,石頭科技,F25 RT GEN 2小白鯊零纏繞洗地機,41折,6999,46,20,16,30,否,65.2
2026/08/25,00:00,12486897,NEW BALANCE,373系列_運動鞋/復古鞋_多款任選,48折,1199,297,275,269,28,否,9.4
2026/08/25,00:00,7206654,Sun Flower三花,3件組五片式針織平口褲(純棉男四角內褲 四角褲 男內褲 多色任選),77折,747,949,934,930,19,否,2.0
2026/08/25,00:00,8456131,萬歲牌,綜合堅果3罐,7折,949,340,330,321,19,否,5.6
2026/08/25,00:00,15437770,飲后,超孅飲6盒(15包/盒),37折,2880,200,187,184,16,否,8.0
2026/08/25,00:00,10877396,國際牌,高滲透奈米水離子吹風機-NA0J深藍,68折,7490,58,44,42,16,否,27.6
2026/08/25,00:00,14873420,ONEHOUSE丹邁多輪防水收納登機包,ONEHOUSE丹邁多輪防水收納登機包,31折,888,230,219,215,15,否,6.5
2026/08/25,00:00,10343393,元大珠寶,黃金一錢金塊金條 投資保值利器(四選一),94折,19888,78,68,64,14,否,17.9
2026/08/25,00:00,12019044,TOZO,OpenBuds降噪開放式AI藍芽耳機,53折,1290,230,221,216,14,否,6.1
2026/08/25,00:00,13705808,迪朗奇,22.110全自動義式咖啡機,4折,14900,46,34,33,13,否,28.3
2026/08/25,00:00,14247638,Crucial 美光,X9 1TB外接SSD,89折,3569,50,39,39,11,否,22.0
2026/08/25,00:00,15425248,蘭蔻,超極限小黑瓶PRO50ml,42折,4185,299,293,289,10,否,3.3
2026/08/25,00:00,14069610,樂高,航海王 梅利號海賊船75639,63折,2999,101,98,94,7,否,6.9
2026/08/25,00:00,15231994,西湖渡假村,最後一檔！雙人一泊三食,19折,3599,136,130,129,7,否,5.1
2026/08/25,00:00,15314185,小米,紅米Note 15 6.77吋 5G(8G/256G),64折,6499,29,24,24,5,否,17.2
2026/08/25,00:00,15343926,奇境,無穀全貓糧5kg(乾糧+凍乾),47折,3469,300,297,297,3,否,1.0
2026/08/25,00:00,14535327,PROJEXT,現貨 抗UV涼感防曬外套 防蚊 抗菌抗臭 Xolar Cool UV Protection Jacket 官方直營,68折,1980,155,154,153,2,否,1.3
2026/08/25,00:00,14268002,TCL,85型QD MiniLED,67折,53900,17,17,17,0,否,0.0
2026/08/25,00:00,8666029,Sofy蘇菲,彈力貼身衛生棉,39折,459,1,1,1,0,否,0.0
2026/08/25,07:00,12984109,ARIEL,抗菌除臭洗衣精補充8包,78折,859,494,427,377,117,否,23.7
2026/08/25,07:00,13322377,海之醇,XL特大扁鱈厚切-6片組,47折,879,350,309,264,86,否,24.6
2026/08/25,07:00,13193762,UCC,BLACK無糖咖啡185gx60入,47折,849,393,359,311,82,否,20.9
2026/08/25,07:00,14314032,雨傘王,BigRed 極輕薄系列 安全防回彈 折疊傘(終身免費維修),73折,879,204,160,132,72,否,35.3
2026/08/25,07:00,9113256,舒酸定,長效抗敏牙膏8入,47折,669,448,424,400,48,否,10.7
2026/08/25,07:00,14772881,德國雙人,Simplify不鏽鋼24cm平底鍋,33折,999,300,285,265,35,否,11.7
2026/08/25,07:00,13771296,貓倍麗,珍選餐盒 57gx24入,49折,699,209,188,177,32,否,15.3
2026/08/25,07:00,9596499,Oral-B 歐樂B,PRO3 3D電動牙刷+送兩年份刷頭,43折,2111,99,78,68,31,否,31.3
2026/08/25,07:00,15106212,STANLEY,官方直營 輕滑速吸水壺0.59L,92折,1180,260,240,230,30,否,11.5
2026/08/25,07:00,14796614,追覓科技,Pocket 魔術折疊高速吹風機,31折,2699,100,89,78,22,否,22.0
2026/08/25,07:00,15291411,初色,高腰顯瘦闊腿褲/涼感長褲(多款任選),21折,469,568,558,547,21,否,3.7
2026/08/25,07:00,10419093,滿意寶寶,極上呵護輕巧褲L-XL(任選2箱組),78折,2998,500,487,480,20,否,4.0
2026/08/25,07:00,10536422,QUAKER 桂格,無糖養氣人蔘72入,73折,3185,98,90,79,19,否,19.4
2026/08/25,07:00,9200247,CONVERSE,CTAS MOVE 女款厚底增高休閒鞋 (多款任選),55折,1199,250,240,231,19,否,7.6
2026/08/25,07:00,15248937,雅詩蘭黛,小棕瓶買100mlx2,25折,4011,199,188,182,17,否,8.5
2026/08/25,07:00,15110256,優迷 磁吸高清同步Mini自拍器,優迷 磁吸高清同步Mini自拍器,62折,999,200,196,187,13,否,6.5
2026/08/25,07:00,15425590,蘭蔻,零粉感超持久粉底,47折,2250,249,241,236,13,否,5.2
2026/08/25,07:00,13469798,禾聯,50型4K智慧TV,59折,8888,22,0,10,12,否,54.5
2026/08/25,07:00,10075784,MarCella 瑪榭,7件/6件組★緊實包臀輕薄抗菌內褲,55折,999,500,491,488,12,否,2.4
2026/08/25,07:00,14645690,健康優見,葉黃素軟膠囊10瓶+贈維生素C 2瓶,43折,1999,283,281,275,8,否,2.8
2026/08/25,07:00,10596456,Glolux,16W LED燈泡8入,22折,549,16,12,8,8,否,50.0
2026/08/25,07:00,15244470,未來美,雲朵潔顏美膚洗臉機,3折,1680,53,51,46,7,否,13.2
2026/08/25,07:00,12181571,元大珠寶,黃金0.5錢金塊金條 投資保值利器(金重1.875克),94折,10088,35,31,28,7,否,20.0
2026/08/25,07:00,11188381,伊萊克斯,Pure A9.2高效能抗菌空氣清淨機EP71-56,44折,10111,80,77,74,6,否,7.5
2026/08/25,07:00,11006259,禾聯,4-6坪一級變頻冷暖空調,59折,17900,20,17,16,4,否,20.0
2026/08/25,07:00,8333154,3M,S301三道式淨水器特惠組,63折,9111,30,28,27,3,否,10.0
2026/08/25,07:00,13991930,HP,UIA4925三合一wifi墨匣機組★支援手機列印mac系統可用,83折,3490,30,28,28,2,否,6.7
2026/08/25,07:00,13351861,船井生醫,FIP100纖維粉增量限定版(共240包),34折,6580,50,48,48,2,否,4.0
2026/08/25,07:00,15048661,TIKO,三胜光泌賦活飲21入,36折,3168,95,95,94,1,否,1.1
2026/08/25,07:00,15491290,麥當勞,豬肉滿福堡+薯餅+美式,64折,88,3,2,2,1,否,33.3
2026/08/25,07:00,15577683,Samsung 三星,Galaxy Z Fold8 (12G/256G),91折,54900,22,22,22,0,否,0.0
2026/08/25,11:00,12928225,Chic Chic 琪琪,獨降180/件★零著感內衣4件(多款選),42折,719,363,300,260,103,否,28.4
2026/08/25,11:00,13181394,白蘭,買2送1★4X洗衣球162顆,44折,699,400,351,312,88,否,22.0
2026/08/25,11:00,15603812,幫寶適,一級幫拉拉褲M-150片買1送1,5折,1299,499,452,413,86,否,17.2
2026/08/25,11:00,15178614,STARBUCKS 星巴克,COFFEE CRAFT咖啡濃縮液4瓶(口味任選),7折,699,427,390,351,76,否,17.8
2026/08/25,11:00,8065220,Casa 卡薩,嚴選綜合濾掛式咖啡9gX100入,52折,719,419,387,354,65,否,15.5
2026/08/25,11:00,4863910,海鴻飯店,萬巒豬腳2組,72折,999,309,274,246,63,否,20.4
2026/08/25,11:00,15490065,青鳥旅行,16入經典禮盒(附提袋),78折,599,505,485,455,50,否,9.9
2026/08/25,11:00,14974268,Apple,iPhone 17 Pro(256G/6.3吋),93折,37900,38,0,0,38,是,100.0
2026/08/25,11:00,15287899,王品集團,鍋物中菜$888抵用券,88折,888,500,479,472,28,否,5.6
2026/08/25,11:00,15562915,適樂膚,潔顏慕絲148ml雙入組,63折,630,399,385,371,28,否,7.0
2026/08/25,11:00,11756917,ON 歐恩,肌酸 600克(原味),59折,1199,296,286,270,26,否,8.8
2026/08/25,11:00,13159317,獅王,固齒佳酵素牙膏10入,35折,749,420,408,395,25,否,6.0
2026/08/25,11:00,15131617,adidas 愛迪達,DURAMO 系列跑鞋 運動鞋 慢跑鞋 男鞋/女鞋 多款任選 (KH7331/KH5314/KH5315),43折,1090,300,286,275,25,否,8.3
2026/08/25,11:00,13279294,汪喵星球,米粒型豆腐砂4KG*4入,45折,949,500,483,476,24,否,4.8
2026/08/25,11:00,14548521,〈MOMO獨家〉山雨小學1-5限量套組,〈MOMO獨家〉山雨小學1-5限量套組,55折,1058,102,85,79,23,否,22.5
2026/08/25,11:00,11616015,植村秀,山茶花潔顏油450ml,37折,3502,198,192,176,22,否,11.1
2026/08/25,11:00,8229299,康乃馨,Hi-Water水濕巾48包,58折,1199,271,259,252,19,否,7.0
2026/08/25,11:00,14267987,TCL,65型QD MiniLED,71折,24900,32,16,15,17,否,53.1
2026/08/25,11:00,14921074,華碩,15.6吋Core 7輕薄16G,86折,24999,50,43,33,17,否,34.0
2026/08/25,11:00,14137341,Arowana 亞諾納,獨家★30吋城市輕旅杯架款｜上開/對開 兩用防爆可加大行李箱 (假日照常配送),31折,1888,300,290,284,16,否,5.3
2026/08/25,11:00,13349515,Philips,酷螢移動感應櫥壁燈47cm2入,67折,1999,54,48,40,14,否,25.9
2026/08/25,11:00,11028885,東元,4-5坪一級變頻冷暖,66折,17900,20,12,10,10,否,50.0
2026/08/25,11:00,4932213,QUAKER 桂格,養氣人蔘120入,72折,5310,59,55,50,9,否,15.3
2026/08/25,11:00,14284910,大研生醫,EPA 1200 頂級魚油軟膠囊x4入(90粒/盒),38折,3899,100,97,93,7,否,7.0
2026/08/25,11:00,15624103,dyson,HD08溫控負離子吹風機(普魯士藍色),9折,8990,149,143,143,6,否,4.0
2026/08/25,11:00,12963341,TECO東元,綠光顯塵無線吸塵器,52折,2599,100,98,95,5,否,5.0
2026/08/25,11:00,8174397,禾聯,無線遙控SPA潔便座,69折,6990,30,29,25,5,否,16.7
2026/08/25,11:00,10343393,元大珠寶,黃金一錢金塊金條 投資保值利器(四選一),94折,19888,61,60,57,4,否,6.6
2026/08/25,11:00,15211198,克蘭詩,黃金雙萃精華75ml,53折,3099,149,145,145,4,否,2.7
2026/08/25,11:00,10016094,金喜飛來,黃金項鍊跳舞鍊O鍊素鍊(0.33錢±0.03),93折,7688,25,25,21,4,否,16.0
2026/08/25,11:00,8762773,命運好好玩,李玉珮-五行補運淨衣凝露6入組,4折,1366,134,133,131,3,否,2.2
2026/08/25,11:00,15256433,STAUB,鑄鐵雙鍋組 圓鍋+平煎鍋16cm,31折,4699,64,63,62,2,否,3.1
2026/08/25,11:00,14484311,ASUS 華碩,Vivowatch 6 Aero 智慧手錶/手環,92折,6290,50,49,49,1,否,2.0
2026/08/25,11:00,14504452,OASIS,製冰塊瞬冰溫熱淨飲機,5折,9999,30,30,29,1,否,3.3
2026/08/25,11:00,15604438,JOLLY,TK300電動音樂扭扭車,5折,2499,119,119,119,0,否,0.0
2026/08/25,14:00,10116136,倍潔雅,舒感柔韌150抽x70包,52折,709,492,333,234,258,否,52.4
2026/08/25,14:00,15506419,KINYO,14吋遙控循環扇 AWAF-027,35折,699,260,195,171,89,否,34.2
2026/08/25,14:00,12984109,ARIEL,抗菌除臭洗衣精補充8包,78折,859,500,476,450,50,否,10.0
2026/08/25,14:00,13746818,葛莉思,貓食8kg*2入,58折,999,500,459,454,46,否,9.2
2026/08/25,14:00,12991953,卡旺,卡旺G022卡式瓦斯罐48入,7折,1290,250,221,209,41,否,16.4
2026/08/25,14:00,8891010,佳興冰果室,小瓶檸檬汁600mlx12入,66折,699,450,429,412,38,否,8.4
2026/08/25,14:00,14365931,MUELOLIVA 茉麗華,特級冷壓初榨橄欖油1000mlx３入,38折,999,309,290,272,37,否,12.0
2026/08/25,14:00,12001369,RYO 呂,強韌蘊髮洗護髮2入,66折,930,200,174,166,34,否,17.0
2026/08/25,14:00,12414299,IPSA,流金水200mlx2入,36折,1049,200,182,172,28,否,14.0
2026/08/25,14:00,10332074,Astonish,全方位清潔3入組,37折,699,499,485,477,22,否,4.4
2026/08/25,14:00,11455870,Logitech 羅技,MX Keys S無線智能鍵盤,72折,2890,79,70,60,19,否,24.1
2026/08/25,14:00,15540254,CROSS,xZENDAR新品到 草編亞麻帆布包★專櫃頂級真皮小牛皮 肩背包 斜背包 (男女中性包),0.4折,2988,162,161,145,17,否,10.5
2026/08/25,14:00,8906297,紅龍,牛肉烏龍麵10碗,52折,1059,28,11,12,16,否,57.1
2026/08/25,14:00,15401562,契爾氏,膠原快充精華30ml,77折,2400,124,114,110,14,否,11.3
2026/08/25,14:00,4908380,統一LP33,健字號益生菌膠囊*4盒,62折,2995,150,139,137,13,否,8.7
2026/08/25,14:00,14203525,美心,土耳其陶瓷可拆IH不沾3鍋5件組,48折,1111,58,50,45,13,否,22.4
2026/08/25,14:00,9709538,大研生醫,淨密樂蔓越莓甘露糖粉包24包X5盒,39折,2199,300,291,288,12,否,4.0
2026/08/25,14:00,12475407,潤姬桃子,S1精華液3入,55折,2620,120,116,108,12,否,10.0
2026/08/25,14:00,13702074,妙而舒,極透舒膚妙兒褲2箱 M-XL,49折,2529,500,494,488,12,否,2.4
2026/08/25,14:00,15425251,蘭蔻,極塑緊緻膠原霜50ml,56折,2790,100,96,92,8,否,8.0
2026/08/25,14:00,8207662,白蘭氏,旭沛蜆精72入,6折,3004,81,77,75,6,否,7.4
2026/08/25,14:00,15097229,勝利,180公升無霜冷凍櫃,94折,7490,50,45,44,6,否,12.0
2026/08/25,14:00,15230014,石頭科技,F25 RT GEN 2小白鯊零纏繞洗地機,41折,6999,50,49,46,4,否,8.0
2026/08/25,14:00,14019529,BRITA,ModelONE+濾芯13芯組,39折,8888,30,28,27,3,否,10.0
2026/08/25,14:00,15218652,Honeywell,獨家買大送小 純淨空氣清淨機,53折,10111,48,47,46,2,否,4.2
2026/08/25,14:00,15524770,Samsung 三星,Galaxy A57(12G/256G),74折,14590,80,78,78,2,否,2.5
2026/08/25,14:00,14581228,NIKE,PEGASUS PREMIUM 小飛馬慢跑鞋,52折,3499,150,148,148,2,否,1.3
2026/08/25,14:00,14055191,三星,75型QLED AI智慧顯示器,92折,36900,39,38,38,1,否,2.6
2026/08/25,14:00,15143552,ASUS,i7十核RTX5050電競★升32G,82折,42888,20,19,19,1,否,5.0
2026/08/25,14:00,14839301,德國雙人,FS系列智能真空保鮮33件組,5折,3999,80,80,79,1,否,1.2
2026/08/25,18:00,8990597,倍潔雅,好韌真3層100抽x72包,53折,799,497,437,361,136,否,27.4
2026/08/25,18:00,15603812,幫寶適,一級幫拉拉褲M-150片買1送1,5折,1299,495,457,389,106,否,21.4
2026/08/25,18:00,14910634,卡樂比,富果樂水果麥片(380gX6入),46折,699,447,408,360,87,否,19.5
2026/08/25,18:00,14401707,雅頓,21天霜 75ml 兩入組,16折,769,385,343,299,86,否,22.3
2026/08/25,18:00,15292469,新板希爾頓酒店,午餐吃到飽,47折,818,370,339,309,61,否,16.5
2026/08/25,18:00,11583891,DR.WU,玻尿酸保濕精華化妝水,5折,800,374,353,323,51,否,13.6
2026/08/25,18:00,9644508,馬修嚴選,原味優格分享號G+、K+組合,87折,799,380,365,347,33,否,8.7
2026/08/25,18:00,14032453,Panasonic 國際牌,12公升雙變頻智能除濕機★獨家奶茶色,6折,11999,25,15,0,25,是,100.0
2026/08/25,18:00,15306820,Wacky WiLLY,女款短袖上衣(條紋/大LILY多款任選),67折,999,123,115,100,23,否,18.7
2026/08/25,18:00,15495865,東芝,55型4K Google TV,47折,11900,47,34,29,18,否,38.3
2026/08/25,18:00,14009210,BRITA,愛奴娜濾水壺組(共1壺13芯),38折,2299,110,102,94,16,否,14.5
2026/08/25,18:00,11764022,FL 生活+,超巨型360L摺疊收納箱-三層款,32折,2599,160,148,146,14,否,8.8
2026/08/25,18:00,14833444,mo select,智能除臭殺菌不鏽鋼感應垃圾桶(大容量30L),25折,1999,36,28,24,12,否,33.3
2026/08/25,18:00,15101901,Philips 飛利浦,HX5191護齦音波牙刷,48折,2699,99,94,88,11,否,11.1
2026/08/25,18:00,15520694,Samsung 三星,Galaxy Tab A11+ 11吋 6G/128G WiFi X230 平板電腦,79折,7990,50,47,41,9,否,18.0
2026/08/25,18:00,13822561,桂格完膳,營養素3重優蛋白48入,88折,3100,99,97,91,8,否,8.1
2026/08/25,18:00,12988475,赫蓮娜,黑繃帶乳霜50ml,46折,14850,310,304,303,7,否,2.3
2026/08/25,18:00,15119015,樂敦,V游離型葉黃素複方軟膠囊 120粒*2入,72折,2599,150,148,143,7,否,4.7
2026/08/25,18:00,15416395,理膚寶水,UVAIR空氣感防曬禮盒,36折,1447,200,198,193,7,否,3.5
2026/08/25,18:00,15563776,Crocs,仿舊卡駱班克駱格洞洞鞋,8折,1599,186,183,180,6,否,3.2
2026/08/25,18:00,11135282,台灣三洋,4-6坪一級變頻冷暖空調,7折,16900,14,12,9,5,否,35.7
2026/08/25,18:00,13267440,國際牌,桌上型自動洗碗機,72折,15900,48,46,44,4,否,8.3
2026/08/25,18:00,15557052,HP 惠普,14吋R7輕薄筆電,65折,18999,14,13,11,3,否,21.4
2026/08/25,18:00,15361280,傢俱工場,機能床片+抽屜床底,28折,5580,30,29,28,2,否,6.7
2026/08/25,18:00,10656391,愛兒館,離乳成長我的第一張小桌椅-任選,72折,4899,24,22,37,0,否,0.0
2026/08/25,22:00,10116136,倍潔雅,舒感柔韌150抽x70包,52折,709,496,427,387,109,否,22.0
2026/08/25,22:00,4863910,海鴻飯店,萬巒豬腳2組,72折,999,309,270,243,66,否,21.4
2026/08/25,22:00,13193762,UCC,BLACK無糖咖啡185gx60入,47折,849,400,381,340,60,否,15.0
2026/08/25,22:00,15603812,幫寶適,一級幫拉拉褲M-150片買1送1,5折,1299,497,473,445,52,否,10.5
2026/08/25,22:00,14434857,摩洛哥優油買100送200ml,摩洛哥優油買100送200ml,34折,1799,198,175,157,41,否,20.7
2026/08/25,22:00,9113256,舒酸定,長效抗敏牙膏8入,47折,669,450,426,413,37,否,8.2
2026/08/25,22:00,14128445,Champion,男女款-素面LOGO短袖上衣,39折,618,146,128,120,26,否,17.8
2026/08/25,22:00,12049650,HITACHI 日立,HITACHI日立 1級能效11公升舒適節電除濕機 RD-22FJ,83折,8791,42,27,17,25,否,59.5
2026/08/25,22:00,15425248,蘭蔻,超極限小黑瓶PRO50ml,39折,3885,300,284,276,24,否,8.0
2026/08/25,22:00,13809793,阿原艾草包15gx10入,阿原艾草包15gx10入,75折,911,198,183,176,22,否,11.1
2026/08/25,22:00,13028656,烏石港OA HOTEL/凱渡廣場酒店,聯合住宿券,48折,3499,139,132,125,14,否,10.1
2026/08/25,22:00,9709538,大研生醫,淨密樂蔓越莓甘露糖粉包24包X5盒,39折,2199,299,291,286,13,否,4.3
2026/08/25,22:00,4908380,統一LP33,健字號益生菌膠囊*4盒,62折,2995,147,137,134,13,否,8.8
2026/08/25,22:00,12742602,聯碩,3-5坪一級變頻冷暖空調,53折,13900,13,6,0,13,是,100.0
2026/08/25,22:00,15345134,Coca-Cola 可口可樂,寶特瓶435mlx2箱(共48入),44折,798,137,129,126,11,否,8.0
2026/08/25,22:00,7679325,船井生醫,極纖錠獨家增量版4盒(共448顆)+夜孅2袋(共40顆),27折,4499,70,59,59,11,否,15.7
2026/08/25,22:00,14402787,石頭科技,Qrevo C Pro掃拖機器人-超值組,34折,13999,8,4,0,8,是,100.0
2026/08/25,22:00,11677652,COACH,x Michael Kors MK經典皮夾/斜背包袋(多款),63折,2088,148,142,142,6,否,4.1
2026/08/25,22:00,12181524,純煉,滴雞精95包+77mo+益生菌,46折,7999,29,27,24,5,否,17.2
2026/08/25,22:00,8013804,飛利浦,全自動義式咖啡機(EP2220),28折,9999,99,96,95,4,否,4.0
2026/08/25,22:00,14578369,TRUU,外泌體水光面膜2入,44折,2199,139,137,135,4,否,2.9
2026/08/25,22:00,15175989,營養師輕食,台灣01益生菌 5入組(一入30包),65折,6595,298,295,295,3,否,1.0
2026/08/25,22:00,11906827,SIDIZ,人體工學椅,49折,6999,30,27,27,3,否,10.0
2026/08/25,22:00,11300579,Lunio,Helix雙人乳膠獨立筒床墊,39折,7890,40,40,39,1,否,2.5
2026/08/25,22:00,13369259,Apple,Apple Watch SE2 GPS 40mm,73折,5799,50,49,49,1,否,2.0
2026/08/25,22:00,14556561,微星平台,RTX 5070電競機(R7-7700/32G D5/1TB),9折,51999,20,19,19,1,否,5.0
2026/08/25,22:00,14211446,輝葉,WePAPA登山健走機(超慢跑 走路機HY-20613),71折,12800,7,16,14,0,否,0.0
2026/08/26,00:00,12104294,紅龍,牛肉捲/雞肉捲/豬肉捲16入,48折,768,397,348,330,67,否,16.9
2026/08/26,00:00,12840431,太星電工,蓋安全七開六插滑蓋電腦線/3P 6尺(OCJ76306),4折,399,120,79,62,58,否,48.3
2026/08/26,00:00,14834825,Uneed 健康綠活,Fizz氣泡水500mlx2箱/共48入,37折,569,527,491,470,57,否,10.8
2026/08/26,00:00,10019468,朵舒,棉仔紙超厚柔150抽x84包,46折,829,497,450,441,56,否,11.3
2026/08/26,00:00,14411766,安耐曬,金鑽防曬露NA 5X版x2,47折,909,246,211,200,46,否,18.7
2026/08/26,00:00,12984065,Whirlpool 惠而浦,15L高效除濕機 WDEE15TW,52折,6511,45,12,1,44,否,97.8
2026/08/26,00:00,13027255,iHDoc,全能鎂(60粒/盒；3盒),4折,1190,260,230,218,42,否,16.2
2026/08/26,00:00,14920754,髮的食譜,洗護髮3入組★全新上市,58折,749,598,571,560,38,否,6.4
2026/08/26,00:00,14982663,OLAY,小白瓶精華30ml 3入,48折,1999,298,278,267,31,否,10.4
2026/08/26,00:00,15506513,巴黎萊雅,水光豐盈洗/護髮任選3入,75折,949,300,271,269,31,否,10.3
2026/08/26,00:00,13215599,德麗莎,特級初榨橄欖油750ml*3入(可生飲/出廠酸價0.5),5折,1088,299,272,268,31,否,10.4
2026/08/26,00:00,14069121,American Explorer 美國探險家,20吋 前開式 避震輪 防爆/防盜拉鍊 上掀式 行李箱 CF8 登機箱 旅行箱,38折,1598,328,307,299,29,否,8.8
2026/08/26,00:00,15056655,FILA,韓韶禧代言款 男女慢跑鞋 運動鞋 (多款選),34折,999,154,136,130,24,否,15.6
2026/08/26,00:00,8442864,德國雙人,Joy不鏽鋼單柄鍋16cm含玻璃蓋,51折,999,298,284,276,22,否,7.4
2026/08/26,00:00,14233534,法國皇家,狗餐包85g*24包,66折,939,227,214,209,18,否,7.9
2026/08/26,00:00,15425248,蘭蔻,超極限小黑瓶PRO50ml,39折,3885,299,289,282,17,否,5.7
2026/08/26,00:00,8649334,德邁國際工學椅,德邁國際工學椅,59折,2499,76,66,60,16,否,21.1
2026/08/26,00:00,13244428,象印,買1送1超輕量彈蓋保溫杯600ml,35折,1288,149,139,133,16,否,10.7
2026/08/26,00:00,8143213,LG,寵物版循環空氣清淨機一代-單層,48折,12900,50,39,35,15,否,30.0
2026/08/26,00:00,15122334,台南趣淘漫旅,4人豪華景觀房贈門票,18折,2599,194,193,189,5,否,2.6
2026/08/26,00:00,13262275,BLACKMORES 澳佳寶,金盞花葉黃素+蝦紅素+B6 6入組(180顆 黑嘉嘉代言★半年份囤貨組),45折,2999,150,147,146,4,否,2.7
2026/08/26,00:00,14976030,營養師輕食,甘露糖蔓越莓EX 5入組(一盒15條),96折,2400,199,196,196,3,否,1.5
2026/08/26,00:00,14861241,三星,65型4K智慧顯示器,71折,19900,30,28,28,2,否,6.7
2026/08/26,00:00,14482070,Lenovo,Idea Tab Plus,8折,10490,50,50,49,1,否,2.0
2026/08/26,00:00,13528252,Sofy蘇菲,超熟睡/超日安褲型衛生棉箱購,36折,725,1,1,1,0,否,0.0
2026/08/26,00:00,13560155,飛利浦,LatteGo 雙溫萃取全自動義式咖啡機,74折,22900,49,49,49,0,否,0.0
2026/08/26,00:00,14885905,MUJI 無印良品,男天竺圓領短袖T恤-多色任選,84折,211,1,903,865,0,否,0.0
2026/08/26,00:00,15034475,Lenovo,小資首選★14吋i5輕薄16G,88折,21999,20,20,20,0,否,0.0
2026/08/26,00:00,9901912,京美,涼感2+2件組-竹炭遠紅外線銀纖維涼感女內衣2件+涼感內褲2件組,21折,2580,249,249,249,0,否,0.0
2026/08/26,07:00,11372691,哈根達斯,momo獨家★迷你杯24入組,41折,983,310,259,221,89,否,28.7
2026/08/26,07:00,7002382,MOS摩斯,日式咖哩包18入,55折,899,350,313,266,84,否,24.0
2026/08/26,07:00,15505979,醫倍DR.BEST 2K原鯊烯膠囊6盒(30顆/盒),醫倍DR.BEST 2K原鯊烯膠囊6盒(30顆/盒),11折,1870,315,309,267,48,否,15.2
2026/08/26,07:00,13019510,ONEHOUSE洛克巨型免安裝摺疊置物架,ONEHOUSE洛克巨型免安裝摺疊置物架,35折,999,242,221,195,47,否,19.4
2026/08/26,07:00,10024935,Persil,三合一洗衣球180顆,5折,999,500,481,461,39,否,7.8
2026/08/26,07:00,15227699,BIODERMA,舒敏潔膚液4入,32折,1099,300,284,264,36,否,12.0
2026/08/26,07:00,13779991,KeyWear 奇威名品,超強抗UV輕盈時尚防曬外套(共4色),29折,588,310,290,275,35,否,11.3
2026/08/26,07:00,15394414,周大福,網路限定 9999黃金金豆小星星/金元寶 1公克,91折,5988,60,60,29,31,否,51.7
2026/08/26,07:00,15307428,Owala,彈蓋+可拆式吸管運動水壺740ml,66折,599,28,0,0,28,是,100.0
2026/08/26,07:00,12603475,西雅圖,極品濾掛咖啡100入(任選2盒；8gx50入/盒),6折,849,266,251,238,28,否,10.5
2026/08/26,07:00,11957253,艾惟諾長效燕麥沐浴露532mlx4入,艾惟諾長效燕麥沐浴露532mlx4入,41折,999,195,184,167,28,否,14.4
2026/08/26,07:00,10148769,美吾髮,艾淨化淨身除穢舒緩安神噴霧3入組,41折,499,525,507,499,26,否,5.0
2026/08/26,07:00,3722363,輝葉,4D溫熱手感按摩坐墊,43折,3799,70,57,52,18,否,25.7
2026/08/26,07:00,13724396,資生堂美髮,優源洗髮露500ml,3折,1328,199,193,181,18,否,9.0
2026/08/26,07:00,15358085,滿意寶寶,TOMICA&哆啦A夢輕巧褲L-XL(任選2箱組),57折,2196,500,492,482,18,否,3.6
2026/08/26,07:00,14876539,汪喵星球,無膠純肉泥20包,63折,888,500,493,484,16,否,3.2
2026/08/26,07:00,12679786,Simply新普利,日本專利益生菌DX 30包(x4盒),33折,2680,106,101,97,9,否,8.5
2026/08/26,07:00,15189670,小米,米家空氣清淨機6,79折,5599,40,36,33,7,否,17.5
2026/08/26,07:00,14634175,Google,10 Pro XL 16G/256G,74折,29990,50,48,44,6,否,12.0
2026/08/26,07:00,14159603,24HRS,5件組★經典款無感集中內衣,55折,1900,500,499,494,6,否,1.2
2026/08/26,07:00,13102396,LARGAN 大立美,晶亮立克5盒(30粒/盒),24折,3688,100,98,96,4,否,4.0
2026/08/26,07:00,14001111,Philips 飛利浦,27型 IPS 4K美型螢幕,48折,3988,30,29,26,4,否,13.3
2026/08/26,07:00,13696314,樂高,法拉利 F1賽車42207,66折,5299,137,135,133,4,否,2.9
2026/08/26,07:00,15042079,NEW BALANCE,1906L_樂福鞋_多款任選,8折,3744,250,249,246,4,否,1.6
2026/08/26,07:00,15091884,Philips 飛利浦,HX5682/01 語音導航音波電動牙刷,92折,3690,100,98,97,3,否,3.0
2026/08/26,07:00,13228913,聯碩,7-8坪一級變頻冷暖,86折,24900,15,14,14,1,否,6.7
2026/08/26,07:00,14237834,Lenovo,15.3吋i5 H版輕薄筆電,6折,16990,25,25,24,1,否,4.0
2026/08/26,07:00,15491298,麥當勞,10塊麥克雞塊套餐,7折,149,2,1,1,1,否,50.0
2026/08/26,07:00,12063597,LG 樂金,16公升WiFi變頻除濕機-粉紅 MD161QPK3,7折,14111,0,30,9,0,否,0.0
2026/08/26,11:00,15220069,舒潔,絲絨舒膚110抽x60包,52折,788,498,437,402,96,否,19.3
2026/08/26,11:00,8156742,好傘王,輕量折疊自動傘 極度降溫黑膠輕大傘 (抗風防潑水/快乾遮陽),44折,699,86,35,12,74,否,86.0
2026/08/26,11:00,15053548,宏裕行,超厚實黃金花枝蝦排3盒,67折,999,219,176,148,71,否,32.4
2026/08/26,11:00,8519077,康定,植萃酵素洗髮精２入組,72折,1150,252,225,203,49,否,19.4
2026/08/26,11:00,10823327,輕食糧飲,小蘭州蕎麥麵10入,63折,499,649,628,601,48,否,7.4
2026/08/26,11:00,12214847,Chic Chic 琪琪,降50/件★10入抑菌無痕內褲(多款選),42折,499,496,474,457,39,否,7.9
2026/08/26,11:00,13608305,IMPACT 怡寶,聯名輕量成長型護脊書包-momo限定,63折,1899,200,184,167,33,否,16.5
2026/08/26,11:00,15537739,BLACK HAMMER,造物集保冰吸管杯2入組,39折,990,232,214,203,29,否,12.5
2026/08/26,11:00,15357287,LATIB,橄欖油膠囊檸檬飲28入,63折,2299,131,122,106,25,否,19.1
2026/08/26,11:00,13713688,if,泰國IF 100%天然香水椰子水1Lx12入,6折,869,319,308,300,19,否,6.0
2026/08/26,11:00,14505050,OLAY,胜超紅瓶乳霜2入,62折,1999,250,241,232,18,否,7.2
2026/08/26,11:00,13569086,THOMSON,智能觸控不鏽鋼8公升氣炸鍋 TM-SAT29A(超大容量 可視窗/可視燈 觸控式操作面板),26折,1599,100,92,83,17,否,17.0
2026/08/26,11:00,14978369,藍鑽,貓砂8.5kg*2入,66折,1319,498,489,482,16,否,3.2
2026/08/26,11:00,10101929,Logitech 羅技,Lift 人體工學垂直藍牙滑鼠,79折,1990,79,72,64,15,否,19.0
2026/08/26,11:00,11028885,東元,4-5坪一級變頻冷暖,66折,17900,20,15,8,12,否,60.0
2026/08/26,11:00,15505961,NEOFLAM,陶瓷雙鍋組-30炒鍋含蓋+28平底鍋,17折,1499,250,241,240,10,否,4.0
2026/08/26,11:00,15464156,赫蓮娜,植萃綠寶再生精萃50ml,68折,6500,47,47,39,8,否,17.0
2026/08/26,11:00,14720460,DIKE,6公升除濕機 HLE810,43折,3480,60,54,53,7,否,11.7
2026/08/26,11:00,14991526,dyson,HJ10噴射氣流空氣清淨機(銀白色),73折,10900,150,145,144,6,否,4.0
2026/08/26,11:00,15459088,asics,NOVABLAST 6 男款 彈力慢跑鞋 (多色多款選),69折,3199,49,45,43,6,否,12.2
2026/08/26,11:00,14527961,日本大王,愛適多夜間超安心8回褲(2箱),65折,2799,202,201,199,3,否,1.5
2026/08/26,11:00,9044483,赫而司,高單位螯合鎂2罐(共200顆),85折,1870,179,178,176,3,否,1.7
2026/08/26,11:00,9929266,m2 美度,超能膠原飲8盒囤貨組(64入),37折,5080,343,343,340,3,否,0.9
2026/08/26,11:00,15582394,Apple,2026 iPad Air M4晶片/11吋/WiFi/256G,91折,27900,30,28,28,2,否,6.7
2026/08/26,11:00,10205934,悠活原力,關健複方膠囊UC-II+玻尿酸x5(30粒/盒),63折,5688,80,80,79,1,否,1.2
2026/08/26,11:00,15006417,Pubook 2 Pro 10.3 單機 ● 原廠保護皮套 ● 飽讀Lifetime,Pubook 2 Pro 10.3 單機 ● 原廠保護皮套 ● 飽讀Lifetime,93折,16200,4,4,3,1,否,25.0
2026/08/26,11:00,12836521,日立,7-9坪一級變頻冷暖空調,74折,34590,8,8,8,0,否,0.0
2026/08/26,11:00,13699486,小老闆寢具,單人加大天絲獨立筒13cm摺疊床墊,65折,6680,42,42,42,0,否,0.0
2026/08/26,11:00,15605059,星巴克,草莓巴西莓檸檬星沁爽2杯,6折,150,1,1,1,0,否,0.0
2026/08/26,11:00,15059139,Lenovo,14吋Ultra 9 H版輕薄AI筆電,71折,32990,25,25,25,0,否,0.0
2026/08/26,14:00,14275289,一匙靈,ATTACK洗衣精補充包,78折,589,498,450,403,95,否,19.1
2026/08/26,14:00,13640189,Calbee,任選薯條三兄弟2盒(10入/盒*2盒),61折,599,612,561,531,81,否,13.2
2026/08/26,14:00,15413917,adidas 愛迪達,CLOUDFOAM FLEX LOUNGE RAPIDFIT 運動休閒鞋 女鞋 多款任選 (HQ4942/KJ4730/HQ4940),43折,999,300,252,226,74,否,24.7
2026/08/26,14:00,14406756,Swear 思薇爾,超值2件組軟鋼圈涼感內衣,26折,990,499,475,449,50,否,10.0
2026/08/26,14:00,11585359,綠的寢飾,200織精梳棉兩用被床包枕套組,26折,799,380,354,342,38,否,10.0
2026/08/26,14:00,13865327,金園排骨,排骨7片+雞腿3片+鹽酥雞腿或里肌2包,61折,1498,250,236,221,29,否,11.6
2026/08/26,14:00,13608305,IMPACT 怡寶,聯名輕量成長型護脊書包-momo限定,63折,1899,198,186,173,25,否,12.6
2026/08/26,14:00,14566154,夏普,9坪 抗敏PCI空氣清淨機,49折,3990,49,42,25,24,否,49.0
2026/08/26,14:00,9824343,CROSSFOR,多款選 日本正版925純銀Dancing Stone懸浮閃動項鍊(精美盒裝 情人節 生日 送禮),36折,799,155,141,131,24,否,15.5
2026/08/26,14:00,13255188,Google,Streamer電視盒,89折,2899,96,83,73,23,否,24.0
2026/08/26,14:00,9683295,台灣好田,香檬原汁300mlx6瓶,51折,929,330,316,307,23,否,7.0
2026/08/26,14:00,15248939,雅詩蘭黛,小棕眼霜買15送15ml,27折,1799,199,186,177,22,否,11.1
2026/08/26,14:00,13799375,Simply 新普利,超級夜酵素DX 100顆(x2盒),37折,4180,500,491,483,17,否,3.4
2026/08/26,14:00,13127575,LUNG.L 林佳樺,運動休閒吸溼排汗機能短袖女裝上衣-多款任選,17折,888,120,114,106,14,否,11.7
2026/08/26,14:00,14818738,伊萊克斯,14L WIFI極適家居700清淨除濕機,58折,11111,88,80,76,12,否,13.6
2026/08/26,14:00,14285929,Shark,LC351自動集塵智能無線吸塵器,77折,12999,29,19,18,11,否,37.9
2026/08/26,14:00,15545598,饗食天堂,平日午餐/假日下午茶4張,97折,3999,80,74,70,10,否,12.5
2026/08/26,14:00,11373303,蛋殼北北,無非按摩梳,94折,1780,75,69,67,8,否,10.7
2026/08/26,14:00,11060709,滿意寶寶,極上呵護黏貼紙尿褲M-XL(任選2箱組),76折,3498,500,496,493,7,否,1.4
2026/08/26,14:00,13197310,義大利CUOCO,厚2代鈦晶岩大寶鍋組34cm,66折,1311,230,226,223,7,否,3.0
2026/08/26,14:00,14447213,FAMMIX 菲米斯,超薄會議記錄智慧AI錄音卡,55折,2490,80,74,74,6,否,7.5
2026/08/26,14:00,14021165,麗克特,無線循環電風扇,62折,4980,49,45,44,5,否,10.2
2026/08/26,14:00,7060526,原點,皇極鮮雞貓糧10lb,52折,3199,123,120,119,4,否,3.3
2026/08/26,14:00,15561920,Insta360,X6 8K全景運動相機-全能套裝(公司貨),99折,23990,30,26,26,4,否,13.3
2026/08/26,14:00,14389957,Apple,S+級福利品 AirPods Max(Lightning),6折,10900,30,27,26,4,否,13.3
2026/08/26,14:00,15059252,Lenovo,15.6吋Ryzen 3 U版輕薄筆電,72折,12990,25,24,24,1,否,4.0
2026/08/26,14:00,11690251,IHouse,雙電動沙發,14折,18980,6,6,5,1,否,16.7
2026/08/26,14:00,13547823,李施德霖,全效護理漱口水8入,47折,789,245,245,244,1,否,0.4
2026/08/26,14:00,14140144,雀巢健康科學,纖維佳膳食纖維250g/2罐,85折,2210,150,150,150,0,否,0.0
2026/08/26,18:00,8766071,甜露露,紐西蘭佳沛黃金奇異果30入,6折,699,149,116,9,140,否,94.0
2026/08/26,18:00,14512618,藤澤,日本原裝杏仁小魚乾2袋(32入/袋),64折,649,376,335,308,68,否,18.1
2026/08/26,18:00,14274026,hoi! 好好生活,日京山風任選3件超值組500ml,66折,1099,275,265,237,38,否,13.8
2026/08/26,18:00,11359881,肌研,白潤高效美白淡斑精華 2入,6折,669,450,442,412,38,否,8.4
2026/08/26,18:00,13875042,任天堂,Switch 2 主機,9折,14380,33,0,0,33,是,100.0
2026/08/26,18:00,15541965,OBgE,完美遮瑕氣墊粉餅15g,56折,599,200,191,168,32,否,16.0
2026/08/26,18:00,13913204,飛利浦,14.2L抗敏清淨除濕機-DE5306,64折,8999,34,20,9,25,否,73.5
2026/08/26,18:00,13702905,mo select,台灣製極厚316不鏽鋼調理鍋3鍋6件組,29折,1099,100,86,75,25,否,25.0
2026/08/26,18:00,13680178,LG,30L智慧微波爐(MS3032JAS),59折,2990,100,90,84,16,否,16.0
2026/08/26,18:00,15287028,NIKE,LEBRON WITNESS IX 實戰籃球鞋,53折,1699,199,193,184,15,否,7.5
2026/08/26,18:00,14142713,美心,維多利亞複合金可拆不沾3鍋5件組,39折,1299,89,82,79,10,否,11.2
2026/08/26,18:00,14107740,幫寶適,一級幫散熱拉拉褲/黏貼尿布5箱,76折,5495,499,493,490,9,否,1.8
2026/08/26,18:00,12909289,zZSLEEPER,忘憂枕 升級頂級萊賽爾枕套,43折,2099,22,18,14,8,否,36.4
2026/08/26,18:00,12842795,亞培,安素原味 HMB升級配方 60入,82折,4250,200,194,192,8,否,4.0
2026/08/26,18:00,13120348,成長天地,100cm桌面 兒童書桌椅,56折,7777,60,56,54,6,否,10.0
2026/08/26,18:00,15311252,ELPHECO,感應垃圾桶A+B(任選兩款),45折,2699,100,96,95,5,否,5.0
2026/08/26,18:00,15002108,輝葉,airWeGo全腿氣囊溫感按摩器,6折,13900,70,67,67,3,否,4.3
2026/08/26,18:00,14191512,Baicycle,U8 PRO電動折疊腳踏車,69折,15888,20,17,17,3,否,15.0
2026/08/26,18:00,14905196,Move Free 益節,UC-II+鈣關鍵口嚼錠4瓶,93折,3360,81,81,78,3,否,3.7
2026/08/26,18:00,13650923,夏普,2-4坪一級變頻冷暖空調,84折,16900,15,13,13,2,否,13.3
2026/08/26,18:00,15577682,Samsung 三星,Galaxy Z Flip8 (12G/256),89折,34900,30,29,29,1,否,3.3
2026/08/26,18:00,12211727,GUCCI,古馳經典LOGO織帶緹花斜背包/腰包(多款),81折,21999,20,19,19,1,否,5.0
2026/08/26,18:00,15034472,ThinkPad,14吋U5 AI商用★效能續航兼具,86折,32990,20,20,20,0,否,0.0
2026/08/26,18:00,12787366,BRITA,5重龍濾水器組(共1機4芯),53折,4980,60,60,60,0,否,0.0
2026/08/26,22:00,15394907,必勝客,13吋大比薩(10選2),29折,389,798,481,325,473,否,59.3
2026/08/26,22:00,12937096,AVEDA,木質按摩髮梳★買大送小,32折,811,250,184,146,104,否,41.6
2026/08/26,22:00,15061143,芝初,8倍細高蛋白纖穀粉10入x5盒,67折,849,380,351,335,45,否,11.8
2026/08/26,22:00,15418241,Vinda維達,掛牆廚房紙巾168抽x12包,6折,499,226,204,184,42,否,18.6
2026/08/26,22:00,9773637,Pril,洗碗精/蔬果洗滌補充5包,52折,499,500,483,473,27,否,5.4
2026/08/26,22:00,13665714,atflee,門框式引體向上單槓,65折,1299,48,33,26,22,否,45.8
2026/08/26,22:00,14032453,Panasonic 國際牌,12公升雙變頻智能除濕機★獨家奶茶色,6折,11999,30,21,10,20,否,66.7
2026/08/26,22:00,14593238,淨毒五郎,酵素手洗精二入組,43折,999,253,244,234,19,否,7.5
2026/08/26,22:00,14408664,Arowana 亞諾納,8月限定特惠★25+29吋樂活河馬箱 前開/對開 兩用箱超值雙箱組合(假日照常配送),29折,2988,200,195,184,16,否,8.0
2026/08/26,22:00,14587016,WEIDER 威德益生菌 2盒(3gx90包/盒),WEIDER 威德益生菌 2盒(3gx90包/盒),81折,1799,180,173,168,12,否,6.7
2026/08/26,22:00,14955206,DR.WU,玻尿酸保濕精華液3入組,5折,2400,120,112,109,11,否,9.2
2026/08/26,22:00,13809883,大成,熬雞精環保箱4箱共100入+14入,49折,6999,30,25,21,9,否,30.0
2026/08/26,22:00,7721658,艾惟諾,長效鎖水保濕乳2入,76折,789,250,246,244,6,否,2.4
2026/08/26,22:00,15426071,小米,65型MiniLED智慧TV,71折,17777,23,21,18,5,否,21.7
2026/08/26,22:00,8388541,善存,葉黃素軟膠囊4+1盒組,7折,2799,199,195,194,5,否,2.5
2026/08/26,22:00,14359839,巴特雷,涼感風扇空調服背心含電池,83折,8319,35,34,32,3,否,8.6
2026/08/26,22:00,15588243,NAUTICA,男款休閒短袖POLO衫(多款任選),35折,1399,85,84,82,3,否,3.5
2026/08/26,22:00,15465827,Lenovo,15.3吋Ryzen 7 RTX5050電競筆電,71折,39990,25,23,23,2,否,8.0
2026/08/26,22:00,15272197,小米,17T Pro 6.83吋 5G(12G/512G),95折,23999,30,30,30,0,否,0.0
2026/08/26,22:00,13120355,迪朗奇,ECAM 220.80.SB 全自動義式咖啡機,55折,23900,49,49,49,0,否,0.0
2026/08/26,22:00,11300579,Lunio,Helix雙人乳膠獨立筒床墊,39折,7890,40,40,40,0,否,0.0
2026/08/27,00:00,12137812,ARIEL,4D抗菌洗衣膠囊120顆,74折,799,500,394,364,136,否,27.2
2026/08/27,00:00,11402824,麥香300mlx3箱(紅茶/奶茶/綠茶),麥香300mlx3箱(紅茶/奶茶/綠茶),8折,579,448,390,373,75,否,16.7
2026/08/27,00:00,8510933,BODYLUV,第二代洗臉台過濾器+洗臉台濾芯6入,48折,790,300,258,242,58,否,19.3
2026/08/27,00:00,9435817,清秀佳人,贈濕式衛生紙★純棉免洗內褲-多件組,65折,540,400,367,360,40,否,10.0
2026/08/27,00:00,15328933,Tiger Family,高年級簡約素色書包-MAX2.0靈感 升級輕盈 輕量護脊書包-摺疊版(140CM以上適用 35L大容量),74折,2970,118,94,92,26,否,22.0
2026/08/27,00:00,13146566,AHC,B5微導玻尿酸保濕精華液,43折,1319,229,216,204,25,否,10.9
2026/08/27,00:00,15457308,THE VEGAN 樂維根,經典植物優蛋白4入(1KG/袋),56折,2445,249,233,224,25,否,10.0
2026/08/27,00:00,13864299,落建,頭皮洗髮精400mlx4入,69折,1059,600,583,576,24,否,4.0
2026/08/27,00:00,11138530,范倫鐵諾,男 吸濕排汗口袋POLO衫(多款),16折,711,420,400,398,22,否,5.2
2026/08/27,00:00,4908380,統一LP33,健字號益生菌膠囊*4盒,62折,2995,149,131,128,21,否,14.1
2026/08/27,00:00,15511123,台畜,乾杯燒肉居酒屋x台畜_旗艦極炙22件組,36折,2480,124,106,103,21,否,16.9
2026/08/27,00:00,15492842,HOYACASA,史努比聯名冰絲涼感夏被-任選,28折,1680,45,37,33,12,否,26.7
2026/08/27,00:00,15491033,Foodcycler,廚餘大師Pro,55折,11680,49,39,38,11,否,22.4
2026/08/27,00:00,15368617,伊萊克斯,安心管家800全能掃拖機器人,79折,15900,297,289,287,10,否,3.4
2026/08/27,00:00,14752389,Marshall,Stockwell II攜帶式藍牙喇叭 公司貨,62折,4999,60,55,50,10,否,16.7
2026/08/27,00:00,10419093,滿意寶寶,極上呵護輕巧褲L-XL(任選2箱組),78折,2998,498,491,490,8,否,1.6
2026/08/27,00:00,13352709,Kolin 歌林,四重精濾濾水壺(共1壺13芯),45折,1599,150,146,143,7,否,4.7
2026/08/27,00:00,15180439,AmaBios 亞馬生醫,MPE-311激孅粒現5盒(30粒/盒 獨家粒線體代謝科技),49折,3880,200,198,193,7,否,3.5
2026/08/27,00:00,15129556,dyson,HD19國際電壓隨行吹風機(新品上市),91折,9990,150,145,143,7,否,4.7
2026/08/27,00:00,8812188,國際牌,650公升新一級變頻冰箱,8折,26888,9,6,3,6,否,66.7
2026/08/27,00:00,14169805,NIKE 耐吉,AIR JORDAN 1 LOW 男女休閒鞋 AJ1 (多款任選),47折,1799,200,196,194,6,否,3.0
2026/08/27,00:00,13559312,泰安觀止溫泉會館,雙人情房一泊二食,63折,8888,59,54,54,5,否,8.5
2026/08/27,00:00,9486380,雅詩蘭黛,粉持久完美持妝粉底液,7折,2200,200,198,195,5,否,2.5
2026/08/27,00:00,12709420,藍鑽,強效凝結除臭貓砂42磅*2入,67折,1999,362,360,358,4,否,1.1
2026/08/27,00:00,10696357,元大珠寶,黃金手鍊輕時尚純金9999多款選(0.81錢正負5厘),88折,19388,15,14,13,2,否,13.3
2026/08/27,00:00,15394082,海爾,55型4K護眼TV,9折,11688,35,34,34,1,否,2.9
2026/08/27,00:00,15486588,GIGABYTE 技嘉,16吋AI 7 350 RTX5060,71折,46900,15,14,14,1,否,6.7
2026/08/27,00:00,15489437,DJI,Osmo Nano隨行套裝(128GB) 運動相機/迷你相機｜續航200分｜自帶卡槽(聯強國際貨),95折,10190,30,30,30,0,否,0.0
2026/08/27,07:00,8037995,倍潔雅,花漾柔感150抽x84包,5折,849,500,416,345,155,否,31.0
2026/08/27,07:00,15204782,Roots,男女款經典LOGO短袖(多款可選),32折,699,448,422,380,68,否,15.2
2026/08/27,07:00,10558277,台東初鹿,原味保久乳200mlx24入,76折,769,313,284,253,60,否,19.2
2026/08/27,07:00,11460387,BASSO 巴碩,義大利純天然酪梨油 1000ml x3瓶,28折,1199,280,258,235,45,否,16.1
2026/08/27,07:00,13344416,資生堂國際櫃,百優乳霜75mlx2入,35折,2580,249,234,208,41,否,16.5
2026/08/27,07:00,12864858,滿意寶寶,純水濕巾24包,48折,939,400,372,360,40,否,10.0
2026/08/27,07:00,15380716,曼黛瑪璉,3件組-包覆提托經典內衣,24折,1250,215,203,180,35,否,16.3
2026/08/27,07:00,13904540,TIGER 虎牌,買1送1 旋蓋不鏽鋼保溫瓶,44折,888,250,226,215,35,否,14.0
2026/08/27,07:00,10415077,SK-II,青春敷面膜10片送5片,55折,3999,125,107,91,34,否,27.2
2026/08/27,07:00,5635825,TAKUMI,匠 日製岩紋鐵炒鍋28cm,29折,899,300,292,268,32,否,10.7
2026/08/27,07:00,14217313,OLAY,水光小白瓶30ml-2入,57折,1379,296,281,265,31,否,10.5
2026/08/27,07:00,9294858,伊萊克斯,Well Q6無線吸塵器,36折,4688,98,89,69,29,否,29.6
2026/08/27,07:00,14175152,法國皇家,化毛貓飼料10kg,72折,2899,300,286,276,24,否,8.0
2026/08/27,07:00,15097185,Philips 飛利浦,HX5070/01清潔音波電動牙刷,44折,1900,100,92,83,17,否,17.0
2026/08/27,07:00,15501881,Clarks,網路獨家▼休閒鞋/男鞋/女鞋(多款),36折,2780,123,113,107,16,否,13.0
2026/08/27,07:00,14921074,華碩,15.6吋Core 7輕薄16G,86折,24999,50,44,37,13,否,26.0
2026/08/27,07:00,15337500,YOMIX 優迷,Qi2.2 25W三合一折疊磁吸無線充電座,39折,1190,199,195,187,12,否,6.0
2026/08/27,07:00,9074929,香港美心,流心四式月餅45gx8入,87折,1488,148,140,138,10,否,6.8
2026/08/27,07:00,10848114,Philips 飛利浦,品昊LED 全光譜護眼檯燈,67折,1899,100,98,93,7,否,7.0
2026/08/27,07:00,15479601,Apple,2025 iPad 11 A16/11吋/WiFi/128G,92折,14388,30,29,24,6,否,20.0
2026/08/27,07:00,15119015,樂敦,V游離型葉黃素複方軟膠囊 120粒*2入,72折,2599,150,148,144,6,否,4.0
2026/08/27,07:00,15175989,營養師輕食,台灣01益生菌 5入組(一入30包),65折,6595,300,297,294,6,否,2.0
2026/08/27,07:00,14687829,Autotek,4K+2K Sony星光夜視電子後視鏡行車記錄器,73折,3680,30,27,25,5,否,16.7
2026/08/27,07:00,15491289,麥當勞,豬肉滿福堡加蛋+冰美式,52折,58,9,3,5,4,否,44.4
2026/08/27,07:00,13878318,dyson,HT01二合一吹風直髮器(絲絨紅禮盒版),54折,8999,109,109,106,3,否,2.8
2026/08/27,07:00,14571408,InBody,全球第一 家用版體脂計 InBody Dial H40(2025旗艦機/用科學管理健康),83折,20990,28,26,25,3,否,10.7
2026/08/27,07:00,12177159,FL 生活+,折疊雙掀蓋收納箱,37折,2399,120,119,119,1,否,0.8
2026/08/27,07:00,13169305,麗仕精油香氛沐浴乳5入,麗仕精油香氛沐浴乳5入,65折,585,1,1,1,0,否,0.0
2026/08/27,07:00,13784046,UNDER ARMOUR,UA 男女同款 Hustle Lite 後背包(多款任選),35折,629,1,1,1,0,否,0.0
2026/08/27,07:00,9216206,台灣三洋,87L一級冰箱,77折,5388,13,7,18,0,否,0.0
2026/08/27,11:00,15302066,艾森微磨黑咖啡(全新升級版)125入加贈保溫瓶,艾森微磨黑咖啡(全新升級版)125入加贈保溫瓶,56折,1280,768,585,581,187,否,24.3
2026/08/27,11:00,12137812,ARIEL,4D抗菌洗衣膠囊120顆,74折,799,500,423,347,153,否,30.6
2026/08/27,11:00,8037995,倍潔雅,花漾柔感150抽x84包,5折,849,499,459,392,107,否,21.4
2026/08/27,11:00,11074315,妮維雅,精華凝乳3入,41折,629,399,334,311,88,否,22.1
2026/08/27,11:00,15039735,陶板屋,和風洋食套餐,94折,729,496,442,408,88,否,17.7
2026/08/27,11:00,9246383,卜蜂,去骨帶皮雞腿肉12包,44折,1199,252,206,171,81,否,32.1
2026/08/27,11:00,15583443,Qbi 塊樂方程式,創意無限軌道組+雙色斜坡,67折,2499,75,,0,75,是,100.0
2026/08/27,11:00,14966918,HETRAS擴香500ml2入x2組,HETRAS擴香500ml2入x2組,35折,910,329,295,275,54,否,16.4
2026/08/27,11:00,13224029,樂米穀場,花蓮富里產若雪之妍1.5kg*6入組,49折,799,400,383,368,32,否,8.0
2026/08/27,11:00,12844270,大研生醫,德國頂級魚油6入組,4折,4850,100,85,70,30,否,30.0
2026/08/27,11:00,14915511,K-SWISS,Fario時尚運動鞋(男女多款),41折,899,200,182,172,28,否,14.0
2026/08/27,11:00,14177486,3M,細滑牙線棒1200支,6折,911,348,336,323,25,否,7.2
2026/08/27,11:00,12608285,大同,10人份不鏽鋼電鍋光耀藍,7折,2740,79,64,55,24,否,30.4
2026/08/27,11:00,13148058,PH9.0,鹼性離子水800mlx3箱(共60入),63折,1068,300,285,276,24,否,8.0
2026/08/27,11:00,14503246,Panasonic 國際牌,11公升一級能效nanoeX除濕機(F-Y22PN),77折,9319,50,41,27,23,否,46.0
2026/08/27,11:00,6736978,三星,258L一級變頻窄身冰箱,5折,9999,49,41,28,21,否,42.9
2026/08/27,11:00,15331327,BRITA,純淨全效型6芯-歐洲製,59折,1183,150,137,130,20,否,13.3
2026/08/27,11:00,13835307,NVDO,男女款冰感黑科技超薄防曬衣,26折,529,550,540,534,16,否,2.9
2026/08/27,11:00,9209113,三得利,蜜得絲極妍鎖濕菁華*2,74折,4799,70,62,55,15,否,21.4
2026/08/27,11:00,9294858,伊萊克斯,Well Q6無線吸塵器,36折,4688,100,92,86,14,否,14.0
2026/08/27,11:00,13104643,喜光全光譜,TIONE全光譜LED護眼檯燈,41折,2818,113,112,99,14,否,12.4
2026/08/27,11:00,9000856,美膳雅,數位式美味蒸鮮鍋,39折,3980,50,38,38,12,否,24.0
2026/08/27,11:00,14850929,BenQ,27型 2K 200Hz護眼螢幕,79折,5588,33,26,21,12,否,36.4
2026/08/27,11:00,14942665,ONEHOUSE格拉斯人體工學電腦椅,ONEHOUSE格拉斯人體工學電腦椅,38折,2999,66,60,55,11,否,16.7
2026/08/27,11:00,13121093,來復易,尿片/黏貼型成褲 任選2箱,7折,2248,500,498,491,9,否,1.8
2026/08/27,11:00,15328933,Tiger Family,高年級簡約素色書包-MAX2.0靈感 升級輕盈 輕量護脊書包-摺疊版(140CM以上適用 35L大容量),74折,2970,120,117,112,8,否,6.7
2026/08/27,11:00,11210071,COACH,斜背包/肩背包/兩用包(多款多色任選),98折,5888,49,43,41,8,否,16.3
2026/08/27,11:00,14107740,幫寶適,一級幫散熱拉拉褲/黏貼尿布5箱,76折,5495,499,497,491,8,否,1.6
2026/08/27,11:00,14646142,健康優見,維生素C1000緩釋錠10瓶+贈B群,43折,1199,666,665,660,6,否,0.9
2026/08/27,11:00,15479601,Apple,2025 iPad 11 A16/11吋/WiFi/128G,92折,14388,30,28,25,5,否,16.7
2026/08/27,11:00,11892230,IDEA,木質滑門衣櫃,38折,5699,33,32,30,3,否,9.1
2026/08/27,11:00,12305064,LG,13+10KG乾衣機+滾筒,89折,48900,21,19,19,2,否,9.5
2026/08/27,11:00,15491289,麥當勞,豬肉滿福堡加蛋+冰美式,52折,58,14,13,12,2,否,14.3
2026/08/27,11:00,15576829,vivo,X300 5G 6.31吋(12G/256G/天璣9500/2億畫素蔡司鏡頭),67折,20990,10,9,8,2,否,20.0
2026/08/27,11:00,14175643,THE VEGAN 樂維根,極致植物優蛋白2入(1KG/袋),7折,1798,250,250,250,0,否,0.0
2026/08/27,11:00,9641096,Cherie 法麗,全照護貓罐24入,68折,899,1,988,965,0,否,0.0
2026/08/27,11:00,15317785,TOZO,VIZO Z1 PRO AR智慧眼鏡顯示器,6折,13900,5,5,5,0,否,0.0
2026/08/27,11:00,12657991,momoBOOK,雜誌樂讀包360天(樂讀包),65折,1180,9,9,9,0,否,0.0
2026/08/27,14:00,13977808,漢堡王,買一送一★雙層火烤牛肉堡,5折,109,273,0,98,175,否,64.1
2026/08/27,14:00,8037995,倍潔雅,花漾柔感150抽x84包,5折,849,500,426,365,135,否,27.0
2026/08/27,14:00,10362698,花王,柔舒蒸氣眼罩 72入,55折,1299,226,171,139,87,否,38.5
2026/08/27,14:00,8085585,五桔國際,綜合堅果450gx3包,55折,829,344,314,282,62,否,18.0
2026/08/27,14:00,13062545,肌膚之鑰,妝前凝霜★兩件贈88mo,57折,1199,250,224,199,51,否,20.4
2026/08/27,14:00,14048619,m2 美度,超能膠原C粉100入,36折,1680,499,477,451,48,否,9.6
2026/08/27,14:00,9596499,Oral-B 歐樂B,PRO3 3D電動牙刷+送兩年份刷頭,43折,2111,148,124,103,45,否,30.4
2026/08/27,14:00,7051013,Mevels 瑪薇絲,8件組 無痕防夾臀冰絲內褲,12折,488,404,379,364,40,否,9.9
2026/08/27,14:00,15051622,nono house,超輕量釋壓/厚底/粗跟涼拖鞋(多款任選),25折,699,105,80,71,34,否,32.4
2026/08/27,14:00,12621698,日本Arnest,深型不沾炒鍋30cm,14折,988,298,281,265,33,否,11.1
2026/08/27,14:00,13344416,資生堂國際櫃,百優乳霜75mlx2入,35折,2580,250,235,218,32,否,12.8
2026/08/27,14:00,8500802,禾聯,14吋DC變頻風扇 14A8,45折,1211,299,276,267,32,否,10.7
2026/08/27,14:00,9258336,雅漾,活泉水噴霧5入,43折,1399,400,384,375,25,否,6.2
2026/08/27,14:00,13169303,多芬冰淇淋身體磨砂膏298gx4入,多芬冰淇淋身體磨砂膏298gx4入,35折,589,598,586,573,25,否,4.2
2026/08/27,14:00,5642941,橘子工坊,制菌洗衣精6包,58折,1099,500,484,475,25,否,5.0
2026/08/27,14:00,9812458,MAGIC,大視界LED護眼檯燈,67折,2490,100,82,76,24,否,24.0
2026/08/27,14:00,12844270,大研生醫,德國頂級魚油6入組,4折,4850,99,92,81,18,否,18.2
2026/08/27,14:00,14505821,寒舍集團,雙饗蘿蔔糕3入,49折,599,400,389,382,18,否,4.5
2026/08/27,14:00,15520609,東妮寢飾,100%精梳棉兩用被床包枕套組,25折,1999,98,89,82,16,否,16.3
2026/08/27,14:00,10063303,TRUU,酵母潔顏露2入,41折,1899,160,147,144,16,否,10.0
2026/08/27,14:00,13104643,喜光全光譜,TIONE全光譜LED護眼檯燈,41折,2818,97,89,82,15,否,15.5
2026/08/27,14:00,14003035,JVC,65型Mini LED TV,66折,19988,48,39,37,11,否,22.9
2026/08/27,14:00,11961955,費爾先生,有機蘋果醋946mlx3瓶,55折,1099,275,270,264,11,否,4.0
2026/08/27,14:00,14921074,華碩,15.6吋Core 7輕薄16G,86折,24999,50,47,42,8,否,16.0
2026/08/27,14:00,10877396,國際牌,高滲透奈米水離子吹風機-NA0J深藍,68折,7490,80,76,72,8,否,10.0
2026/08/27,14:00,14107740,幫寶適,一級幫散熱拉拉褲/黏貼尿布5箱,76折,5495,500,497,495,5,否,1.0
2026/08/27,14:00,13385867,甘味人生,CBS苦瓜胜月太(60粒x4盒),72折,3999,73,72,71,2,否,2.7
2026/08/27,14:00,10851937,EPSON,舊換新限定L3550三合一wifi連供機★大印量列印首選,87折,5220,30,28,28,2,否,6.7
2026/08/27,14:00,10370224,Mdmmd 明洞,後宮涼感抑菌棉12包,31折,516,2,1,1,1,否,50.0
2026/08/27,14:00,15518679,Apple,S+級福利品 2025 iPad 11 A16/11吋/WiFi/512G,94折,23888,30,29,29,1,否,3.3
2026/08/27,14:00,11855344,FAMMIX 菲米斯,SAFER-2 六合一把手式電子鎖,73折,8799,80,79,79,1,否,1.2
2026/08/27,14:00,15404240,海爾,218L一級冰箱,72折,9999,30,30,30,0,否,0.0
2026/08/27,18:00,12137812,ARIEL,4D抗菌洗衣膠囊120顆,74折,799,500,435,292,208,否,41.6
2026/08/27,18:00,8037995,倍潔雅,花漾柔感150抽x84包,5折,849,499,421,321,178,否,35.7
2026/08/27,18:00,15205222,義美,小泡芙6盒組,73折,490,609,533,477,132,否,21.7
2026/08/27,18:00,13984017,風倍清,廁所芳香劑6入,41折,499,496,458,383,113,否,22.8
2026/08/27,18:00,15457201,THE VEGAN 樂維根,經典植物優蛋白2入(1KG/袋),59折,1276,448,417,360,88,否,19.6
2026/08/27,18:00,10362698,花王,柔舒蒸氣眼罩 72入,55折,1299,229,198,146,83,否,36.2
2026/08/27,18:00,14985287,STARBUCKS 星巴克,Cafemoment 星時刻特選即溶咖啡兩罐組,76折,739,408,369,327,81,否,19.9
2026/08/27,18:00,9246383,卜蜂,去骨帶皮雞腿肉12包,44折,1199,255,233,189,66,否,25.9
2026/08/27,18:00,13628080,BLACK HAMMER,吸管杯860ml兩入組,39折,990,308,294,266,42,否,13.6
2026/08/27,18:00,12797999,mo select,日本製今治薩馬爾罕長纖棉浴巾2入組,3折,899,120,102,81,39,否,32.5
2026/08/27,18:00,14434857,摩洛哥優油買100送200ml,摩洛哥優油買100送200ml,34折,1799,198,178,159,39,否,19.7
2026/08/27,18:00,15488735,禾聯,6公升除濕機 HDH-12PS010,55折,3890,78,53,39,39,否,50.0
2026/08/27,18:00,10889088,台酒生技,酒粕精粹青春露5入,33折,1018,300,292,267,33,否,11.0
2026/08/27,18:00,13864299,落建,頭皮洗髮精400mlx4入,69折,1059,600,586,572,28,否,4.7
2026/08/27,18:00,13663845,Suntory 三得利,固力伸 葡萄糖胺 30日份 x 2罐(360錠_原廠購入有防偽標籤),77折,2790,300,283,276,24,否,8.0
2026/08/27,18:00,15027125,SPORTS RESEARCH,Omega-3 濃縮魚油 1250mg 150粒,84折,1699,200,187,179,21,否,10.5
2026/08/27,18:00,15512661,巴黎萊雅,金緻護髮油任選3入,69折,1211,250,244,230,20,否,8.0
2026/08/27,18:00,15235083,美博士,90ml清爽防曬2入組,29折,2224,129,120,111,18,否,14.0
2026/08/27,18:00,15610262,WD-40,萬用修繕3件組,51折,499,27,5,10,17,否,63.0
2026/08/27,18:00,10341248,白熊,洗碗精4kg*8入,75折,1199,110,104,96,14,否,12.7
2026/08/27,18:00,14833198,HP 惠普,15吋Ultra 5輕薄AI高效能,63折,22999,15,7,3,12,否,80.0
2026/08/27,18:00,14559449,FL 生活+,摺疊收納箱,44折,2680,100,89,89,11,否,11.0
2026/08/27,18:00,14879038,Philips 飛利浦,A4L 大銀亮智能LED護眼檯燈,66折,3999,85,79,74,11,否,12.9
2026/08/27,18:00,14553162,海爾,全新升級!高溫蒸氣織物清洗機,57折,3988,49,44,40,9,否,18.4
2026/08/27,18:00,10704944,禾聯,10KG直立洗衣機,5折,6499,53,49,45,8,否,15.1
2026/08/27,18:00,11843761,Ta-Da 泰達,最新升級版 泰達隨身椅PRO(原廠一年保固),66折,2630,150,147,142,8,否,5.3
2026/08/27,18:00,12988483,赫蓮娜,黑繃帶修護乳霜15ml,42折,5580,52,51,48,4,否,7.7
2026/08/27,18:00,14170859,BH,G33 Pro Any Go 扶手健步慢跑機(扶手款/健走機/慢走機/超慢跑/走步機/走路機),42折,12800,30,29,27,3,否,10.0
2026/08/27,18:00,15542980,石頭科技,F25 Ultra Steam Gen2臂蒸之帝洗地機,44折,17999,50,48,48,2,否,4.0
2026/08/27,18:00,14251224,JINS,MOMO獨家卡娜赫拉/潮流光學眼鏡；多款任選,6折,1499,143,144,141,2,否,1.4
2026/08/27,18:00,15506025,華碩,Ultra 5輕薄16G/OLED,92折,34999,50,50,50,0,否,0.0
2026/08/27,22:00,13233302,凡士林,精華凝乳3入,47折,565,200,146,24,176,否,88.0
2026/08/27,22:00,10558277,台東初鹿,原味保久乳200mlx24入,76折,769,175,152,116,59,否,33.7
2026/08/27,22:00,15362087,松屋,牛丼10+10包,47折,950,206,186,157,49,否,23.8
2026/08/27,22:00,13062545,肌膚之鑰,妝前凝霜★兩件贈88mo,57折,1199,243,231,216,27,否,11.1
2026/08/27,22:00,15196924,asics,TIGER RUNNER Ⅱ 休閒鞋 (多款選),54折,1399,200,186,177,23,否,11.5
2026/08/27,22:00,15054743,EatBLISS 益比喜,小晶晶金盞花葉黃素凍升級版汪汪隊限量版100入,4折,2780,499,486,481,18,否,3.6
2026/08/27,22:00,11839574,龍源,台灣茗大山頭手採烏龍茶葉(共1.5斤-2斤),64折,999,297,282,279,18,否,6.1
2026/08/27,22:00,15416394,理膚寶水,MELA PRO美白禮盒,39折,2208,199,188,184,15,否,7.5
2026/08/27,22:00,8811379,國際牌,485公升一級變頻冰箱,8折,21888,46,34,31,15,否,32.6
2026/08/27,22:00,15535333,石頭科技,Qrevo 2 Pro掃拖機器人,42折,16999,48,36,35,13,否,27.1
2026/08/27,22:00,10276634,bonson,極省水平板拖把組二代PLUS BO-A04,69折,1290,110,103,99,11,否,10.0
2026/08/27,22:00,14848566,24HRS,4件組★經典款療癒色無痕內衣,55折,1520,500,496,490,10,否,2.0
2026/08/27,22:00,10415077,SK-II,青春敷面膜10片送5片,55折,3999,125,118,116,9,否,7.2
2026/08/27,22:00,10419093,滿意寶寶,極上呵護輕巧褲L-XL(任選2箱組),78折,2998,500,496,493,7,否,1.4
2026/08/27,22:00,15437770,飲后,超孅飲6盒(15包/盒),38折,2980,199,196,193,6,否,3.0
2026/08/27,22:00,14546450,理膚寶水,MELA B3 淡斑淨亮精華 買80送80,39折,3865,97,95,92,5,否,5.2
2026/08/27,22:00,7049119,SLIM,雙人天絲乳膠記憶膠防蹣獨立筒床墊,1折,4399,69,67,64,5,否,7.2
2026/08/27,22:00,14833198,HP 惠普,15吋Ultra 5輕薄AI高效能,63折,22999,20,17,16,4,否,20.0
2026/08/27,22:00,12840762,NOW Foods,維生素K2膠囊2瓶組(60顆/瓶),4折,1190,300,299,296,4,否,1.3
2026/08/27,22:00,15347775,SWISS STYLE,新升級 BERMAS FIT 29吋雙開式 內建秤重儀 日本煞車行李箱 (多色任選),42折,7880,50,47,47,3,否,6.0
2026/08/27,22:00,15583502,老爺酒店集團,3張套組★聯合住宿券,88折,9899,49,49,46,3,否,6.1
2026/08/27,22:00,15577683,Samsung 三星,Galaxy Z Fold8(12G/256G),91折,54900,12,11,11,1,否,8.3
2026/08/27,22:00,14008859,SHARP 夏普,12公升自動除菌離子除濕機 DW-LT12ST-W,73折,7990,0,0,0,0,是,0.0
2026/08/27,22:00,15508063,微星平台,RTX 5060電競機(I5-12400F/16G/512G),89折,26499,14,14,14,0,否,0.0
2026/08/27,22:00,13094241,Herman Miller,人體工學椅,61折,24599,9,9,9,0,否,0.0
2026/08/27,22:00,13120356,迪朗奇,ECAM 220.22.SB 全自動義式咖啡機,54折,17900,50,50,50,0,否,0.0
2026/08/28,00:00,15039439,肯德基,咔啦脆雞5塊+蛋撻禮盒,52折,339,852,491,368,484,否,56.8
2026/08/28,00:00,11777997,AOTTO,免組裝碳鋼折疊梯,5折,499,814,748,724,90,否,11.1
2026/08/28,00:00,8531746,朵舒,momoco舒適柔韌150抽x80包,47折,799,499,452,433,66,否,13.2
2026/08/28,00:00,14636767,ADAM 亞果元素,VIONTA Q 10000mAh 輕巧款自帶線行動電源(CCC認證),57折,690,300,269,251,49,否,16.3
2026/08/28,00:00,12798775,ONEHOUSE藤原折疊巨型收納櫃,ONEHOUSE藤原折疊巨型收納櫃,39折,899,125,97,82,43,否,34.4
2026/08/28,00:00,10523447,醫強,75%酒精液 6桶(4000ml/桶 防疫清潔),33折,1499,298,269,258,40,否,13.4
2026/08/28,00:00,11808107,FOOTER,6入組-運動氣墊襪,54折,919,192,166,153,39,否,20.3
2026/08/28,00:00,9999945,GoodSome 好東西,義大利原裝進口頂級冷壓初榨橄欖油1000mlx3入,33折,999,310,280,272,38,否,12.3
2026/08/28,00:00,9474221,添寧,貼心敢動褲M-XL,49折,999,999,983,976,23,否,2.3
2026/08/28,00:00,14254074,adidas 愛迪達,VL COURT 復古休閒鞋 運動鞋 男鞋/女鞋 多款任選(JR8308/JH5078/JR2560/JQ3048/KK3774),47折,1090,300,287,279,21,否,7.0
2026/08/28,00:00,12502187,好來,全亮白進階款牙膏12入,5折,699,400,385,379,21,否,5.2
2026/08/28,00:00,13875042,任天堂,Switch 2 主機,9折,14380,17,0,0,17,是,100.0
2026/08/28,00:00,15502027,Pandora 潘多拉,絕版出清-手鍊/戒指/吊飾/串飾 多款任選(均一價1488),45折,1488,200,185,183,17,否,8.5
2026/08/28,00:00,10729530,鍋寶,316不鏽鋼調理鍋3鍋6件組,33折,990,305,292,289,16,否,5.2
2026/08/28,00:00,13946198,資生堂國際櫃,山茶花小紅瓶75ml★兩件贈88mo,28折,1599,249,239,235,14,否,5.6
2026/08/28,00:00,13502558,鮮綠生活,極厚切大比目魚切片共4包+50MO,37折,1180,254,243,241,13,否,5.1
2026/08/28,00:00,15321467,Office 2024 家用中文版 盒裝,Office 2024 家用中文版 盒裝,82折,4690,76,65,63,13,否,17.1
2026/08/28,00:00,15224200,金安德森,男裝 涼感彈性圓領短袖T恤(多色任選),23折,699,430,423,419,11,否,2.6
2026/08/28,00:00,15551941,SOLABLUE 潗淨藍,天天喝開水600mlx3箱(共72入),53折,777,219,214,208,11,否,5.0
2026/08/28,00:00,13658258,PAW PAW LAND 肉球世界,南極磷蝦大肉包34入,63折,1399,197,190,186,11,否,5.6
2026/08/28,00:00,15259082,寶拉珍選,A醛新生精華2入,65折,3199,229,220,219,10,否,4.4
2026/08/28,00:00,15475571,Samsung 三星,Galaxy A37 (8G/256G),64折,11690,49,41,40,9,否,18.4
2026/08/28,00:00,15204602,LG,65型 4K智慧聯網TV,71折,19999,29,24,23,6,否,20.7
2026/08/28,00:00,15535333,石頭科技,Qrevo 2 Pro掃拖機器人,42折,16999,50,45,44,6,否,12.0
2026/08/28,00:00,8054614,LG,PuriCare 360°寵物清淨機二代-單層,65折,16900,48,42,42,6,否,12.5
2026/08/28,00:00,12284566,MuseTime 莯蒔,纖纖蒔光凍x4盒(12入/盒),55折,2843,120,119,115,5,否,4.2
2026/08/28,00:00,15376106,Meiji 明治,膠原蛋白粉璀璨金增量包3入,54折,2999,199,195,194,5,否,2.5
2026/08/28,00:00,15143553,蘭城晶英,2大3小含早★影城免費看,53折,8999,59,56,55,4,否,6.8
2026/08/28,00:00,9089402,輝葉,WULA超有力小沙發按摩椅,35折,19999,9,7,7,2,否,22.2
2026/08/28,00:00,9294858,伊萊克斯,Well Q6無線吸塵器,36折,4688,50,50,49,1,否,2.0
2026/08/28,07:00,15055124,五甲木,泰國原生種冷凍榴槤8包,62折,999,224,217,49,175,否,78.1
2026/08/28,07:00,13279705,ARIEL,抗菌抗臭洗衣精2+6組,57折,799,497,467,410,87,否,17.5
2026/08/28,07:00,7370888,寢室安居,買1送1護理級加厚防水床包保潔墊,18折,599,547,509,482,65,否,11.9
2026/08/28,07:00,9011676,DHC,深層卸粧油200ml三入組,41折,1111,300,260,239,61,否,20.3
2026/08/28,07:00,15106958,未來美,PDRN面膜50片組,25折,1650,200,184,155,45,否,22.5
2026/08/28,07:00,15376226,Ashley House,摺疊縮曬衣架,29折,888,170,152,127,43,否,25.3
2026/08/28,07:00,10728247,西雅圖,貝瑞斯塔即溶咖啡100入x2盒(任選二合一/三合一),62折,1249,243,229,207,36,否,14.8
2026/08/28,07:00,10610484,日本味王,7天有感高濃度游離型葉黃素B群版30粒x5盒+贈7粒x3盒(可增進神經系統的健康),43折,2700,200,183,165,35,否,17.5
2026/08/28,07:00,11246023,滿意寶寶,寶可夢晚安褲L-XXXL(任選2箱組),79折,1998,500,484,466,34,否,6.8
2026/08/28,07:00,14185560,TOZO,T10S降噪運動立體聲真無線AI智慧藍牙耳機!新升級,33折,899,300,279,267,33,否,11.0
2026/08/28,07:00,12584102,德國雙人,Enjoy不沾炒鍋30cm-附玻璃蓋,34折,1699,180,165,150,30,否,16.7
2026/08/28,07:00,14531292,MSI 微星,27型 IPS 144Hz 平面護眼商用螢幕,9折,2888,49,43,26,23,否,46.9
2026/08/28,07:00,9152341,禾聯,熱銷1萬台!高續航/薄機身掃地機,49折,2988,79,70,58,21,否,26.6
2026/08/28,07:00,11689147,達摩本草,92%高濃度魚油 6入(共720顆),35折,3990,80,68,61,19,否,23.8
2026/08/28,07:00,13785659,國際牌,奈米水離子吹風機-迷霧金(WNA9M),7折,4290,58,46,40,18,否,31.0
2026/08/28,07:00,14984901,銀穗,圓領雙拉鍊罩衫外套(任選),34折,999,195,183,177,18,否,9.2
2026/08/28,07:00,15340120,IMPACT 怡寶,未來星球輕量／輕量成長型護脊書包｜momo限定｜120cm以上(國小 小學 兒童 學生),6折,1799,187,176,170,17,否,9.1
2026/08/28,07:00,12797566,伊萊克斯,極致美味500半自動義式咖啡機(E5EC1-51ST/E5EC1-51MB),33折,2990,97,86,81,16,否,16.5
2026/08/28,07:00,15087472,藥師健生活,兒童益生菌 4盒,7折,2380,116,114,104,12,否,10.3
2026/08/28,07:00,15606854,CROSS,xZENDAR新品到 後背包大包組★專櫃頂級真皮小牛皮 肩背包 斜背包 (男女中性包),0.5折,3888,88,78,76,12,否,13.6
2026/08/28,07:00,11920155,陪心寵糧,無穀低碳貓糧6kg,4折,1050,99,95,89,10,否,10.1
2026/08/28,07:00,14581236,NIKE 耐吉,VOMERO PLUS 男女運動鞋 慢跑鞋 厚底緩震 (多款任選),53折,3099,100,94,90,10,否,10.0
2026/08/28,07:00,14949515,MUFU,V40S 雙鏡頭機車行車記錄器 (贈64GB記憶卡),69折,2790,87,87,82,5,否,5.7
2026/08/28,07:00,14159538,24HRS,寶寶藍新色上市★鎮店無感支撐內衣-5件組,55折,1900,500,498,495,5,否,1.0
2026/08/28,07:00,10693141,SK-II,煥顏活膚霜100g,58折,4199,80,78,76,4,否,5.0
2026/08/28,07:00,15491289,麥當勞,豬肉滿福堡加蛋+冰美式,52折,58,9,7,6,3,否,33.3
2026/08/28,07:00,14636463,DJI,FLIP雙電套裝不含遙控器 空拍機/無人機 ｜全能Vlog航拍機｜免註冊,77折,5990,30,29,28,2,否,6.7
2026/08/28,07:00,15339847,飛利浦,86型QLED智慧TV,66折,39999,20,19,19,1,否,5.0
2026/08/28,11:00,15307428,Owala,彈蓋+可拆式吸管運動水壺740ml,66折,599,550,0,0,550,是,100.0
2026/08/28,11:00,15039439,肯德基,咔啦脆雞5塊+蛋撻禮盒,52折,339,900,720,588,312,否,34.7
2026/08/28,11:00,15242118,莫凡彼,雙人平日經典義式套餐,4折,599,520,425,371,149,否,28.7
2026/08/28,11:00,13740632,HETRAS沐浴1013mlx2入,HETRAS沐浴1013mlx2入,5折,599,500,433,378,122,否,24.4
2026/08/28,11:00,8531746,朵舒,momoco舒適柔韌150抽x80包,47折,799,500,452,397,103,否,20.6
2026/08/28,11:00,15179312,GODIVA,黑巧克力雪糕10支,69折,759,400,367,342,58,否,14.5
2026/08/28,11:00,6246890,尋蜜趣,台灣野淬蜂蜜3kg,32折,960,304,269,251,53,否,17.4
2026/08/28,11:00,15544230,adidas 愛迪達,GORE-TEX 越野跑鞋 運動鞋 GTX慢跑鞋 男鞋 多款任選,48折,1890,300,271,250,50,否,16.7
2026/08/28,11:00,12627856,露得清,A醇乳霜50g-2入組,7折,1349,300,268,251,49,否,16.3
2026/08/28,11:00,8049218,簡約生活,豆腐貓砂6L-8包組,39折,709,500,476,456,44,否,8.8
2026/08/28,11:00,9735781,Persil,深層酵解濃縮洗衣精6包,49折,949,500,478,458,42,否,8.4
2026/08/28,11:00,11911911,大同,10人份電鍋瑰蜜粉,78折,2590,80,57,43,37,否,46.2
2026/08/28,11:00,5181532,台塑生醫醫之方,舒暢益生菌x5盒(共150包),66折,2480,500,477,471,29,否,5.8
2026/08/28,11:00,13842594,越南頂級,鹽焗帶皮腰果460g*3入,44折,666,298,303,278,20,否,6.7
2026/08/28,11:00,13786652,飛利浦,星視界透視海星氣炸鍋,66折,5990,50,37,33,17,否,34.0
2026/08/28,11:00,13892846,愛馬仕,男性淡香水100ml,34折,1799,200,193,185,15,否,7.5
2026/08/28,11:00,7851424,MarCella 瑪榭,7件組★無縫抗菌內褲-薄感中高腰,56折,1111,500,493,489,11,否,2.2
2026/08/28,11:00,15550935,UHA 味覺糖,鐵及葉酸 軟糖100日(共5包),92折,1199,400,396,390,10,否,2.5
2026/08/28,11:00,15557881,PETER RABBIT 比得兔,冰絲涼感冰冰被-任選,19折,1399,166,162,157,9,否,5.4
2026/08/28,11:00,14723506,寶寶觸摸有聲書,寶寶觸摸有聲書,58折,882,46,41,38,8,否,17.4
2026/08/28,11:00,14857233,Logitech G,PRO X 2 SUPERSTRIKE類比遊戲滑鼠,84折,4390,80,77,76,4,否,5.0
2026/08/28,11:00,10185417,JAZZY,折疊式數位鋼琴,51折,3099,198,197,196,2,否,1.0
2026/08/28,11:00,12963341,TECO東元,綠光顯塵無線吸塵器XJ2501CB,52折,2599,100,99,98,2,否,2.0
2026/08/28,11:00,13930246,芙婷寶,以色列原裝芙婷寶5盒,61折,8250,100,100,98,2,否,2.0
2026/08/28,11:00,15553787,Google,Pixel 11 Pro 12G/256G,9折,36990,50,48,48,2,否,4.0
2026/08/28,11:00,14954334,Just Gold 鎮金店,9999黃金金豆 1g 二入組,84折,12888,20,19,18,2,否,10.0
2026/08/28,11:00,11236766,Kotex 靠得住,草本/蔓越莓抑菌/好菌Plus+衛生棉 (17.5-35cm),24折,599,2,1,1,1,否,50.0
2026/08/28,11:00,12246346,STAUB,鑄鐵雙耳煎鍋24cm+玻璃蓋,48折,3980,75,75,74,1,否,1.3
2026/08/28,11:00,14131083,飛利浦,2.1聲道聲霸TAB7207,66折,5990,18,18,18,0,否,0.0
2026/08/28,11:00,15489656,Acer,送包鼠★15.6吋R3輕薄文書,84折,15900,25,25,25,0,否,0.0
2026/08/28,14:00,11928914,舒主金,加蓋純水濕巾36包,5折,711,390,316,282,108,否,27.7
2026/08/28,14:00,15016421,DIKE,14吋DC變頻遙控扇 HLE140WT,51折,818,230,204,175,55,否,23.9
2026/08/28,14:00,12284566,MuseTime 莯蒔,纖纖蒔光凍x4盒(12入/盒),55折,2843,118,92,72,46,否,39.0
2026/08/28,14:00,14242100,Kolin 歌林,日系窄身濾水壺(共1壺7芯),38折,999,89,57,49,40,否,44.9
2026/08/28,14:00,6052222,統一生機,果然優綜合堅果360gx3罐,62折,748,410,387,370,40,否,9.8
2026/08/28,14:00,15319594,六福萬怡酒店,午/晚餐吃到飽,63折,1111,280,250,243,37,否,13.2
2026/08/28,14:00,14098374,農會,羅董有機銀耳飲245mlx24入,34折,699,260,239,223,37,否,14.2
2026/08/28,14:00,15356986,SKECHERS,輕量防水涼拖鞋 (多款選),57折,1090,251,228,219,32,否,12.7
2026/08/28,14:00,13501959,理膚寶水,清透亮顏防曬瑰蜜霜,38折,1039,300,283,271,29,否,9.7
2026/08/28,14:00,14069123,American Explorer 美國探險家,29吋 前開式行李箱 可擴充 剎車飛機輪 雙層拉鏈 上掀式 TSA鎖 CF8 旅行箱,41折,2368,101,82,73,28,否,27.7
2026/08/28,14:00,12627856,露得清,A醇乳霜50g-2入組,7折,1349,300,286,273,27,否,9.0
2026/08/28,14:00,15599890,小米,12.5KG洗脫烘滾筒,94折,16999,28,16,8,20,否,71.4
2026/08/28,14:00,14628519,COVERNAT,Logo棒球帽(YOON JI同款/多款/多色),64折,699,219,205,203,16,否,7.3
2026/08/28,14:00,13562715,補體素,優蛋白EX原味即飲237mlx24罐,94折,1850,178,168,164,14,否,7.9
2026/08/28,14:00,15424954,寒舍集團,秘製滷豬涥切片3入,44折,999,101,93,88,13,否,12.9
2026/08/28,14:00,14654892,艾瑪絲,洗髮精1000ml 3入組,6折,1999,200,194,188,12,否,6.0
2026/08/28,14:00,15457263,德國雙人,PEAK不鏽鋼蜂巢平煎鍋28cm,49折,1999,150,141,140,10,否,6.7
2026/08/28,14:00,13786652,飛利浦,星視界透視海星氣炸鍋,66折,5990,50,43,42,8,否,16.0
2026/08/28,14:00,13555303,ELEMIS,海洋膠原精油卸妝膏,49折,990,245,242,237,8,否,3.3
2026/08/28,14:00,15209759,石頭科技,Qrevo Edge2掃拖機器人,33折,19999,48,41,40,8,否,16.7
2026/08/28,14:00,12692095,Hyman PluS+ 工學電腦椅,Hyman PluS+ 工學電腦椅,3折,2718,124,118,117,7,否,5.6
2026/08/28,14:00,12650334,特百滋,無穀狗糧15磅,54折,1799,293,289,288,5,否,1.7
2026/08/28,14:00,11468777,3M,L22三道式濾淨冷熱飲水機,57折,12111,27,23,23,4,否,14.8
2026/08/28,14:00,14819088,AmaBios 亞馬生醫,MPE-311靈活粒現5盒,49折,3880,200,198,198,2,否,1.0
2026/08/28,14:00,15059252,Lenovo,15.6吋Ryzen 3 U版輕薄筆電,72折,12990,25,24,23,2,否,8.0
2026/08/28,14:00,15491289,麥當勞,豬肉滿福堡加蛋+冰美式,52折,58,9,9,8,1,否,11.1
2026/08/28,14:00,14984673,TP-Link,Wi-Fi 6 雙頻6串流Mesh路由器,79折,5999,20,20,19,1,否,5.0
2026/08/28,14:00,4105567,ecostore,洗碗機洗碗粉2kg,72折,649,1,990,987,0,否,0.0
2026/08/28,14:00,14768362,菲搶不可台糖醫美級100%胎盤液,菲搶不可台糖醫美級100%胎盤液,44折,2690,1,1,1,0,否,0.0
2026/08/28,18:00,14560744,Dior 迪奧,癮誘粉漾潤唇膏3.2g(多色任選),68折,999,234,208,159,75,否,32.1
2026/08/28,18:00,15242118,莫凡彼,雙人平日經典義式套餐,4折,599,520,482,454,66,否,12.7
2026/08/28,18:00,15077141,巧之味,人氣排隊水餃4包,83折,999,307,284,242,65,否,21.2
2026/08/28,18:00,15545510,美蒂菲,面膜100入任選3款,26折,849,312,289,260,52,否,16.7
2026/08/28,18:00,10950080,台酒生技,黑酵母酒粕青春露5入,28折,1288,238,220,193,45,否,18.9
2026/08/28,18:00,10216476,發現茶,兒茶素綠茶5盒/玄米兒茶素綠茶3盒(任選),53折,1549,220,197,183,37,否,16.8
2026/08/28,18:00,8133411,大研生醫,德國頂級魚油3入組(60粒/入),37折,2499,150,135,114,36,否,24.0
2026/08/28,18:00,14947437,mo select,究好加大型雙層連續抽取式花紋衛生紙(150抽x84包/箱),44折,799,500,487,464,36,否,7.2
2026/08/28,18:00,15034893,Whirlpool 惠而浦,12公升極薄清淨除濕機 WDEE1200TW,73折,7690,45,33,15,30,否,66.7
2026/08/28,18:00,15404312,獅王,濃縮抗菌洗衣精補充6入,44折,1399,72,69,55,17,否,23.6
2026/08/28,18:00,14169450,華碩,16吋i5HX版滿血RTX5060,92折,47999,48,44,36,12,否,25.0
2026/08/28,18:00,14464215,Apple,Apple Watch S11 GPS 46mm,93折,13388,10,5,0,10,是,100.0
2026/08/28,18:00,8812188,國際牌,650公升新一級變頻冰箱,8折,26888,48,44,39,9,否,18.8
2026/08/28,18:00,13905679,鈦安,萬用鈦砧板(大+中),72折,2980,100,95,93,7,否,7.0
2026/08/28,18:00,11254687,台灣三洋,2-4坪一級變頻冷暖空調,7折,14900,14,9,7,7,否,50.0
2026/08/28,18:00,8054614,LG,PuriCare 360°寵物清淨機二代-單層,65折,16900,50,48,44,6,否,12.0
2026/08/28,18:00,15204600,LG,75型 4K智慧聯網TV,51折,37900,34,31,29,5,否,14.7
2026/08/28,18:00,13602939,BAUERFEIND,德國保爾範專業護膝-第八代新膝寧,85折,3570,42,41,38,4,否,9.5
2026/08/28,18:00,15188538,MEYER 美亞,全黑陽極陶瓷平底鍋28cm,63折,1390,15,14,11,4,否,26.7
2026/08/28,18:00,13873753,iRobot,405自清潔全能掃拖機,34折,11999,21,19,18,3,否,14.3
2026/08/28,18:00,8203771,優寶滴,高濃縮天然維生素D3,65折,1944,45,45,42,3,否,6.7
2026/08/28,18:00,14902093,CyberCycle,蜻蜓迷你折疊電輔車,5折,9988,19,19,17,2,否,10.5
2026/08/28,18:00,10958352,好奇,小森林尿布 (好眠褲/好動褲/黏貼型),84折,1435,2,1,1,1,否,50.0
2026/08/28,18:00,12982769,亞培,葡勝納菁選糖尿病營養品-原味+纖維/香草口味48入,81折,4320,200,199,199,1,否,0.5
2026/08/28,18:00,14079547,IDEA,三段式摺疊布沙發,4折,6299,55,55,55,0,否,0.0
2026/08/28,22:00,13279705,ARIEL,抗菌抗臭洗衣精2+6組,57折,799,499,459,419,80,否,16.0
2026/08/28,22:00,8037995,倍潔雅,花漾柔感150抽x84包,5折,849,500,470,439,61,否,12.2
2026/08/28,22:00,13196730,康寶,濃湯20入組,49折,739,420,391,369,51,否,12.1
2026/08/28,22:00,11928914,舒主金,加蓋純水濕巾36包,5折,711,400,372,355,45,否,11.2
2026/08/28,22:00,15077141,巧之味,人氣排隊水餃4包,83折,999,239,221,205,34,否,14.2
2026/08/28,22:00,10216476,發現茶,兒茶素綠茶5盒/玄米兒茶素綠茶3盒(任選),53折,1549,219,203,194,25,否,11.4
2026/08/28,22:00,15580936,日麗生,桐葉豐盈養髮液超值3入組,6折,2685,100,83,75,25,否,25.0
2026/08/28,22:00,14032453,Panasonic 國際牌,12公升雙變頻智能除濕機★獨家奶茶色,6折,11999,27,8,3,24,否,88.9
2026/08/28,22:00,14740712,DHC,速攻藍莓 30日份 2入組,71折,1398,218,200,194,24,否,11.0
2026/08/28,22:00,10419074,3M,抗菌菜瓜布激省優惠組-任選2組,54折,599,500,484,476,24,否,4.8
2026/08/28,22:00,15463314,Berndes 寶迪,德製不沾雙炒鍋28+30(含蓋),15折,2299,53,42,31,22,否,41.5
2026/08/28,22:00,15564552,曼黛瑪璉,3套組-穩定包覆經典內衣,27折,1780,135,129,118,17,否,12.6
2026/08/28,22:00,13439024,京城之霜,超維A緊緻電眼霜2入,37折,1499,80,73,70,10,否,12.5
2026/08/28,22:00,15338351,北海岸3日遊,北投加賀屋+大地酒店,38折,7680,65,58,56,9,否,13.8
2026/08/28,22:00,15479601,Apple,2025 iPad 11 A16/11吋/WiFi/128G,92折,14388,29,26,24,5,否,17.2
2026/08/28,22:00,15570102,成長天地,新實木100cm桌面兒童書桌椅,52折,8888,60,57,55,5,否,8.3
2026/08/28,22:00,11920908,娘家,滴雞精60入+291mo+每天鈣,66折,8038,20,16,15,5,否,25.0
2026/08/28,22:00,14583498,東元,12KG洗脫烘滾筒洗衣機,48折,13111,40,37,36,4,否,10.0
2026/08/28,22:00,10494588,品木宣言,全新升級靈芝水400ml,8折,1600,200,198,196,4,否,2.0
2026/08/28,22:00,15242858,NIKE,Air Jordan 1 穆勒高爾夫鞋,69折,2799,200,199,197,3,否,1.5
2026/08/28,22:00,15103194,石頭科技,Saros 20 Sonic聲波騎士掃拖機,52折,34980,50,48,47,3,否,6.0
2026/08/28,22:00,13351861,船井生醫,FIP100纖維粉增量限定版(共240包),34折,6580,50,47,47,3,否,6.0
2026/08/28,22:00,14446419,Orbi BE5000 WiFi 7 Mesh路由器+1衛星,Orbi BE5000 WiFi 7 Mesh路由器+1衛星,54折,4888,10,8,8,2,否,20.0
2026/08/28,22:00,15599004,Style,PREMIUM DX健康護脊椅墊頂級款+Recovery Pole 3D身形舒展棒,67折,11888,14,14,13,1,否,7.1
2026/08/28,22:00,11267372,LONGCHAMP,LE PLIAGE XTRA牛皮手提/斜背兩用水餃包(多色選),71折,13888,7,7,7,0,否,0.0
2026/08/29,00:00,10116136,倍潔雅,舒感柔韌150抽x70包,52折,709,497,425,383,114,否,22.9
2026/08/29,00:00,8893587,黑丸嫩仙草,嫩仙草/愛玉/蜂蜜紅茶凍3桶,55折,333,901,828,801,100,否,11.1
2026/08/29,00:00,13317110,臻御行,量販無調味堅果任選2袋,8折,759,396,351,336,60,否,15.2
2026/08/29,00:00,13623634,義美,原味保久乳125mlx72入,7折,759,400,362,345,55,否,13.8
2026/08/29,00:00,11986306,Munchee貪貪,機能主食罐24入,55折,999,310,266,259,51,否,16.5
2026/08/29,00:00,7763758,包大人,瞬吸防漏 黏貼型紙褲,55折,999,998,971,958,40,否,4.0
2026/08/29,00:00,9488505,SK-II,青春露330ml,54折,4899,306,276,268,38,否,12.4
2026/08/29,00:00,15222080,NEW BALANCE,574系列_復古鞋/運動鞋_多款任選,53折,1580,296,270,261,35,否,11.8
2026/08/29,00:00,11761101,IMPACT 怡寶,輕量成長型／閃耀星空輕量護脊書包｜momo限定｜120cm以上(國小 小學 兒童 學生),53折,1611,51,37,29,22,否,43.1
2026/08/29,00:00,12723306,小米官方旗艦館,無線吸塵器G20Lite,8折,2411,69,52,48,21,否,30.4
2026/08/29,00:00,13567138,Arowana 亞諾納,限時快閃★29吋避震輪河馬箱｜前開＋對開兩用箱超大容量旅行箱,39折,2388,492,473,471,21,否,4.3
2026/08/29,00:00,8513968,JU SHOP,買一送一!彈力抗刀割多口袋工作褲,22折,769,390,375,371,19,否,4.9
2026/08/29,00:00,14956241,TP-Link,Tapo C250旋轉監視器,86折,1299,65,49,47,18,否,27.7
2026/08/29,00:00,14950290,CENTRUM 善存,游離型葉黃素軟膠囊20mg 140顆(過年/年節/送禮),81折,1199,300,294,286,14,否,4.7
2026/08/29,00:00,10109435,德國雙人,Now S五件式彩色刀座組,31折,2799,107,98,96,11,否,10.3
2026/08/29,00:00,9209113,三得利,蜜得絲極妍鎖濕菁華*2,74折,4799,68,60,58,10,否,14.7
2026/08/29,00:00,14376121,理膚寶水,極效B5彈潤修復精華,58折,1809,200,193,191,9,否,4.5
2026/08/29,00:00,14188252,Sastty,利尻昆布染髮慕斯2入,51折,1780,153,147,145,8,否,5.2
2026/08/29,00:00,10877396,國際牌,高滲透奈米水離子吹風機-NA0J深藍,68折,7490,77,71,69,8,否,10.4
2026/08/29,00:00,11575124,達摩本草,專利山苦瓜胜月太6入(共540顆),41折,4950,78,73,71,7,否,9.0
2026/08/29,00:00,9195928,京美,5件組 健康超抗菌推薦 竹炭銀纖維提臀機能內褲,58折,1888,589,587,584,5,否,0.8
2026/08/29,00:00,15545954,億光,50W LED吸頂燈2入組,35折,1999,76,74,72,4,否,5.3
2026/08/29,00:00,14019529,BRITA,ModelONE+濾芯13芯組,39折,8888,30,27,27,3,否,10.0
2026/08/29,00:00,14065678,3M,除氯蓮蓬頭-1機3心組,56折,1690,100,98,98,2,否,2.0
2026/08/29,00:00,14736994,DJI,Neo 三電池版無遙控器 空拍機/無人機 ｜脫控飛行玩法多元｜一鍵起飛新手必備,78折,5490,30,28,28,2,否,6.7
2026/08/29,00:00,13948264,勝泰,愛費康二盒組,79折,5200,58,57,56,2,否,3.4
2026/08/29,00:00,15491295,麥當勞,麥香魚經典套餐,73折,149,2,1,1,1,否,50.0
2026/08/29,00:00,10569962,Razer 雷蛇,Enki X人體工學電競椅,61折,6788,49,49,49,0,否,0.0
2026/08/29,00:00,13240678,禾聯,15KG直立洗衣機,77折,9999,50,50,50,0,否,0.0
2026/08/29,07:00,15394907,必勝客,13吋大比薩(10選2),29折,389,791,644,348,443,否,56.0
2026/08/29,07:00,15179255,芝初,高鈣黑芝麻粉380gx4罐 (限量花卉版),62折,999,320,263,200,120,否,37.5
2026/08/29,07:00,8596843,AVEDA,純香/迷迭薄荷洗髮精1L,39折,1111,248,207,160,88,否,35.5
2026/08/29,07:00,6849241,麻豆李天寶,老欉文旦10斤X2箱(8-13顆/箱),44折,699,500,470,437,63,否,12.6
2026/08/29,07:00,14193224,安怡,買1送1★優蛋白高鈣營養配方760gx2罐組,39折,999,310,280,248,62,否,20.0
2026/08/29,07:00,13181402,白蘭,洗衣精獨家囤貨組9/10包,35折,629,400,385,340,60,否,15.0
2026/08/29,07:00,15038865,GIORDANO,男女裝 涼感短袖POLO衫(多色任選),37折,369,700,675,651,49,否,7.0
2026/08/29,07:00,15114860,Philips 飛利浦,X3051全新X系列電鬍刀,59折,1688,75,52,33,42,否,56.0
2026/08/29,07:00,14366880,YOMIX 優迷,65W氮化鎵四合一手錶自帶線快充充電器,5折,799,150,139,124,26,否,17.3
2026/08/29,07:00,13892968,WEDGWOOD,獨家天絲床包枕套,23折,1999,101,92,76,25,否,24.8
2026/08/29,07:00,15407099,Bonnie House忍冬植淨精油髮浴4+1組,Bonnie House忍冬植淨精油髮浴4+1組,34折,2276,419,403,396,23,否,5.5
2026/08/29,07:00,12863743,JVC,65型4K連網TV,49折,14988,35,18,13,22,否,62.9
2026/08/29,07:00,15179238,T2R,正韓空運-真皮拼接透氣內增高厚底女鞋老爹鞋-多任選,3折,1011,105,97,85,20,否,19.0
2026/08/29,07:00,10536422,QUAKER 桂格,無糖養氣人蔘72入,76折,3298,100,93,83,17,否,17.0
2026/08/29,07:00,14107176,DR.WU,角鯊潤澤修復精華油3入,5折,3000,100,92,83,17,否,17.0
2026/08/29,07:00,14944494,Move Free 益節,UC-II加強型迷你錠6瓶(共180錠),55折,3999,197,192,182,15,否,7.6
2026/08/29,07:00,10242345,滿意寶寶,極上呵護輕巧褲L-XL,84折,1599,499,494,486,13,否,2.6
2026/08/29,07:00,15401637,契爾氏,金盞花化妝水500ml,39折,2385,83,80,71,12,否,14.5
2026/08/29,07:00,15459089,asics,NOVABLAST 6 女款 彈力慢跑鞋 (多色多款選),69折,3199,49,41,38,11,否,22.4
2026/08/29,07:00,14285033,樂高,Ideas人偶扭蛋機21358,65折,3999,281,279,271,10,否,3.6
2026/08/29,07:00,14007197,OurPet 奧沛,犬用關沛錠x2瓶,68折,816,100,93,90,10,否,10.0
2026/08/29,07:00,15290165,PP 石墨烯,石墨烯粒線修復內衣3件(下單送:律動襪),31折,3799,650,644,640,10,否,1.5
2026/08/29,07:00,14487382,IRIS,美型靜音碎紙機★45分貝粉安靜,82折,2222,30,28,25,5,否,16.7
2026/08/29,07:00,10954595,法國Staub,橢圓琺瑯鑄鐵鍋23cm,45折,3999,80,78,76,4,否,5.0
2026/08/29,07:00,15505964,NEOFLAM,陶瓷雙鍋組-28炒鍋含蓋+16單柄湯鍋,23折,1399,300,298,297,3,否,1.0
2026/08/29,07:00,12671298,BenQ,ScreenBar Pro螢幕智能掛燈,93折,3990,90,90,88,2,否,2.2
2026/08/29,07:00,14590319,OPPO,Find X9 6.59吋(12G/256G),68折,19990,20,20,19,1,否,5.0
2026/08/29,07:00,14540434,台灣三洋,606L一級變頻冰箱,72折,26900,30,30,30,0,否,0.0
2026/08/29,11:00,15154608,COVERNAT,經典Logo短袖兩件組(男女/多色),54折,811,201,139,111,90,否,44.8
2026/08/29,11:00,6859685,古寶無患子,育髮秘方洗髮精任4入,41折,499,597,552,508,89,否,14.9
2026/08/29,11:00,14508638,春風,輕柔膚觸抽取100抽x72包,64折,699,499,455,420,79,否,15.8
2026/08/29,11:00,9951817,小潘,鳳凰酥12入x2盒(不附提袋),76折,759,397,371,345,52,否,13.1
2026/08/29,11:00,12490561,家樂氏,早餐麥片纖穀脆任選x4包,57折,629,433,407,384,49,否,11.3
2026/08/29,11:00,15292474,凱撒飯店聯合券,4館通用餐飲券,47折,818,369,343,322,47,否,12.7
2026/08/29,11:00,13095737,ONE HOUSE小鋼炮穩固免安裝秒收折疊床,ONE HOUSE小鋼炮穩固免安裝秒收折疊床,25折,659,199,175,155,44,否,22.1
2026/08/29,11:00,15224622,UNDER ARMOUR,UA 男鞋 女鞋 Charged Rogue 5 SE 慢跑鞋 運動鞋,35折,1080,950,925,908,42,否,4.4
2026/08/29,11:00,11066682,得意的一天,100%葵花油2Lx6瓶(任選超值好禮),68折,1374,248,229,216,32,否,12.9
2026/08/29,11:00,15349994,肌膚之鑰,潔膚皂 125ml★兩件贈88mo,55折,1111,196,185,166,30,否,15.3
2026/08/29,11:00,15227524,昌兒學畫練字機,昌兒學畫練字機,5折,990,299,289,274,25,否,8.4
2026/08/29,11:00,8133412,大研生醫,德國頂級魚油5入組(60粒/入),97折,4099,150,139,126,24,否,16.0
2026/08/29,11:00,15036280,SKINTIFIC,無瑕水光粉氣墊,66折,399,200,194,182,18,否,9.0
2026/08/29,11:00,6467970,TiANN 鈦安,萬用鈦砧板 大款,7折,1619,98,88,81,17,否,17.3
2026/08/29,11:00,15537869,正佳珠寶,蜜蠟琥珀輕奢設計項鍊手鍊任選,0.6折,799,223,218,208,15,否,6.7
2026/08/29,11:00,9126145,中小學生必讀科學常備用書（全套四冊）,中小學生必讀科學常備用書（全套四冊）,55折,1064,46,42,33,13,否,28.3
2026/08/29,11:00,15440242,飛利浦,43型4K智慧顯示器,52折,8888,50,40,37,13,否,26.0
2026/08/29,11:00,14001111,Philips 飛利浦,27型 IPS 4K美型螢幕,48折,3988,30,19,18,12,否,40.0
2026/08/29,11:00,14545232,柏萊富,特調犬糧24磅,67折,2199,119,115,112,7,否,5.9
2026/08/29,11:00,15406670,BRITA,純淨濾水壺組(1壺13芯),48折,2888,100,97,95,5,否,5.0
2026/08/29,11:00,15119015,樂敦,V游離型葉黃素複方軟膠囊 120粒*2入,72折,2599,137,133,133,4,否,2.9
2026/08/29,11:00,8333154,3M,S301櫥下型生飲三道式淨水器特惠組(S004+樹脂軟水+PP三效整合/安裝),63折,9111,80,78,76,4,否,5.0
2026/08/29,11:00,13799375,Simply 新普利,超級夜酵素DX 100顆(x2盒),37折,4180,500,498,496,4,否,0.8
2026/08/29,11:00,11467659,收藏家,125公升電子防潮箱 (防潮防霉/除溼/收納),0.3折,5399,30,29,27,3,否,10.0
2026/08/29,11:00,10074636,飛利浦,奈米級空氣清淨機-白小奈,42折,5999,58,56,55,3,否,5.2
2026/08/29,11:00,15610211,Samsung 三星,Galaxy S26+ (12G/256G),81折,30900,30,30,28,2,否,6.7
2026/08/29,11:00,14917015,好好生醫,燕窩酸益生菌8入組,75折,7699,45,45,44,1,否,2.2
2026/08/29,11:00,15352987,dyson,V10強勁雙錐無纏結吸塵器(毛髮剋星),88折,14900,150,150,150,0,否,0.0
2026/08/29,11:00,9688786,Kotex 靠得住,晚安好眠褲/日用懶人褲 M-XL(多款選),39折,639,1,1,1,0,否,0.0
2026/08/29,14:00,11304485,台灣森永,威德in果凍4盒,59折,599,507,419,359,148,否,29.2
2026/08/29,14:00,15563085,喬治亞高加索有機酸櫻桃原液750ml*6瓶,喬治亞高加索有機酸櫻桃原液750ml*6瓶,32折,2360,485,402,387,98,否,20.2
2026/08/29,14:00,9621690,Oral-B,PRO1 3D電動牙刷+兩年份刷頭,45折,1490,196,146,118,78,否,39.8
2026/08/29,14:00,7857623,pidan,豆腐貓砂*4包入,66折,525,495,463,425,70,否,14.1
2026/08/29,14:00,12806663,江鳥咖啡,世界風情咖啡豆綜合風味4包組(225g/包;四口味各1包),54折,649,355,321,285,70,否,19.7
2026/08/29,14:00,9180984,DON,買1送1 記憶枕頭-任選組,4折,799,500,465,435,65,否,13.0
2026/08/29,14:00,4204214,妙管家,抗菌洗衣精8瓶,5折,799,499,472,447,52,否,10.4
2026/08/29,14:00,14434859,立得清,酒精擦10+4包,54折,899,399,367,347,52,否,13.0
2026/08/29,14:00,12231619,DIADORA,彈力避震慢跑鞋(男女多款),41折,699,400,377,358,42,否,10.5
2026/08/29,14:00,9779579,Logitech 羅技,M650多工無線藍牙滑鼠,9折,990,78,54,44,34,否,43.6
2026/08/29,14:00,7851422,MarCella 瑪榭,7件組★MIT無縫抗菌內褲-薄感中低腰,75折,999,500,479,468,32,否,6.4
2026/08/29,14:00,15190827,八方雲集,梁社漢金牌牛肉麵6入,9折,999,130,120,106,24,否,18.5
2026/08/29,14:00,15535151,大研生醫,山苦瓜胜月太雙層緩釋錠2入組(共120錠),46折,1690,200,184,179,21,否,10.5
2026/08/29,14:00,13224566,m2 美度,超能膠原飲/晚安飲 任選1箱(100包),45折,7780,500,495,482,18,否,3.6
2026/08/29,14:00,14439299,寶拉珍選,2%身體乳+10%身體乳,76折,1660,299,290,283,16,否,5.4
2026/08/29,14:00,10537628,ROOTON,豐盈洗髮超值3件組,6折,2250,130,122,117,13,否,10.0
2026/08/29,14:00,11275753,海洋拉娜,經典乳霜60ml,36折,4818,68,61,55,13,否,19.1
2026/08/29,14:00,15457263,德國雙人,PEAK不鏽鋼蜂巢平煎鍋28cm,49折,1999,150,144,138,12,否,8.0
2026/08/29,14:00,15051594,POCO,X8 Pro Max 6.83 吋 5G (12G/512G),77折,13999,30,25,20,10,否,33.3
2026/08/29,14:00,12746710,巴黎卡詩,黑鑽逆時髮膜200ml,42折,2740,148,144,139,9,否,6.1
2026/08/29,14:00,9377323,MLB,厚底老爹鞋 增高鞋 Big Ball Chunky系列 道奇/洋基隊(3ASHC104N-多款任選),53折,2099,249,243,240,9,否,3.6
2026/08/29,14:00,12244409,dyson,V12強勁輕量無線吸塵器(銀灰色),69折,13900,43,38,36,7,否,16.3
2026/08/29,14:00,13986702,Sodastream-鋼瓶2入組,時尚風自動扣瓶氣泡水機Spirit(加送1支鋼瓶 含原箱共2支+1L水瓶x1),39折,2580,80,77,74,6,否,7.5
2026/08/29,14:00,15391656,Masmarulez,迷你翻蓋束口後背包系列(多款),82折,1473,200,198,194,6,否,3.0
2026/08/29,14:00,12177151,FL 生活+,耐重收納箱,35折,1999,200,199,199,1,否,0.5
2026/08/29,14:00,7884551,林內,16L屋內強排熱水器,73折,15399,30,29,29,1,否,3.3
2026/08/29,14:00,15491289,麥當勞,豬肉滿福堡加蛋+冰美式,52折,58,9,9,8,1,否,11.1
2026/08/29,14:00,15518527,MSI 微星,15.6吋i7 RTX4050,82折,35999,20,20,20,0,否,0.0
2026/08/29,18:00,15152423,好自在,液體衛生棉108-109片,53折,949,499,458,412,87,否,17.4
2026/08/29,18:00,14391275,新東陽,豬肉鬆3入,74折,549,474,440,392,82,否,17.3
2026/08/29,18:00,2471656,雅聞倍優,玫瑰洗卸慕絲4入,18折,659,365,322,284,81,否,22.2
2026/08/29,18:00,9621690,Oral-B,PRO1 3D電動牙刷+兩年份刷頭,45折,1490,199,163,121,78,否,39.2
2026/08/29,18:00,12984065,Whirlpool 惠而浦,15L高效除濕機 WDEE15TW,52折,6511,49,25,0,49,是,100.0
2026/08/29,18:00,9488505,SK-II,青春露330ml,54折,4899,314,304,277,37,否,11.8
2026/08/29,18:00,8806846,大成,中一排骨20片組,49折,999,320,304,283,37,否,11.6
2026/08/29,18:00,9047365,High Tea,黃金蕎麥茶15入x5袋,56折,859,400,387,364,36,否,9.0
2026/08/29,18:00,11659902,潘婷,爆水膠囊護髮膜 64入,37折,1199,465,445,436,29,否,6.2
2026/08/29,18:00,11994146,Jo Malone,香水100ml,39折,2299,199,186,170,29,否,14.6
2026/08/29,18:00,14899787,mo select,台灣製316不鏽鋼防滑六角筷10雙,37折,899,149,138,125,24,否,16.1
2026/08/29,18:00,7389662,大研生醫,視易適葉黃素3入組,41折,2488,149,138,128,21,否,14.1
2026/08/29,18:00,8133412,大研生醫,德國頂級魚油5入組(60粒/入),97折,4099,150,143,131,19,否,12.7
2026/08/29,18:00,13224566,m2 美度,超能膠原飲/晚安飲 任選1箱(100包),45折,7780,500,493,487,13,否,2.6
2026/08/29,18:00,10537628,ROOTON,豐盈洗髮超值3件組,6折,2250,130,121,118,12,否,9.2
2026/08/29,18:00,15059048,Harman Kardon,藍牙喇叭 SoundSticks 5 水母喇叭 五代 2.1聲道(兩色),78折,10999,17,13,5,12,否,70.6
2026/08/29,18:00,9209113,三得利,蜜得絲極妍鎖濕菁華*2,74折,4799,70,65,59,11,否,15.7
2026/08/29,18:00,15585319,SHARP 夏普,25公變頻美學除濕機 DW-UX25HT-H/W,8折,20900,30,26,19,11,否,36.7
2026/08/29,18:00,15432017,杏輝醫藥,蓉憶記膠囊3入+迪士尼製冷手持充電電扇,54折,5980,38,32,28,10,否,26.3
2026/08/29,18:00,12721647,LG,19KG變頻洗衣機,67折,18888,38,30,29,9,否,23.7
2026/08/29,18:00,14693546,NIKE 耐吉,運動鞋 休閒鞋 WMNS NIKE AIR MAX MUSE 女鞋,55折,2999,100,96,94,6,否,6.0
2026/08/29,18:00,15521211,Vermicular,//福利品//琺瑯鑄鐵湯鍋OP2 22cm,52折,6199,22,18,17,5,否,22.7
2026/08/29,18:00,7341640,Buffalo牛頭牌,小牛不鏽鋼雙耳炒鍋40cm,58折,3799,36,33,31,5,否,13.9
2026/08/29,18:00,11580751,迎鶴,金品黃金9999小金豆許願瓶：3顆入組(金重共:3克),87折,15988,53,52,49,4,否,7.5
2026/08/29,18:00,15512497,Even Realities,Even G2 AI 智慧眼鏡,99折,19990,30,30,28,2,否,6.7
2026/08/29,18:00,15468165,巴特雷,涼感風扇空調服背心含電池,87折,8319,27,26,25,2,否,7.4
2026/08/29,18:00,11660056,Baicycle,S3 小白電動折疊腳踏車,65折,12988,22,21,20,2,否,9.1
2026/08/29,18:00,15491289,麥當勞,豬肉滿福堡加蛋+冰美式,52折,58,9,9,8,1,否,11.1
2026/08/29,18:00,7763758,包大人,瞬吸防漏 黏貼型紙褲,55折,999,1,979,959,0,否,0.0
2026/08/29,18:00,15506025,華碩,Ultra 5輕薄16G/OLED,85折,34999,50,50,50,0,否,0.0
2026/08/29,18:00,14924464,TCL,85型MiniLED顯示器,72折,71990,25,25,25,0,否,0.0
2026/08/29,18:00,15316944,添可,i7 FOLD 高溫洗烘吸塵洗地機,84折,9999,80,80,80,0,否,0.0
2026/08/29,18:00,13840692,來復易,防漏安心復健褲S-XL (2箱),65折,2399,1,980,963,0,否,0.0
2026/08/29,18:00,11247189,妮維雅,亮白嫩膚乳液3入,5折,759,2,2,2,0,否,0.0
2026/08/29,22:00,14924464,TCL,85型MiniLED顯示器,72折,71990,25,25,0,25,是,100.0
2026/08/30,00:00,6480933,禾聯,14吋遙控DC風扇 HDF-14A3,4折,999,480,315,293,187,否,39.0
2026/08/30,00:00,10019468,朵舒,棉仔紙超厚柔150抽x84包,46折,829,500,448,429,71,否,14.2
2026/08/30,00:00,13683504,伊萊克斯,超級完美管家吸塵器HEPA進化版(黑/紅),27折,2990,65,0,0,65,是,100.0
2026/08/30,00:00,10520445,GoodSome 好東西,西班牙原裝進口酪梨油1000mlx3入,4折,1188,257,225,214,43,否,16.7
2026/08/30,00:00,15457201,THE VEGAN 樂維根,經典植物優蛋白2入(1KG/袋),6折,1299,450,417,408,42,否,9.3
2026/08/30,00:00,12855305,綠的寢飾,買一送一天絲床包枕套組or涼被,2折,799,380,351,344,36,否,9.5
2026/08/30,00:00,10705911,Glolux,磁吸無線感應燈2入,31折,569,319,303,296,23,否,7.2
2026/08/30,00:00,12047638,24HRS,3件組★經典款親膚無痕內衣-多色選,56折,1160,500,485,481,19,否,3.8
2026/08/30,00:00,15580936,日麗生,桐葉豐盈養髮液超值3入組,6折,2685,147,138,130,17,否,11.6
2026/08/30,00:00,9509497,滿意寶寶,瞬潔乾爽輕巧褲L-XXL(任選2箱組),68折,2398,500,487,483,17,否,3.4
2026/08/30,00:00,7467734,幸美生技,加拿大冷凍野生藍莓2kg(農殘/重金屬檢驗通過),56折,999,500,485,484,16,否,3.2
2026/08/30,00:00,11107558,毛孩時代,豆腐貓砂6L*6袋,52折,999,218,207,203,15,否,6.9
2026/08/30,00:00,14007383,STL,現貨 韓國瑜伽 FRESH light Slit Cap 涼感 2分包袖 女 運動 長版 蓋臀 短袖 上衣(多色),75折,599,66,53,52,14,否,21.2
2026/08/30,00:00,14740370,Apple,AirPods Pro 3,88折,6999,49,39,37,12,否,24.5
2026/08/30,00:00,8106681,國際牌,610公升一級變頻冰箱,8折,31888,39,27,27,12,否,30.8
2026/08/30,00:00,15512661,巴黎萊雅,金緻護髮油任選3入,69折,1211,250,241,239,11,否,4.4
2026/08/30,00:00,4892335,統一LP33,健字號益生菌膠囊30顆*10盒,57折,6888,59,51,50,9,否,15.3
2026/08/30,00:00,15248937,雅詩蘭黛,小棕瓶100送100ml,25折,4011,200,196,192,8,否,4.0
2026/08/30,00:00,15168605,聲寶,4-6坪一級變頻冷暖空調,74折,17900,15,10,8,7,否,46.7
2026/08/30,00:00,15437770,飲后,超孅飲6盒(15包/盒),38折,2980,200,195,193,7,否,3.5
2026/08/30,00:00,11602572,元大珠寶,黃金金豆9999招財多選 附加玻璃瓶(0.27錢正負1厘),95折,5988,60,55,53,7,否,11.7
2026/08/30,00:00,8462055,NIKE,全白AIR FORCE 1 休閒鞋,69折,2499,300,296,295,5,否,1.7
2026/08/30,00:00,11373476,東元,WiFi冷暖除溼淨化移動空調,32折,9488,30,26,26,4,否,13.3
2026/08/30,00:00,12991771,dyson,BP02強效極靜抗敏空氣清淨機,51折,16900,129,126,125,4,否,3.1
2026/08/30,00:00,14761090,BRITA,瞬熱溫控冰溫熱開飲機13芯,44折,14119,30,27,27,3,否,10.0
2026/08/30,00:00,14208908,Le Creuset,Gourmand專業迷你鑄鐵鍋具3入組,33折,3999,299,296,296,3,否,1.0
2026/08/30,00:00,15465827,Lenovo,15.3吋Ryzen 7 RTX5050電競筆電,68折,39990,25,23,23,2,否,8.0
2026/08/30,00:00,14794219,老爺酒店集團,2張套組★聯合住宿券,83折,6650,40,38,38,2,否,5.0
2026/08/30,00:00,15553787,Google,Pixel 11 Pro 12G/256G,9折,36990,50,49,48,2,否,4.0
2026/08/30,07:00,15203185,一蘭拉麵,雙重風味套裝組 共5人份(厚釜豚骨風味湯底*2+原味豚骨風味湯底*3),67折,599,403,371,289,114,否,28.3
2026/08/30,07:00,11336310,美體小舖,薑根鏗活調理洗髮精2入,5折,690,427,385,344,83,否,19.4
2026/08/30,07:00,15511094,大成,黑啤微醺燒烤派對9+1件組+50MO,3折,979,319,293,262,57,否,17.9
2026/08/30,07:00,5517245,貝恩,嬰兒柔濕巾24包,53折,1329,397,378,354,43,否,10.8
2026/08/30,07:00,14116984,IRIS,空氣循環扇PCF-BC15TEC(白色),61折,911,99,81,59,40,否,40.4
2026/08/30,07:00,14415176,象印,買1送1彈蓋花漾保溫杯480ml,33折,1188,149,127,110,39,否,26.2
2026/08/30,07:00,9288701,舒酸定,專業修復抗敏牙膏8入,48折,999,249,235,214,35,否,14.1
2026/08/30,07:00,14333847,Tefal 特福,煮FUN不沾鍋24CM,33折,899,350,338,320,30,否,8.6
2026/08/30,07:00,13626252,Tiger Family,MAX Pro 2S系列超輕量護脊書包- 可摺疊版(中高年級適用),73折,2770,199,191,173,26,否,13.1
2026/08/30,07:00,13092955,幫寶適,一級幫散熱拉拉褲/黏貼尿布2箱,76折,2198,500,494,477,23,否,4.6
2026/08/30,07:00,15559818,NEW BALANCE,327系列_復古鞋/運動鞋_多款任選,53折,1580,300,294,278,22,否,7.3
2026/08/30,07:00,13733217,Evian 依雲,天然礦泉水500mlx2箱(共48入),44折,1038,290,282,269,21,否,7.2
2026/08/30,07:00,15267640,理膚寶水,UVAIR空氣感防曬,6折,1447,200,192,182,18,否,9.0
2026/08/30,07:00,15317261,MON’S,菱格造型上衣(多款選),0.9折,888,234,230,219,15,否,6.4
2026/08/30,07:00,13604418,3M,無痕高承重304不鏽鋼收納架,38折,799,100,96,86,14,否,14.0
2026/08/30,07:00,14069122,American Explorer 美國探險家,20+25+29/20+25+30吋 前開式行李箱 三件組 上掀式 可加大 旅行箱 登機箱,33折,4880,83,78,69,14,否,16.9
2026/08/30,07:00,14645688,健康優見,葉黃素軟膠囊10瓶+贈B群x2瓶,21折,1958,192,187,182,10,否,5.2
2026/08/30,07:00,11151314,維爾滋,無穀全齡貓飼料6kg,64折,1649,127,122,117,10,否,7.9
2026/08/30,07:00,11029279,東元,7-8坪一級變頻冷暖,69折,27900,13,12,6,7,否,53.8
2026/08/30,07:00,14061783,eufy,搭載織物機! E28自清潔掃拖機器人,54折,12990,80,76,73,7,否,8.8
2026/08/30,07:00,14159002,杏輝醫藥,優倍多 強力苦瓜胜肽膠囊 5入,45折,3195,150,148,144,6,否,4.0
2026/08/30,07:00,15545965,Apple,Neo A18Pro(8G/512G)鼠包組,96折,25900,20,18,17,3,否,15.0
2026/08/30,07:00,15175989,營養師輕食,台灣01益生菌 5入組(一入30包),65折,6595,300,298,298,2,否,0.7
2026/08/30,07:00,15168547,PP 石墨烯,石墨烯粒線智能修復衣3(下單送:100mo點),41折,3699,40,40,38,2,否,5.0
2026/08/30,07:00,14605523,DJI,Osmo Mobile 8 雲台/手機三軸穩定器,73折,2990,54,54,52,2,否,3.7
2026/08/30,07:00,15447091,vivo VIVO Y31 5G 6.68吋(8G/256G/Snapdragon4Gen2/5000萬畫素主鏡頭),vivo VIVO Y31 5G 6.68吋(8G/256G/Snapdragon4Gen2/5000萬畫素主鏡頭),69折,8290,8,7,7,1,否,12.5
2026/08/30,07:00,15605059,星巴克,草莓巴西莓檸檬星沁爽2杯,6折,150,1,1,1,0,否,0.0
2026/08/30,07:00,15572743,元山,RO冰塊瞬熱飲水機-2年份濾芯,59折,18280,30,30,30,0,否,0.0
2026/08/30,11:00,12984109,ARIEL,抗菌除臭洗衣精補充8包,78折,859,492,433,382,110,否,22.4
2026/08/30,11:00,14967318,MEDITHERAPY,玻尿酸精華,29折,979,309,255,212,97,否,31.4
2026/08/30,11:00,8519077,康定,植萃酵素洗髮精２入組,72折,1150,258,213,181,77,否,29.8
2026/08/30,11:00,15383908,Sofy 蘇菲,超熟睡褲型衛生棉 M-XL/共24-36片,37折,479,447,411,373,74,否,16.6
2026/08/30,11:00,15546482,實心蛋捲,茶韻綜合組(粹蛋捲2盒+實心3盒；附提袋),7折,888,340,307,282,58,否,17.1
2026/08/30,11:00,15035514,摩洛哥優油100ml★買1送1,摩洛哥優油100ml★買1送1,32折,1299,200,171,152,48,否,24.0
2026/08/30,11:00,12647019,皮爾卡登,男款 多口袋速乾工作休閒短褲(四色任選),29折,699,280,265,241,39,否,13.9
2026/08/30,11:00,8907169,美心,316黑晶不沾炒鍋34cm,11折,799,167,151,132,35,否,21.0
2026/08/30,11:00,7768493,寵物夢工廠,寵物尿布墊*8包,42折,849,500,484,467,33,否,6.6
2026/08/30,11:00,15098027,K-SWISS,經典盾牌小白鞋(男女多款),55折,1090,200,185,168,32,否,16.0
2026/08/30,11:00,14009210,BRITA,愛奴娜濾水壺組(共1壺13芯),38折,2299,109,96,79,30,否,27.5
2026/08/30,11:00,15376430,新竹國賓大飯店,下午茶吃到飽,72折,719,420,406,394,26,否,6.2
2026/08/30,11:00,14478745,大同,10人份不鏽鋼電鍋(奶茶色),7折,2740,99,86,75,24,否,24.2
2026/08/30,11:00,15553458,soundcore,P41i 行動電源降噪藍牙耳機(二合一),51折,1490,200,193,179,21,否,10.5
2026/08/30,11:00,14587016,WEIDER 威德益生菌 2盒(3gx90包/盒),WEIDER 威德益生菌 2盒(3gx90包/盒),81折,1799,180,170,166,14,否,7.8
2026/08/30,11:00,5757051,統一生機,有機Bragg蘋果醋946mlx3瓶,66折,1099,275,269,262,13,否,4.7
2026/08/30,11:00,14996773,PP 石墨烯,石墨烯能量護膝-2雙,46折,3699,100,92,89,11,否,11.0
2026/08/30,11:00,14499425,SmartGames滑塊拼圖遊戲（羊羊出任務+躲貓貓）,SmartGames滑塊拼圖遊戲（羊羊出任務+躲貓貓）,55折,875,33,29,25,8,否,24.2
2026/08/30,11:00,15230014,石頭科技,F25 RT GEN 2小白鯊零纏繞洗地機,41折,6999,50,44,43,7,否,14.0
2026/08/30,11:00,12842795,亞培,安素原味 HMB升級配方 60入,82折,4250,200,196,194,6,否,3.0
2026/08/30,11:00,14686238,國際牌,15公斤變頻洗衣機,73折,16900,48,44,43,5,否,10.4
2026/08/30,11:00,15220583,威瑪舒培,旁優力共100粒,79折,5299,57,53,53,4,否,7.0
2026/08/30,11:00,15479611,Apple,2025 iPad 11 A16/11吋/WiFi/256G,92折,17588,28,24,24,4,否,14.3
2026/08/30,11:00,12177159,FL 生活+,雙掀蓋收納箱,37折,2399,118,115,114,4,否,3.4
2026/08/30,11:00,15137220,華碩,16吋Core 7效能RTX3050,94折,33999,50,48,47,3,否,6.0
2026/08/30,11:00,15459531,樂高,建築系列 英國塔橋21067,72折,7999,25,22,22,3,否,12.0
2026/08/30,11:00,15434733,妮維雅,安溯齡肌活精華2入,63折,1899,300,299,298,2,否,0.7
2026/08/30,11:00,11074103,日光,4-5坪一級變頻冷暖,6折,15000,20,20,20,0,否,0.0
2026/08/30,11:00,15336298,Shark,TF200 3D雙氣流無葉風扇,8折,7990,50,50,50,0,否,0.0
2026/08/30,14:00,12942478,大成,舒迷/經典嫩雞胸肉20+5片,45折,899,348,263,222,126,否,36.2
2026/08/30,14:00,12845345,橘子工坊,天然制菌洗衣球108顆,37折,649,500,456,418,82,否,16.4
2026/08/30,14:00,12669400,彩花蜜,台灣龍眼蜂蜜3kg,45折,869,350,302,274,76,否,21.7
2026/08/30,14:00,11072784,勳風,2入組-14吋360度循環扇 BHF-K0179,38折,888,209,172,155,54,否,25.8
2026/08/30,14:00,14217313,OLAY,水光小白瓶30ml-2入,57折,1379,299,275,247,52,否,17.4
2026/08/30,14:00,14820764,COCODOR,臻藏擴香5入禮盒組,49折,1099,274,248,234,40,否,14.6
2026/08/30,14:00,9929266,m2 美度,超能膠原飲8盒囤貨組(64入),37折,5080,499,486,478,21,否,4.2
2026/08/30,14:00,12742602,聯碩,3-5坪一級變頻冷暖空調,53折,13900,19,10,0,19,是,100.0
2026/08/30,14:00,15530931,NIKE 耐吉,精選男女運動上衣 短袖 背心 Dri-FIT 排汗 (多款任選),5折,799,400,392,382,18,否,4.5
2026/08/30,14:00,14817184,薆悅酒店野柳館,雙人午/晚餐吃到飽,8折,938,318,306,302,16,否,5.0
2026/08/30,14:00,11993924,WOKY沃廚,恰恰鍋32CM炒鍋,52折,2980,96,87,81,15,否,15.6
2026/08/30,14:00,13051012,耐吉斯,E系列狗飼料22磅,59折,1899,499,490,486,13,否,2.6
2026/08/30,14:00,14376906,POIEMA,DrinkUP Pro冰溫瞬熱RO淨水器,37折,9990,30,23,20,10,否,33.3
2026/08/30,14:00,13929131,Acer,送包鼠★15.6吋 R5輕薄效能,82折,18900,63,61,54,9,否,14.3
2026/08/30,14:00,8142113,白蘭氏,雞精72入,59折,3276,99,92,91,8,否,8.1
2026/08/30,14:00,15218652,Honeywell,獨家買大送小 純淨空氣清淨機,53折,10111,50,47,45,5,否,10.0
2026/08/30,14:00,15359433,成長天地,新實木 120cm桌面 兒童書桌椅,52折,9999,60,57,55,5,否,8.3
2026/08/30,14:00,14691325,BenQ,24型 FHD 144Hz 護眼螢幕,76折,2818,29,24,24,5,否,17.2
2026/08/30,14:00,15437343,蘭蔻,超極限小黑瓶PRO50ml 雙入,34折,7770,49,44,44,5,否,10.2
2026/08/30,14:00,15561920,Insta360,X6 8K全景運動相機-全能套裝(公司貨),99折,23990,30,27,26,4,否,13.3
2026/08/30,14:00,13874892,科沃斯,獨家T50 PRO全能掃拖機器人,31折,14688,30,28,27,3,否,10.0
2026/08/30,14:00,13956184,聲寶瑞智,5-7坪一級變頻冷專空調,83折,19900,14,14,13,1,否,7.1
2026/08/30,14:00,11790892,飛利浦,智能床頭保險櫃,86折,25900,12,12,12,0,否,0.0
2026/08/30,18:00,14856095,Sunny Hills 微熱山丘,鳳梨酥禮盒2盒,81折,999,303,230,193,110,否,36.3
2026/08/30,18:00,8589895,CIELO宣若,EX染髮霜3件組,7折,799,499,449,394,105,否,21.0
2026/08/30,18:00,10362698,花王,柔舒蒸氣眼罩 72入,55折,1299,227,179,130,97,否,42.7
2026/08/30,18:00,6532205,五月花,厚棒四層抽取90抽x60包,71折,1199,207,177,150,57,否,27.5
2026/08/30,18:00,14109124,mo select,加厚型嬰兒柔濕巾附蓋80抽*24入(台灣製、保濕升級),47折,839,118,85,64,54,否,45.8
2026/08/30,18:00,15513221,FILA,爆款男女運動鞋 慢跑鞋 休閒鞋 (多款任選),33折,899,299,278,254,45,否,15.1
2026/08/30,18:00,14447749,LA NEW,輕量透氣慢跑鞋/運動鞋(男女多款),22折,1188,350,334,318,32,否,9.1
2026/08/30,18:00,11071919,百靈油,100ML*2+滾珠空瓶*1共200ML,91折,3311,299,287,274,25,否,8.4
2026/08/30,18:00,14032958,湛盧咖啡,淺焙行家綜合濾掛咖啡2盒任選（11gx30包／盒）,73折,1230,245,233,221,24,否,9.8
2026/08/30,18:00,5657347,樂米穀場,台東一等關山好米9kg,89折,629,550,538,527,23,否,4.2
2026/08/30,18:00,9794510,淨毒五郎,碗盤清潔劑三入,43折,1169,204,194,186,18,否,8.8
2026/08/30,18:00,13075137,台灣三洋,240L一級變頻冰箱,86折,11111,30,18,15,15,否,50.0
2026/08/30,18:00,7679325,船井生醫,極纖錠獨家增量版4盒(共448顆)+夜孅2袋(共40顆),27折,4499,70,62,59,11,否,15.7
2026/08/30,18:00,10635418,葡萄王,認證樟芝王菌絲體膠囊X8瓶 共480粒(陳志強推薦 GABA 芝麻素 幫助入睡 牛樟芝),89折,5299,163,159,154,9,否,5.5
2026/08/30,18:00,14934776,理膚寶水,飛天小女警B5抗老禮盒,42折,2802,187,184,178,9,否,4.8
2026/08/30,18:00,9177940,班樂尼,義大利製不沾平煎鍋28cm,36折,1199,250,244,242,8,否,3.2
2026/08/30,18:00,11139341,東元,6-7坪一級變頻冷暖空調,73折,24900,15,12,8,7,否,46.7
2026/08/30,18:00,13094241,Herman Miller,人體工學椅,61折,24599,10,4,5,5,否,50.0
2026/08/30,18:00,12836521,日立,7-9坪一級變頻冷暖空調,74折,34590,8,1,4,4,否,50.0
2026/08/30,18:00,12504165,Segway,電動滑板車E2 Pro,68折,15588,15,12,11,4,否,26.7
2026/08/30,18:00,15506025,華碩,Ultra 5輕薄16G/OLED,85折,34999,49,49,46,3,否,6.1
2026/08/30,18:00,15143441,科沃斯,獨家 T90 PRO滾筒洗地機器人,35折,19688,49,47,46,3,否,6.1
2026/08/30,18:00,12878110,EDWIN,伸縮直筒牛仔褲(男女/多款),37折,1399,180,177,177,3,否,1.7
2026/08/30,18:00,11140597,LOLAT 羅力,恆溫淋浴龍頭組附大流量蓮蓬頭含管+掛座溫控衛浴水龍頭組,33折,4999,8,7,6,2,否,25.0
2026/08/30,18:00,14504452,OASIS,製冰塊瞬冰溫熱淨飲機,5折,9999,29,29,27,2,否,6.9
2026/08/30,18:00,15370198,Apple,A+級福利品 iPhone 16 Pro 256G 6.3吋,97折,30888,5,4,3,2,否,40.0
2026/08/30,22:00,15491286,麥當勞,大麥克+麥脆雞腿雙人套餐,73折,330,998,892,837,161,否,16.1
2026/08/30,22:00,12984109,ARIEL,抗菌除臭洗衣精補充8包,78折,859,497,462,442,55,否,11.1
2026/08/30,22:00,10653216,DR.WU,玻尿酸保濕精華乳,5折,850,350,321,295,55,否,15.7
2026/08/30,22:00,15106212,STANLEY,官方直營 輕滑速吸水壺0.59L,92折,1180,257,232,224,33,否,12.8
2026/08/30,22:00,14687839,DHC 窈窕雙殺組(極纖對策+黃香草木樨美體素),DHC 窈窕雙殺組(極纖對策+黃香草木樨美體素),65折,1250,280,260,250,30,否,10.7
2026/08/30,22:00,14032453,Panasonic 國際牌,12公升雙變頻智能除濕機★獨家奶茶色,6折,11999,24,0,0,24,是,100.0
2026/08/30,22:00,4202246,一點絕,2%凝膠餌劑 30g(德國巴斯夫出品/除蟑螂),7折,1090,212,201,195,17,否,8.0
2026/08/30,22:00,15253183,URUHIMEMOMOKO 潤姬桃子,潤姬桃子30入x6盒,52折,5328,55,46,40,15,否,27.3
2026/08/30,22:00,12747647,Doctor's Care 守護者,緊急避難防災包最完善24件組,48折,1911,291,283,276,15,否,5.2
2026/08/30,22:00,11515499,Diptyque,淡香精75ml,64折,4199,149,140,134,15,否,10.1
2026/08/30,22:00,15130344,YOMIX 優迷,磁吸線組★四合一超迷你半固態磁吸行動電源,23折,999,96,91,82,14,否,14.6
2026/08/30,22:00,14427794,SWAROVSKI 施華洛世奇,官方直營 Symbolica星星/Lifelong蝴蝶結/無限 手鏈/耳環/鏈墜(多款任選),57折,2199,63,57,50,13,否,20.6
2026/08/30,22:00,14142713,美心,維多利亞複合金可拆不沾3鍋5件組,39折,1299,77,73,68,9,否,11.7
2026/08/30,22:00,14944976,salomon,XT-6 經典潮流運動鞋,84折,5588,50,44,41,9,否,18.0
2026/08/30,22:00,14977086,追覓科技,X60 Ultra超薄掃拖旗艦機,46折,26980,30,25,23,7,否,23.3
2026/08/30,22:00,15564553,曼黛瑪璉,4件組-經典包覆提托內衣,24折,1650,516,511,509,7,否,1.4
2026/08/30,22:00,14087997,SONY,65吋4K智慧顯示器,9折,25111,18,13,12,6,否,33.3
2026/08/30,22:00,15581726,莊廣和堂,轉大人萃滴精10包任選,97折,3980,40,39,39,1,否,2.5
2026/08/30,22:00,15582841,Whittard,經典品牌中秋禮盒任選(附品牌提袋),57折,1062,257,257,256,1,否,0.4
2026/08/30,22:00,15055597,聲寶,6-8坪一級變頻冷專空調,58折,22900,10,10,10,0,否,0.0
2026/08/30,22:00,15578833,MSI 微星,15.6吋i7 RTX5050輕薄熱銷電競,82折,40999,20,20,20,0,否,0.0
2026/08/31,00:00,8037995,倍潔雅,花漾柔感150抽x84包,5折,849,497,400,375,122,否,24.5
2026/08/31,00:00,14290077,American Explorer 美國探險家,30吋 上掀行李箱 TSA海關鎖 前開式 可擴充 PC材質 雙排輪 CF62 旅行箱,38折,1875,476,388,368,108,否,22.7
2026/08/31,00:00,12214847,Chic Chic 琪琪,降50/件★10入抑菌無痕內褲(多款選),42折,499,495,446,420,75,否,15.2
2026/08/31,00:00,1028644,愛之味,純濃燕麥290mlx2箱(共48入),63折,911,345,290,274,71,否,20.6
2026/08/31,00:00,11928914,舒主金,加蓋純水濕巾36包,5折,711,392,339,325,67,否,17.1
2026/08/31,00:00,13510447,卜蜂,烤雞翅4包,49折,599,509,460,449,60,否,11.8
2026/08/31,00:00,14896929,肌膚之鑰,光采無瑕妝前凝霜雙入組,54折,2299,249,204,193,56,否,22.5
2026/08/31,00:00,12273747,NIKE,OFFCOURT 運動拖鞋(男女多款),41折,750,497,461,457,40,否,8.0
2026/08/31,00:00,13304075,DV 麗彤生醫,醇耀妍plus濃萃飲x8盒(共96包),11折,1899,159,128,120,39,否,24.5
2026/08/31,00:00,13699298,鍋寶,鮮盾可微波保鮮盒6件組,3折,1111,273,244,235,38,否,13.9
2026/08/31,00:00,12996987,MARDI,經典小雛菊短T 多色任選,68折,950,318,294,285,33,否,10.4
2026/08/31,00:00,9377100,德國雙人,日式主廚刀18cm+雙面抗菌砧板,47折,999,299,272,267,32,否,10.7
2026/08/31,00:00,8143213,LG,寵物版循環空氣清淨機一代-單層,48折,12900,47,21,18,29,否,61.7
2026/08/31,00:00,14796614,追覓科技,Pocket 魔術折疊高速吹風機,31折,2699,97,74,69,28,否,28.9
2026/08/31,00:00,9061439,DR.ELSEY’S,礦砂*2入,57折,1099,399,384,376,23,否,5.8
2026/08/31,00:00,12854850,YOMIX優迷,3入組★磁吸編織收納30W快充線1M,25折,459,300,287,283,17,否,5.7
2026/08/31,00:00,15580936,日麗生,桐葉豐盈養髮液超值3入組,6折,2685,148,137,131,17,否,11.5
2026/08/31,00:00,15133282,AHC,敏肌專研純物理清透防曬棒,42折,890,149,140,133,16,否,10.7
2026/08/31,00:00,15459379,樂扣樂扣,史努比不鏽鋼吸管杯720ml,71折,1099,280,275,273,7,否,2.5
2026/08/31,00:00,14402787,石頭科技,Qrevo C Pro掃拖機器人-超值組,34折,13999,50,45,45,5,否,10.0
2026/08/31,00:00,14590065,三星,55型Neo QLED TV,79折,23900,29,27,26,3,否,10.3
2026/08/31,00:00,14890739,義大天悅,買1晚送1晚★4人家庭房,22折,4399,115,112,112,3,否,2.6
2026/08/31,00:00,12784115,WEIDER 威德益生菌 90包 三盒組(90包/盒 共270包),WEIDER 威德益生菌 90包 三盒組(90包/盒 共270包),59折,2680,120,118,118,2,否,1.7
2026/08/31,00:00,15437770,飲后,超孅飲6盒(15包/盒),38折,2980,200,200,199,1,否,0.5
2026/08/31,00:00,13352709,Kolin 歌林,四重精濾濾水壺(共1壺13芯),45折,1599,105,104,104,1,否,1.0
2026/08/31,00:00,11159057,SANSUI 山水,4-6坪戶外露營專用移動冷氣SAC700,49折,11900,30,30,30,0,否,0.0
2026/08/31,00:00,15479147,Apple,2026 iPad Air M4晶片/11吋/WiFi/256G,94折,28600,0,0,0,0,是,0.0
2026/08/31,07:00,11755930,初品果,花蓮鶴岡40年老欉文旦10斤x2箱,29折,599,268,223,193,75,否,28.0
2026/08/31,07:00,14176994,妮維雅,630淡斑煥白精華3入,42折,1899,250,211,177,73,否,29.2
2026/08/31,07:00,8938732,光泉,全脂保久乳200mlx2箱(共48入),8折,809,400,357,334,66,否,16.5
2026/08/31,07:00,15447887,OBgE,自然遮瑕素顏霜 50g,53折,599,200,179,149,51,否,25.5
2026/08/31,07:00,10101929,Logitech 羅技,Lift人體工學垂直藍牙滑鼠,79折,1990,79,63,46,33,否,41.8
2026/08/31,07:00,13092955,幫寶適,一級幫散熱拉拉褲/黏貼尿布2箱,76折,2198,500,488,471,29,否,5.8
2026/08/31,07:00,6467970,鈦安,萬用鈦砧板(大),7折,1619,145,131,122,23,否,15.9
2026/08/31,07:00,14645822,健康優見,活力B群糖衣錠10瓶+贈維他命C,16折,888,200,188,177,23,否,11.5
2026/08/31,07:00,10549396,優格,零穀貓飼料14磅,56折,1211,374,362,352,22,否,5.9
2026/08/31,07:00,13283916,掌廚,韓製鑄造不沾IH輕量深炒雙鍋組30cm,4折,1199,255,244,233,22,否,8.6
2026/08/31,07:00,9812458,MAGIC,大視界LED護眼檯燈,67折,2490,99,90,78,21,否,21.2
2026/08/31,07:00,14848566,24HRS,4件組★經典款療癒色無痕內衣,55折,1520,500,491,482,18,否,3.6
2026/08/31,07:00,13608305,IMPACT 怡寶,聯名輕量成長型護脊書包-momo限定,63折,1899,156,146,139,17,否,10.9
2026/08/31,07:00,13604418,3M,無痕高承重304不鏽鋼收納架,38折,799,300,295,285,15,否,5.0
2026/08/31,07:00,15285172,Philips 飛利浦,mo獨家HX5070音波牙刷雙入組,41折,3580,200,194,190,10,否,5.0
2026/08/31,07:00,11315456,CONVERSE,CHUCK 70 1970 低筒 男女休閒鞋 帆布鞋 (多款選),52折,1299,248,245,239,9,否,3.6
2026/08/31,07:00,11006259,禾聯,4-6坪一級變頻冷暖空調,56折,16900,20,14,13,7,否,35.0
2026/08/31,07:00,14531292,MSI 微星,27型 IPS 144Hz 平面護眼商用螢幕,9折,2888,49,47,43,6,否,12.2
2026/08/31,07:00,12321470,QSAI 久采 官方直營 膝之助 膠原蛋白粉隨身包30包 3入,QSAI 久采 官方直營 膝之助 膠原蛋白粉隨身包30包 3入,45折,2300,150,149,145,5,否,3.3
2026/08/31,07:00,15097339,好好生醫,10倍奇蹟蜂王乳3入組,53折,2699,8,5,3,5,否,62.5
2026/08/31,07:00,11198062,森歐黎漾,洗沐護加大版任選3入組,42折,2049,500,500,496,4,否,0.8
2026/08/31,07:00,15042079,NEW BALANCE,1906L_樂福鞋/復古鞋_多款任選,8折,3744,149,146,145,4,否,2.7
2026/08/31,07:00,15438703,蘭蔻,超緊顏多肽抗痕霜 50ml,44折,4110,49,47,46,3,否,6.1
2026/08/31,07:00,12212628,三星,5.1.2重低音藍牙喇叭,64折,15980,15,13,13,2,否,13.3
2026/08/31,07:00,15388571,PROJEXT,涼感防曬防潑水長寬褲 涼感褲 防曬褲 防潑水褲Xolar Cooling UV Water-Repellent Pants,84折,1580,115,114,114,1,否,0.9
2026/08/31,07:00,14974268,Apple,iPhone 17 Pro(256G/6.3吋),93折,37900,40,40,39,1,否,2.5
2026/08/31,07:00,15491298,麥當勞,10塊麥克雞塊套餐,7折,149,2,1,1,1,否,50.0
2026/08/31,07:00,8666029,Sofy蘇菲,彈力貼身衛生棉,39折,459,1,1,1,0,否,0.0
2026/08/31,07:00,15490065,青鳥旅行,16入經典蛋捲禮盒(附贈提袋),78折,599,1,1,1,0,否,0.0
2026/08/31,11:00,9563897,鮮綠生活,嚴選特大生凍白蝦后3盒,32折,999,318,261,235,83,否,26.1
2026/08/31,11:00,8986416,UCC,職人系列濾掛式咖啡6盒(共72入;8gx12入/盒;3種風味各2盒),4折,699,428,391,371,57,否,13.3
2026/08/31,11:00,11045444,滿意寶寶,寶可夢晚安褲L-XXXL,87折,1099,498,473,444,54,否,10.8
2026/08/31,11:00,15039735,陶板屋,和風洋食套餐,94折,729,484,461,436,48,否,9.9
2026/08/31,11:00,12608285,大同,10人份不鏽鋼電鍋光耀藍,7折,2740,96,72,62,34,否,35.4
2026/08/31,11:00,10889088,台酒生技,酒粕精粹青春露5入,33折,1018,297,279,268,29,否,9.8
2026/08/31,11:00,13720397,PUMA,男女運動休閒鞋 (多款選),43折,999,299,281,272,27,否,9.0
2026/08/31,11:00,10831186,pidan,混合貓砂4桶裝,46折,1199,497,483,473,24,否,4.8
2026/08/31,11:00,9735786,Persil,濃縮洗衣精2瓶+1組,6折,729,500,487,477,23,否,4.6
2026/08/31,11:00,13292653,SENNHEISER 森海塞爾,Momentum True Wireless 4 旗艦款真無線第四代,45折,4990,56,47,37,19,否,33.9
2026/08/31,11:00,4933348,壽滿趣,冷壓初榨黃金酪梨油250mlx6(可生飲/低溫冷壓),61折,1999,160,153,148,12,否,7.5
2026/08/31,11:00,14590062,三星,55型QLED智慧顯示器,66折,15900,23,3,11,12,否,52.2
2026/08/31,11:00,14009210,BRITA,愛奴娜濾水壺組(共1壺13芯),38折,2299,109,103,98,11,否,10.1
2026/08/31,11:00,12514661,美吾髮,植優復黑露400mlx2入,58折,1398,200,196,190,10,否,5.0
2026/08/31,11:00,12963341,TECO東元,綠光顯塵無線吸塵器XJ2501CB,52折,2599,100,98,91,9,否,9.0
2026/08/31,11:00,15248937,雅詩蘭黛,小棕瓶100送100ml,25折,4011,199,193,190,9,否,4.5
2026/08/31,11:00,11405847,康馳,UV全自動製冰機,49折,1990,50,47,42,8,否,16.0
2026/08/31,11:00,13657145,大研生醫,1000億益生菌粉包(30包)x4入,45折,3299,148,143,140,8,否,5.4
2026/08/31,11:00,15491767,LMG,複合金不鏽鋼炒鍋32cm含蓋,66折,799,47,40,39,8,否,17.0
2026/08/31,11:00,11373328,國際牌,255公升一級變頻冰箱,77折,16888,24,19,17,7,否,29.2
2026/08/31,11:00,14634175,Google,10 Pro XL 256G,74折,29990,20,14,13,7,否,35.0
2026/08/31,11:00,12982769,亞培,任選-葡勝納菁選糖尿病營養品-原味+纖維/香草口味 200ml x24入 x2箱(低GI、糖尿病適用 戴資穎代言)($74/罐),81折,4320,199,194,193,6,否,3.0
2026/08/31,11:00,15511804,ONEHOUSE韓匠微波專用鍋4件,ONEHOUSE韓匠微波專用鍋4件,44折,1780,8,6,5,3,否,37.5
2026/08/31,11:00,14337602,義美生醫,顧記池高濃度魚油90粒x3盒,83折,2988,110,108,108,2,否,1.8
2026/08/31,11:00,15471634,《小行星幼兒誌》20期+點讀筆3.0,《小行星幼兒誌》20期+點讀筆3.0,46折,5767,293,293,291,2,否,0.7
2026/08/31,11:00,14273318,SKR,P1小旋風電動輔助自行車(旗艦款),75折,14999,20,19,19,1,否,5.0
2026/08/31,11:00,15579406,鎮金店,網路限定 三麗鷗聯名黃金金章；多款任選,94折,3588,100,100,100,0,否,0.0
2026/08/31,11:00,10960211,HP,ST580三合一wifi連供機組★相片列印黑墨防水,76折,5990,29,29,29,0,否,0.0
2026/08/31,14:00,8865338,佳德,鳳梨酥禮盒12入x2盒,71折,999,301,206,142,159,否,52.8
2026/08/31,14:00,7177530,ALAI寢飾工場,買1送1 天絲床包枕套組,2折,799,397,349,306,91,否,22.9
2026/08/31,14:00,15179980,一匙靈,超濃縮洗衣精補充8包,71折,546,488,426,399,89,否,18.2
2026/08/31,14:00,15506419,KINYO,14吋遙控循環扇 AWAF-027,35折,699,257,224,191,66,否,25.7
2026/08/31,14:00,10628502,義美,純豬肉鬆3入,73折,619,500,471,436,64,否,12.8
2026/08/31,14:00,8038349,絲花,化妝棉買7送7經典囤貨組(絲花化妝棉13入+贈品任選1),58折,388,695,662,643,52,否,7.5
2026/08/31,14:00,14348759,星巴克,特選抹茶拿鐵4入x6盒,88折,899,348,321,303,45,否,12.9
2026/08/31,14:00,14913809,PONY,ENJOY 輕量洞洞鞋(男女多款),73折,799,399,377,362,37,否,9.3
2026/08/31,14:00,15358085,滿意寶寶,TOMICA&哆啦A夢輕巧褲L-XL(任選2箱組),57折,2176,499,485,476,23,否,4.6
2026/08/31,14:00,15285666,ADAM 亞果元素,Hub SE10 USB-C 十合一集線器,49折,888,119,107,98,21,否,17.6
2026/08/31,14:00,15463314,Berndes 寶迪,德製不沾雙炒鍋28+30(含蓋),16折,2399,16,0,0,16,是,100.0
2026/08/31,14:00,14247638,Crucial 美光,X9 1TB外接SSD,89折,3569,47,39,32,15,否,31.9
2026/08/31,14:00,14204771,Orijen,無穀鮮肉貓糧5.4kg,45折,2099,300,291,285,15,否,5.0
2026/08/31,14:00,12742602,聯碩,3-5坪一級變頻冷暖空調,53折,13900,20,0,6,14,否,70.0
2026/08/31,14:00,9929266,m2 美度,超能膠原飲8盒囤貨組(64入),37折,5080,500,493,490,10,否,2.0
2026/08/31,14:00,8512957,飛利浦,奈米級空氣清淨機-雙入組(AC0819),49折,6912,79,75,73,6,否,7.6
2026/08/31,14:00,12956830,Deseno 笛森諾,尊爵傳奇V-29吋前開式行李箱/拉鍊箱/可擴充(多色任選-建議加購專屬箱套),47折,4880,145,142,141,4,否,2.8
2026/08/31,14:00,15591156,小米,紅米Note 17 Pro Max(12G/256G),93折,14999,30,29,27,3,否,10.0
2026/08/31,14:00,15464156,赫蓮娜,植萃綠寶再生精萃50ml,68折,6500,50,49,47,3,否,6.0
2026/08/31,14:00,13878318,dyson,HT01二合一吹風直髮器(絲絨紅禮盒版),54折,8999,100,100,98,2,否,2.0
2026/08/31,14:00,15474363,Wacky WiLLY,度假風圖案短T(多款/男女),63折,949,242,240,240,2,否,0.8
2026/08/31,14:00,14737104,DELL,推薦學生★15.6吋i5輕薄文書,75折,17999,5,5,4,1,否,20.0
2026/08/31,14:00,13388210,Boscogen 百仕可,鉻護糖尿病特字號營養素240ml*48入,85折,3213,100,100,99,1,否,1.0
2026/08/31,14:00,13977808,漢堡王,買一送一★雙層火烤牛肉堡,5折,109,2,2,2,0,否,0.0
2026/08/31,18:00,8990597,倍潔雅,好韌真3層100抽x72包,53折,799,497,425,347,150,否,30.2
2026/08/31,18:00,14248688,青鳥旅行,12入經典蛋捲2盒組(附贈提袋),76折,888,496,436,377,119,否,24.0
2026/08/31,18:00,9356143,太和工房,TR55系列運動水壺700ml,67折,859,220,183,131,89,否,40.5
2026/08/31,18:00,15051259,芝初,高鈣黑芝麻粉3罐+3袋分享組,57折,1169,270,236,201,69,否,25.6
2026/08/31,18:00,6659322,果貿吳媽家水餃,嚐鮮免運任選3盒,51折,999,310,281,244,66,否,21.3
2026/08/31,18:00,15022963,Swear 思薇爾,3件組蕾絲包覆無鋼圈內衣,21折,1200,500,484,456,44,否,8.8
2026/08/31,18:00,11833395,美博士,專業隔離清爽/潤色防曬4入,36折,1999,152,137,114,38,否,25.0
2026/08/31,18:00,13913204,飛利浦,14.2L抗敏清淨除濕機-DE5306,64折,8999,80,57,42,38,否,47.5
2026/08/31,18:00,12895047,DV 麗彤生醫,Slender暢快錠二代-專利配方升級版x6瓶,16折,1399,99,84,69,30,否,30.3
2026/08/31,18:00,13442804,LUX麗仕,髮的補給洗護髮4入,47折,811,600,588,571,29,否,4.8
2026/08/31,18:00,10430817,防災多功能手搖緊急發電機照明,防災多功能手搖緊急發電機照明,43折,999,310,300,285,25,否,8.1
2026/08/31,18:00,11906090,SWAROVSKI 施華洛世奇,缺貨排隊款★璀璨水晶飾品均一價(多款選),36折,1999,78,71,54,24,否,30.8
2026/08/31,18:00,9576901,嬌蘭,皇家蜂王乳平衡油50ml,4折,2288,130,119,110,20,否,15.4
2026/08/31,18:00,11724005,ONEHOUSE五開門折疊收納箱4入,ONEHOUSE五開門折疊收納箱4入,45折,1499,200,194,186,14,否,7.0
2026/08/31,18:00,15066621,LG,65型4K智慧聯網TV,72折,20900,30,25,19,11,否,36.7
2026/08/31,18:00,14833444,mo select,智能除臭殺菌不鏽鋼感應垃圾桶(大容量30L),25折,1999,50,45,43,7,否,14.0
2026/08/31,18:00,10222857,EPSON,LW-C610藍牙標籤機★高解析度安心無毒收納推薦,85折,2990,29,23,22,7,否,24.1
2026/08/31,18:00,15459564,LEGO 樂高,獵魔女團系列72537老虎和喜鵲,7折,1899,95,90,89,6,否,6.3
2026/08/31,18:00,12842795,亞培,安素原味 HMB升級配方 237ml x 30入 x2箱(增強體力、HMB、三重優蛋白幫助增肌+護肌、任賢齊代言),82折,4250,200,199,194,6,否,3.0
2026/08/31,18:00,15577682,Samsung 三星,Galaxy Z Flip8 5G 6.9吋(12G/256G/Snapdragon 8 Elite Gen 5/1200萬畫素超廣角/AI手機),89折,34900,30,29,27,3,否,10.0
2026/08/31,18:00,15491080,UWANT,掃地僧多功能刷頭吸塵器,69折,13888,20,20,18,2,否,10.0
2026/08/31,18:00,14055209,三星,65型OLED智慧顯示器,85折,46900,21,21,20,1,否,4.8
2026/08/31,18:00,13840692,來復易,防漏安心復健褲S-XL (2箱),65折,2399,1,988,972,0,否,0.0
2026/08/31,22:00,8037995,倍潔雅,花漾柔感150抽x84包,5折,849,499,426,359,140,否,28.1
2026/08/31,22:00,8865338,佳德,鳳梨酥禮盒12入x2盒,71折,999,305,258,210,95,否,31.1
2026/08/31,22:00,10972183,Meiji 明治,任選巧克力5盒/箱(72%/86%/95%),74折,549,447,398,370,77,否,17.2
2026/08/31,22:00,13984017,風倍清,廁所芳香劑6入,41折,499,500,453,425,75,否,15.0
2026/08/31,22:00,14290077,American Explorer 美國探險家,30吋 上掀行李箱 TSA海關鎖 前開式 可擴充 PC材質 雙排輪 CF62 旅行箱,38折,1875,498,470,446,52,否,10.4
2026/08/31,22:00,14659792,台中李方艾美酒店,午餐吃到飽,72折,865,340,313,294,46,否,13.5
2026/08/31,22:00,7658602,橘子工坊,洗碗精2瓶+4補,47折,575,300,283,261,39,否,13.0
2026/08/31,22:00,12063597,LG 樂金,16公升WiFi變頻除濕機-粉紅 MD161QPK3,7折,14111,32,0,0,32,是,100.0
2026/08/31,22:00,12928073,天然保健所,極淨魚油3盒組(60顆/盒-KD Pharma頂級德國魚油.高濃度魚油),88折,2640,74,59,46,28,否,37.8
2026/08/31,22:00,15086712,凡士林,5D水感/涼感防曬乳3入,38折,459,300,286,279,21,否,7.0
2026/08/31,22:00,9223233,MYPROTEIN,濃縮乳清蛋白2.5KG(多口味可選),69折,2799,148,140,132,16,否,10.8
2026/08/31,22:00,15209759,石頭科技,Qrevo Edge2掃拖機器人,33折,19999,46,38,33,13,否,28.3
2026/08/31,22:00,14693549,NIKE 耐吉,PEGASUS小飛馬系列 越野鞋 運動鞋 ACG GTX防水 (多款選),48折,2599,142,132,129,13,否,9.2
2026/08/31,22:00,13437417,DR.WU,超逆齡肌因撫紋眼霜,5折,1600,200,191,187,13,否,6.5
2026/08/31,22:00,14038903,AVEDA,蘊活煥欣洗髮精1L #light,41折,2511,178,172,167,11,否,6.2
2026/08/31,22:00,13369259,Apple,Apple Watch SE2 GPS 40mm,73折,5799,30,25,24,6,否,20.0
2026/08/31,22:00,11300579,Lunio,Helix雙人乳膠獨立筒床墊,39折,7890,40,38,35,5,否,12.5
2026/08/31,22:00,14857772,Philips 飛利浦,FIT3202S 飛利浦電動mini橢圓機(踏步機/復健機/坐走機/超慢跑/循環機),53折,5280,40,38,36,4,否,10.0
2026/08/31,22:00,15059139,Lenovo,14吋Ultra 9 H版輕薄AI筆電,78折,32990,25,23,22,3,否,12.0
2026/08/31,22:00,15491289,麥當勞,豬肉滿福堡加蛋+冰美式,52折,58,9,7,6,3,否,33.3
2026/08/31,22:00,15641020,SIDIZ,人體工學椅,49折,6999,50,49,49,1,否,2.0
2026/08/31,22:00,14928146,夏普,457L左右開五門一級冰箱,74折,39900,50,49,49,1,否,2.0
2026/08/31,22:00,6867502,Hang Ten,9件組經典彈力男內褲_多款任選(平口褲/三角褲),51折,620,1,1,1,0,否,0.0
2026/09/01,00:00,10777034,聖萊西,金貓罐170g*24入,43折,799,996,765,712,284,否,28.5
2026/09/01,00:00,13803340,JOJOGO 揪揪購,買一送一 極薄自動輕羽傘,16折,498,605,496,424,181,否,29.9
2026/09/01,00:00,12137812,ARIEL,4D抗菌洗衣球120顆,74折,799,493,391,349,144,否,29.2
2026/09/01,00:00,12271065,滿意寶寶,VIP限定-極上呵護輕巧褲M,62折,499,365,267,238,127,否,34.8
2026/09/01,00:00,15289644,好來,超氟清新牙膏8入,41折,499,200,136,96,104,否,52.0
2026/09/01,00:00,15137218,華碩,15.6吋Core5輕薄16G,79折,19999,99,0,0,99,是,100.0
2026/09/01,00:00,9024179,甜露露,華盛頓9.5R櫻桃2kg,55折,869,497,440,406,91,否,18.3
2026/09/01,00:00,6609184,金車,CrystalValley礦沛氣泡水585mlx72入,48折,864,349,314,303,46,否,13.2
2026/09/01,00:00,14148720,Arowana 亞諾納,獨家限定★全新升級29吋小資森活箱｜上開＋對開兩用箱 大容量旅行箱,37折,1877,488,450,443,45,否,9.2
2026/09/01,00:00,10019468,朵舒,棉仔紙超厚柔150抽x84包,46折,829,500,476,458,42,否,8.4
2026/09/01,00:00,14512407,Discovery,減壓萬用機能後背包 (多款任選),25折,999,308,276,269,39,否,12.7
2026/09/01,00:00,10523447,醫強,75%酒精液 6桶(4000ml/桶 防疫清潔),33折,1499,299,272,262,37,否,12.4
2026/09/01,00:00,4908380,統一LP33,健字號益生菌膠囊*4盒,62折,2995,144,124,121,23,否,16.0
2026/09/01,00:00,8043545,虎牌,買1送1超輕量彈蓋保溫杯500ml,84折,999,300,284,277,23,否,7.7
2026/09/01,00:00,15322357,TOWN’WEAR 棠葳,休閒素色口袋涼感長褲 三款任選 (女下身/女下著/素色/腰頭彈性/直筒褲/M-2L),58折,580,91,80,69,22,否,24.2
2026/09/01,00:00,9316878,京城之霜,60植萃全能乳任選4入,29折,2990,100,88,83,17,否,17.0
2026/09/01,00:00,15616559,瑞康屋,雙耳淺燉鍋24cm,52折,1999,49,37,33,16,否,32.7
2026/09/01,00:00,7679325,船井burner倍熱,極纖錠獨家增量版4盒+夜孅2袋,27折,4499,70,61,55,15,否,21.4
2026/09/01,00:00,11999886,資生堂國際櫃,百優乳霜125送126ml★加贈200mo,42折,5260,344,334,330,14,否,4.1
2026/09/01,00:00,13750528,Olitalia 奧利塔,純橄欖油禮盒組6+1瓶,73折,2928,119,109,105,14,否,11.8
2026/09/01,00:00,11112095,TRYALL,momo獨家獨規品 素食友好(台灣 Tryall) 分離大豆蛋白 1kg/袋*3(1kg/袋),7折,1899,200,193,189,11,否,5.5
2026/09/01,00:00,8143213,LG,寵物版循環空氣清淨機一代-單層,48折,12900,48,39,38,10,否,20.8
2026/09/01,00:00,15208770,ASUS 華碩,32型 QD-OLED 4K 240Hz 電競螢幕,92折,18388,30,20,20,10,否,33.3
2026/09/01,00:00,11593256,日立,4-5坪一級變頻冷暖空調,77折,23590,10,1,1,9,否,90.0
2026/09/01,00:00,11301510,SK-II,青春露330ml*2,52折,9499,100,95,93,7,否,7.0
2026/09/01,00:00,15609159,麥當勞,豬肉滿福堡+薯餅,66折,58,9,6,4,5,否,55.6
2026/09/01,00:00,11105043,GJS 金敬順黃金9999金條 元寶 金豆 多選款(金重:1.00錢),GJS 金敬順黃金9999金條 元寶 金豆 多選款(金重:1.00錢),95折,19088,150,146,145,5,否,3.3
2026/09/01,00:00,14752389,Marshall,Stockwell II攜帶式藍牙喇叭 公司貨(古銅黑),62折,4999,60,57,55,5,否,8.3
2026/09/01,00:00,15119015,樂敦,V游離型葉黃素複方軟膠囊 120粒*2入,72折,2599,126,121,121,5,否,4.0
2026/09/01,00:00,12787366,BRITA,5重龍濾水器組(共1機4芯),53折,4980,60,58,55,5,否,8.3
2026/09/01,00:00,14480853,蘭城晶英酒店,2大3小精緻客房含早,53折,8999,53,48,48,5,否,9.4
2026/09/01,00:00,14590061,三星,65型Neo QLED顯示器,65折,32900,25,23,23,2,否,8.0
2026/09/01,00:00,15479611,Apple,2025 iPad 11 A16/11吋/WiFi/256G,91折,17556,29,28,28,1,否,3.4
2026/09/01,00:00,15143552,ASUS,i7十核RTX5050電競★升32G,82折,42888,20,19,19,1,否,5.0
2026/09/01,00:00,15591177,小米,紅米 Note 17 Pro Max(8G/512G),94折,15999,27,26,26,1,否,3.7
2026/09/01,00:00,12760307,日立,313L一級變頻冰箱,87折,23100,30,30,30,0,否,0.0
2026/09/01,00:00,15302917,HP 惠普,14吋 Ultra 5 322翻轉觸控,83折,41900,15,15,15,0,否,0.0
2026/09/01,07:00,12137812,ARIEL,4D抗菌洗衣球120顆,74折,799,498,395,295,203,否,40.8
2026/09/01,07:00,8388541,善存,黃素軟膠囊4+1盒組,53折,2141,200,92,70,130,否,65.0
2026/09/01,07:00,8133411,大研生醫,德國頂級魚油3入組,36折,2450,146,102,65,81,否,55.5
2026/09/01,07:00,14175117,法國皇家,泌尿保健貓糧10kg,68折,2899,499,466,432,67,否,13.4
2026/09/01,07:00,6609184,金車,CrystalValley礦沛氣泡水585mlx72入,48折,864,350,322,288,62,否,17.7
2026/09/01,07:00,15571493,IGD 英格麗,百搭造型/素面上衣(任選),12折,318,630,604,574,56,否,8.9
2026/09/01,07:00,13344415,Oral-B 歐樂B,iO2 微磁電動牙刷+刷頭二入,49折,1990,95,66,43,52,否,54.7
2026/09/01,07:00,14022093,CROSS,xZENDAR開學禮物 新品到★頂級小牛皮質感皮夾 長短夾 皮帶 零錢包(附禮盒提袋 男女中性款),0.5折,1669,199,172,147,52,否,26.1
2026/09/01,07:00,10950080,台酒生技,黑酵母酒粕青春露5入,28折,1288,249,221,201,48,否,19.3
2026/09/01,07:00,12627856,露得清,A醇乳霜50g-2入組,7折,1349,300,276,254,46,否,15.3
2026/09/01,07:00,12922480,萬歲牌,天天堅果隨手包系列2件組(共44包),77折,1068,300,283,261,39,否,13.0
2026/09/01,07:00,14032453,Panasonic 國際牌,12公升雙變頻智能除濕機★獨家奶茶色,6折,11999,30,10,0,30,是,100.0
2026/09/01,07:00,14969190,Fuwaly,日系可愛給皂機,59折,999,200,186,172,28,否,14.0
2026/09/01,07:00,15050983,野人舒食,舒肥雞胸30入,44折,1599,197,183,170,27,否,13.7
2026/09/01,07:00,15056655,FILA,#韓韶禧代言款 男女休閒鞋 運動鞋 (多款選),42折,1299,170,157,147,23,否,13.5
2026/09/01,07:00,11455866,Logitech 羅技,MX Anywhere 3S無線藍牙行動滑鼠,76折,2290,78,71,59,19,否,24.4
2026/09/01,07:00,13224566,m2 美度,超能膠原飲/晚安飲 任選1箱(100包),43折,7580,499,491,483,16,否,3.2
2026/09/01,07:00,8143213,LG,寵物版循環空氣清淨機一代-單層,48折,12900,50,46,35,15,否,30.0
2026/09/01,07:00,13705808,迪朗奇,22.110全自動義式咖啡機,4折,14900,50,42,35,15,否,30.0
2026/09/01,07:00,7851424,MarCella 瑪榭,7件組★無縫抗菌內褲-薄感中高腰,56折,1111,500,489,488,12,否,2.4
2026/09/01,07:00,15101343,Tefal 特福,法製精悍炒鍋28cm,61折,3599,90,86,79,11,否,12.2
2026/09/01,07:00,15137218,華碩,15.6吋Core5輕薄16G,79折,19999,10,0,0,10,是,100.0
2026/09/01,07:00,12177159,FL 生活+,折疊掀蓋收納箱4入組,37折,2399,150,147,141,9,否,6.0
2026/09/01,07:00,15479611,Apple,2025 iPad 11 A16/11吋/WiFi/256G,91折,17556,30,26,22,8,否,26.7
2026/09/01,07:00,11999886,資生堂國際櫃,百優乳霜125送126ml★加贈200mo,42折,5260,350,346,343,7,否,2.0
2026/09/01,07:00,11301510,SK-II,青春露330ml*2,52折,9499,100,96,93,7,否,7.0
2026/09/01,07:00,11663033,dyson,V12 TC強勁輕量智慧無線吸塵器(雙主吸頭),71折,17900,40,37,33,7,否,17.5
2026/09/01,07:00,15506025,華碩,Ultra 5輕薄16G/OLED,92折,34999,50,46,45,5,否,10.0
2026/09/01,07:00,15552066,IPSA,流金保濕美膚水e雙入★加贈50mo,57折,2790,250,245,245,5,否,2.0
2026/09/01,07:00,15609159,麥當勞,豬肉滿福堡+薯餅,66折,58,9,6,4,5,否,55.6
2026/09/01,07:00,15572680,LEGO 樂高,科技系列42232巔峰超跑,81折,12999,16,13,12,4,否,25.0
2026/09/01,07:00,15444781,桂格完膳,穩勝營養素30包,95折,950,32,29,29,3,否,9.4
2026/09/01,07:00,14817136,山水,5.1.2劇院聲霸,59折,12800,25,23,23,2,否,8.0
2026/09/01,07:00,13481994,ASUS 華碩,WiFi 7 雙頻 BE5000 Mesh 路由器/分享器 ZENWIFI BD5(雙入),91折,5488,28,28,27,1,否,3.6
2026/09/01,07:00,10777034,聖萊西,金貓罐170g*24入,43折,799,1,892,792,0,否,0.0
2026/09/01,07:00,11236766,Kotex 靠得住,草本/蔓越莓抑菌/好菌Plus+衛生棉 (17.5-35cm),24折,599,1,1,1,0,否,0.0
2026/09/01,11:00,13803340,JOJOGO 揪揪購,買一送一 極薄自動輕羽傘,16折,498,619,528,464,155,否,25.0
2026/09/01,11:00,8532502,cama cafe,尋豆師精選咖啡豆3包任選組(454g/包;風味任選),78折,888,338,292,245,93,否,27.5
2026/09/01,11:00,13566400,超凝小姐,豆腐貓砂*6入,53折,799,498,448,406,92,否,18.5
2026/09/01,11:00,14038302,Medimix,印度美肌皂30入,12折,839,355,311,287,68,否,19.2
2026/09/01,11:00,15307428,Owala,彈蓋+可拆式吸管運動水壺740ml,66折,599,58,0,0,58,是,100.0
2026/09/01,11:00,14897113,Pringles 品客,任選洋芋片12入組,55折,529,597,571,544,53,否,8.9
2026/09/01,11:00,12849559,YOMIX 優迷,65W氮化鎵PD三孔快充充電頭,38折,499,300,272,250,50,否,16.7
2026/09/01,11:00,14928291,好自在,無痕早安/奢柔褲36片/安睡褲48片,62折,999,498,467,451,47,否,9.4
2026/09/01,11:00,14921074,華碩,15.6吋Core 7輕薄16G,86折,24999,44,11,0,44,是,100.0
2026/09/01,11:00,8372350,挺立,關鍵迷你錠4+1盒組,6折,2998,200,176,160,40,否,20.0
2026/09/01,11:00,14991665,NEW BALANCE,530系列_復古運動鞋_多款任選,61折,1899,197,174,164,33,否,16.8
2026/09/01,11:00,15586764,Branden,momo搶先開賣★安心Daily防盜後背包,89折,2519,195,179,164,31,否,15.9
2026/09/01,11:00,15164655,COVERNAT,Logo涼感棉短袖(多款任選),54折,699,400,392,370,30,否,7.5
2026/09/01,11:00,14629555,好奇,小森林尿布4箱 (好眠褲/好動褲/黏貼型),81折,5552,613,601,588,25,否,4.1
2026/09/01,11:00,15520609,東妮寢飾,100%精梳棉兩用被床包枕套組,25折,1999,69,60,54,15,否,21.7
2026/09/01,11:00,15550391,台糖安心豚,精選烤肉5件組,51折,979,320,312,306,14,否,4.4
2026/09/01,11:00,14119999,ASUS 華碩,27型 2K 210Hz電競螢幕,93折,4018,20,15,7,13,否,65.0
2026/09/01,11:00,14285929,Shark,LC351自動集塵無線吸塵器,77折,12999,50,41,40,10,否,20.0
2026/09/01,11:00,15422941,蘭蔻,超極限肌因撫紋抗皺筆20ml,7折,2950,100,96,90,10,否,10.0
2026/09/01,11:00,10877396,國際牌,高滲透奈米水離子吹風機-NA0J深藍,68折,7490,79,72,72,7,否,8.9
2026/09/01,11:00,11028885,東元,4-5坪一級變頻冷暖,66折,17900,20,14,13,7,否,35.0
2026/09/01,11:00,15505961,NEOFLAM,陶瓷雙鍋組-30炒鍋含蓋+28平底鍋,17折,1499,500,498,493,7,否,1.4
2026/09/01,11:00,14357285,益富,益力壯超給力237ml*24入,89折,1750,180,177,177,3,否,1.7
2026/09/01,11:00,13635230,momoBOOK彩色閱讀器+360天月租包(4選1)+保護套黑,momoBOOK彩色閱讀器+360天月租包(4選1)+保護套黑,53折,5500,554,552,552,2,否,0.4
2026/09/01,11:00,14666631,未來美,PDRN精華60ml組,46折,2299,135,134,133,2,否,1.5
2026/09/01,11:00,15467863,善存,我的每日營養2入組,85折,1494,200,199,199,1,否,0.5
2026/09/01,11:00,15134110,ASUS,Core 5八核文書16G★螢幕超值組,89折,27888,20,19,19,1,否,5.0
2026/09/01,11:00,13994054,iRobot,新機!115 Combo掃拖機,69折,6999,0,73,65,0,否,0.0
2026/09/01,11:00,13671193,tokuyo,Mini玩美椅3+按摩椅,52折,20999,40,40,40,0,否,0.0
2026/09/01,11:00,15633787,必勝客,13吋大比薩+9吋小比薩,26折,299,1,1,948,0,否,0.0
2026/09/01,11:00,14886480,OPPO,Find X9 (12G/256G),68折,19990,30,30,30,0,否,0.0
2026/09/01,14:00,14920754,髮的食譜,洗護髮3入組★全新上市,58折,749,598,553,518,80,否,13.4
2026/09/01,14:00,11150640,好奇,純水濕巾30包,65折,1029,396,365,318,78,否,19.7
2026/09/01,14:00,15097603,蘭諾,衣物芳香豆補充4入,5折,999,499,455,427,72,否,14.4
2026/09/01,14:00,11177740,真豐巢,100%台灣純蜂蜜3kg,57折,799,373,333,307,66,否,17.7
2026/09/01,14:00,12012282,西莎,犬餐盒100g*48入,59折,1239,425,393,375,50,否,11.8
2026/09/01,14:00,9258336,雅漾,活泉水噴霧5入,42折,1388,399,373,356,43,否,10.8
2026/09/01,14:00,13799375,Simply 新普利,超級夜酵素DX 100顆(x2盒),36折,4099,500,473,461,39,否,7.8
2026/09/01,14:00,14169348,台北晶華酒店,流心千層酥禮盒x2盒,76折,1299,206,177,175,31,否,15.0
2026/09/01,14:00,8290101,Queen Chef,韓國不沾三鍋四件組,18折,899,302,278,271,31,否,10.3
2026/09/01,14:00,7543952,IRIS,木質天板五層收納櫃,48折,1999,109,89,81,28,否,25.7
2026/09/01,14:00,13798026,FitFlop,雙帶/亮片後帶厚底/扣環金屬皮革涼鞋(多款任選),53折,1999,74,64,52,22,否,29.7
2026/09/01,14:00,15415933,契爾氏,冰河醣蛋白保濕霜2入,36折,2210,37,26,19,18,否,48.6
2026/09/01,14:00,14817532,寶齡富錦,鎂舒眠EX螯合鎂5入組,35折,2999,101,89,84,17,否,16.8
2026/09/01,14:00,14292095,Samsonite 新秀麗,28吋 FLATFORM 前開式/上掀式一鍵煞車可擴充大容量PC輕量行李箱(多色可選),6折,8880,50,44,33,17,否,34.0
2026/09/01,14:00,8908864,善存,3效順暢益生菌粉末 4+1盒組,64折,2887,196,186,179,17,否,8.7
2026/09/01,14:00,15624697,SKECHERS,舒適瞬穿科技休閒運動鞋 (多款選),52折,1790,149,139,134,15,否,10.1
2026/09/01,14:00,13780222,石頭科技,Q8掃拖機器人,26折,4499,48,39,33,15,否,31.2
2026/09/01,14:00,10127561,HomeRun 霍曼,寵物烘乾箱50L,54折,6580,38,28,25,13,否,34.2
2026/09/01,14:00,8013804,飛利浦,全自動義式咖啡機EP2220,28折,9999,100,96,90,10,否,10.0
2026/09/01,14:00,15307997,華碩,Ryzen7電競RTX4050,86折,37999,49,42,40,9,否,18.4
2026/09/01,14:00,15452508,饗食天堂,平日晚餐/假日午餐券4張,98折,4458,57,51,48,9,否,15.8
2026/09/01,14:00,15113704,TIKO,金盞花葉黃素植物膠囊2盒組,29折,1580,190,185,185,5,否,2.6
2026/09/01,14:00,12836521,日立,7-9坪一級變頻冷暖空調,74折,34590,8,4,4,4,否,50.0
2026/09/01,14:00,14208908,Le Creuset,Gourmand專業迷你鑄鐵鍋具3入組,33折,3999,400,397,396,4,否,1.0
2026/09/01,14:00,15317785,TOZO,VIZO Z1 PRO AR智慧眼鏡,6折,13900,15,14,12,3,否,20.0
2026/09/01,14:00,15292546,藥師健生活,400IU 維生素D3 3盒,78折,2014,200,200,199,1,否,0.5
2026/09/01,14:00,15143552,ASUS,i7十核RTX5050電競★升32G,82折,42888,19,18,18,1,否,5.3
2026/09/01,14:00,13582591,PENTAX,WG-1000 工業級 防水相機(公司貨),85折,8490,15,14,14,1,否,6.7
2026/09/01,14:00,11593256,日立,4-5坪一級變頻冷暖空調,77折,23590,10,10,10,0,否,0.0
2026/09/01,18:00,6797665,宜蘭神農包子,經典包子30顆+6小顆,75折,675,499,447,385,114,否,22.8
2026/09/01,18:00,14434857,摩洛哥優油買100送200ml,摩洛哥優油買100送200ml,34折,1811,199,171,113,86,否,43.2
2026/09/01,18:00,12855305,綠的寢飾,買一送一天絲床包枕套組or涼被,2折,799,380,353,316,64,否,16.8
2026/09/01,18:00,8746360,KLIM 克寧,全家三倍鈣營養奶粉2.2kgx2罐,71折,968,320,294,262,58,否,18.1
2026/09/01,18:00,9735781,Persil,深層酵解濃縮洗衣精6包,49折,949,498,464,441,57,否,11.4
2026/09/01,18:00,6609184,金車,CrystalValley礦沛氣泡水585mlx72入,48折,864,350,333,301,49,否,14.0
2026/09/01,18:00,15106212,STANLEY,官方直營 輕滑速吸水壺0.59L,92折,1180,260,246,228,32,否,12.3
2026/09/01,18:00,14107740,幫寶適,一級幫散熱拉拉褲/黏貼尿布5箱,74折,5295,499,486,472,27,否,5.4
2026/09/01,18:00,7695326,包大人,輕舒超薄褲/活力隱形褲/防漏安心褲,43折,999,998,989,972,26,否,2.6
2026/09/01,18:00,13506797,歐姬兒,升級版凍齡蜂王乳凝露EX6入,36折,4622,69,56,50,19,否,27.5
2026/09/01,18:00,14877884,KIPLING,猴猴包超大牌限量款先搶★大容量後背包 牛角包 輕巧實用旅行收納 手提包 側/肩/斜背包(58款選),36折,1999,198,188,180,18,否,9.1
2026/09/01,18:00,15290165,PP 石墨烯,石墨烯粒線修復內衣3件,3折,3699,611,608,600,11,否,1.8
2026/09/01,18:00,15081559,SEAGATE 希捷,新黑鑽12TB外接硬碟,85折,11999,50,39,39,11,否,22.0
2026/09/01,18:00,13523463,BH,G33 Any Go輕步緩坡機(入門爬坡機/平板跑步機/健走機/慢走機/超慢跑/走步機/走路機),38折,9999,29,22,18,11,否,37.9
2026/09/01,18:00,11215702,杏輝醫藥,蓉憶記膠囊 國家健康食品 5入組 (共150粒),58折,9850,40,34,29,11,否,27.5
2026/09/01,18:00,15361283,傢俱工場,機能床片+抽屜床底,26折,6880,20,12,9,11,否,55.0
2026/09/01,18:00,10977760,COACH,斜背包/肩背包/後背包/兩用包(多款),98折,6888,38,34,29,9,否,23.7
2026/09/01,18:00,15143441,科沃斯,獨家T90 PRO滾筒掃拖機器人,32折,17999,50,43,41,9,否,18.0
2026/09/01,18:00,12622746,法之羽,日本豐盈養髮液2入組,49折,3480,100,97,92,8,否,8.0
2026/09/01,18:00,13123937,國際牌,65型4K聯網TV,81折,21900,28,27,21,7,否,25.0
2026/09/01,18:00,12842795,亞培,安素原味 HMB升級配方 237ml x 30入 x2箱(增強體力、HMB、三重優蛋白幫助增肌+護肌、任賢齊代言),85折,4376,200,196,194,6,否,3.0
2026/09/01,18:00,14742737,3M,AQUA-PURE 淨熱一體觸控式櫥下熱飲機 HPURE-15G(附標準安裝),83折,31900,41,38,36,5,否,12.2
2026/09/01,18:00,12270439,輝葉良品,天胡一號 電動麻將桌HYG-W01_摺疊款全配版,69折,21888,34,30,30,4,否,11.8
2026/09/01,18:00,13702905,mo select,台灣製極厚316不鏽鋼調理鍋3鍋6件組,29折,1099,103,118,100,3,否,2.9
2026/09/01,18:00,15511112,Samsung 三星,Galaxy Z Flip8 5G 6.9吋(12G/512G/Snapdragon 8 Elite Gen 5/1200萬畫素超廣角/AI手機),88折,39900,11,9,10,1,否,9.1
2026/09/01,18:00,14921076,華碩,14吋Core 7輕薄16G,95折,23999,50,85,80,0,否,0.0
2026/09/01,22:00,15297386,火星猴子,曲奇系列2盒組(附贈提袋),68折,888,327,288,242,85,否,26.0
2026/09/01,22:00,8037995,倍潔雅,花漾柔感150抽x84包,5折,849,117,71,36,81,否,69.2
2026/09/01,22:00,5494406,克潮靈,集水袋除濕盒補充包36入(款式任選),63折,599,297,247,219,78,否,26.3
2026/09/01,22:00,13151510,AHC,超能玻尿酸肌亮保濕機能水,44折,999,310,274,251,59,否,19.0
2026/09/01,22:00,15457201,THE VEGAN 樂維根,經典植物優蛋白 2入組 1KG/袋,6折,1299,499,475,462,37,否,7.4
2026/09/01,22:00,14991091,CIAO,囤貨組-啾嚕肉泥24包,62折,869,119,98,90,29,否,24.4
2026/09/01,22:00,14032453,Panasonic 國際牌,12公升雙變頻智能除濕機★獨家奶茶色,6折,11999,25,16,0,25,是,100.0
2026/09/01,22:00,11148627,QIDINA,6入-MIT親膚吸濕排汗舒適透氣除臭男內褲-1UF(男生內褲 四角褲 居家褲 男性內褲 內衣褲),37折,749,522,505,498,24,否,4.6
2026/09/01,22:00,7681245,LOHAS,天絲零負擔記憶床墊加厚10公分-單人,54折,1911,158,141,135,23,否,14.6
2026/09/01,22:00,10227181,鍋寶,316不鏽鋼深炒鍋30cm-含蓋,34折,1199,214,201,192,22,否,10.3
2026/09/01,22:00,14046571,台隆手創館,瑟夫貝爾 極速涼感風扇背心-新款 冷風背心 涼感衣 空調服 (父親節禮物),91折,990,125,111,104,21,否,16.8
2026/09/01,22:00,13806294,飛利浦,全自動義式咖啡機EP1221,52折,8911,99,84,79,20,否,20.2
2026/09/01,22:00,14921074,華碩,15.6吋Core 7輕薄16G,86折,24999,79,69,62,17,否,21.5
2026/09/01,22:00,10536422,QUAKER 桂格,無糖養氣人蔘 72入,73折,3185,79,68,64,15,否,19.0
2026/09/01,22:00,9917329,LG,13KG蒸洗脫滾筒,64折,19900,45,35,31,14,否,31.1
2026/09/01,22:00,9305945,NARS,裸光蜜粉餅★贈100mo+好禮3選1,7折,1650,250,243,237,13,否,5.2
2026/09/01,22:00,8462055,NIKE,全白AIR FORCE 1'07經典休閒鞋,69折,2499,200,193,188,12,否,6.0
2026/09/01,22:00,15586764,Branden,momo搶先開賣★安心Daily防盜後背包,89折,2519,200,196,189,11,否,5.5
2026/09/01,22:00,15535333,石頭科技,Qrevo 2 Pro掃拖機器人,42折,16999,46,39,37,9,否,19.6
2026/09/01,22:00,14169450,華碩,16吋i5HX版滿血RTX5060,92折,47999,99,94,91,8,否,8.1
2026/09/01,22:00,14292095,Samsonite 新秀麗,28吋 FLATFORM 前開式/上掀式一鍵煞車可擴充大容量PC輕量行李箱(多色可選),6折,8880,50,45,43,7,否,14.0
2026/09/01,22:00,14041431,美吾髮,髮本對策強健芯生養髮液2入,5折,1099,213,211,207,6,否,2.8
2026/09/01,22:00,13427532,Apple,AirPods 4,84折,4190,47,44,43,4,否,8.5
2026/09/01,22:00,11999886,資生堂國際櫃,百優乳霜125送126ml★加贈200mo,42折,5260,350,350,347,3,否,0.9
2026/09/01,22:00,12967110,老協珍,熬雞精60入+Kitty摺疊旅行袋,67折,6480,40,38,37,3,否,7.5
2026/09/01,22:00,15631779,大阪自由行五日,樂桃+飯店近地鐵,63折,13999,35,35,33,2,否,5.7
2026/09/01,22:00,15632001,Style,Chair PMC健康護脊電腦椅,68折,16999,11,10,9,2,否,18.2
2026/09/01,22:00,11563032,華碩平台,RTX 5060電競機(i5-14400F/16G/1TB),86折,36490,18,17,17,1,否,5.6
2026/09/01,22:00,12977526,ASUS 華碩,WiFi 7 雙頻 7200Mbps AiMesh 雙10G埠 電競 路由器/分享器(RT-BE88U),88折,8888,17,17,16,1,否,5.9
2026/09/02,00:00,14951759,理膚寶水,MELA B3淡斑精華,34折,3614,350,271,246,104,否,29.7
2026/09/02,00:00,10116136,倍潔雅,舒感柔韌150抽x70包,52折,709,406,331,305,101,否,24.9
2026/09/02,00:00,11849720,CeraVe,長效保濕乳直降2入組,63折,891,350,279,253,97,否,27.7
2026/09/02,00:00,11849722,CeraVe,水楊酸潔膚露2入組,66折,934,348,288,273,75,否,21.6
2026/09/02,00:00,13539088,上山採藥,台灣茶沐浴乳4入,41折,499,600,562,543,57,否,9.5
2026/09/02,00:00,6970905,優鮮配,挪威3L厚片薄鹽鯖魚20片,55折,1650,199,179,145,54,否,27.1
2026/09/02,00:00,7370888,寢室安居,買1送1護理級加厚防水床包保潔墊,18折,599,458,429,405,53,否,11.6
2026/09/02,00:00,15247254,JKKWATER,日本名水13℃礦泉水500mlx48入,32折,699,427,394,384,43,否,10.1
2026/09/02,00:00,7206654,SunFlower 三花,3件組五片式針織平口褲(純棉男四角內褲 四角褲 男內褲 多色任選),77折,747,707,676,666,41,否,5.8
2026/09/02,00:00,12984109,ARIEL,抗菌除臭洗衣精補充8包,78折,859,500,473,461,39,否,7.8
2026/09/02,00:00,8596843,AVEDA,純香/迷迭薄荷洗髮精 1L,4折,1129,250,226,211,39,否,15.6
2026/09/02,00:00,13394820,瑞康屋,鈦合金不沾鍋28CM,45折,1999,57,25,19,38,否,66.7
2026/09/02,00:00,13634155,OXO,蔬菜脫水器6L/POP長方3件組/不傷鍋矽膠3件組/備料2件組(4選1),4折,999,200,180,163,37,否,18.5
2026/09/02,00:00,15643667,理膚寶水,UVAIR空氣感防曬,52折,1353,350,328,314,36,否,10.3
2026/09/02,00:00,15595652,PUMA,休閒慢跑運動鞋 (多款選),37折,890,292,268,257,35,否,12.0
2026/09/02,00:00,12312254,PX 大通,1開6插+2A1C防火防雷突波延長線1.2M,37折,488,200,175,170,30,否,15.0
2026/09/02,00:00,5517245,貝恩,嬰兒柔濕巾24包,53折,1329,395,374,370,25,否,6.3
2026/09/02,00:00,15034893,Whirlpool 惠而浦,12公升極薄清淨除濕機 WDEE1200TW,73折,7690,50,34,31,19,否,38.0
2026/09/02,00:00,9726291,COACH,大C PVC/皮革/卡夾/零錢包/大型手拿包(多款),94折,1888,97,85,80,17,否,17.5
2026/09/02,00:00,13899477,Emilio Valentino 范倫鐵諾,男裝 男上衣 polo衫 男/透氣舒適/口袋/棉質親膚/男/短袖/休閒/禮物(多款),16折,688,250,241,235,15,否,6.0
2026/09/02,00:00,12742602,聯碩,3-5坪一級變頻冷暖空調,53折,13900,18,7,5,13,否,72.2
2026/09/02,00:00,12188529,正官庄,高麗蔘葉黃素飲 (60mlx21入/盒),69折,1280,250,249,238,12,否,4.8
2026/09/02,00:00,13878536,良和珠寶黃金金豆 造型金豆(金重:0.27錢±0.01),良和珠寶黃金金豆 造型金豆(金重:0.27錢±0.01),85折,5388,80,70,68,12,否,15.0
2026/09/02,00:00,15542980,石頭科技,F25 Ultra Steam Gen2臂蒸之帝洗地機,44折,17999,50,41,38,12,否,24.0
2026/09/02,00:00,7704454,紐頓,T22/T24無穀貓飼料5.4kg,53折,1849,298,287,286,12,否,4.0
2026/09/02,00:00,15437770,飲后,超孅飲6盒(15包/盒),37折,2880,200,195,190,10,否,5.0
2026/09/02,00:00,14944494,Move Free 益節,UC-II加強型迷你錠6瓶(共180錠),55折,3999,194,190,186,8,否,4.1
2026/09/02,00:00,15583502,老爺酒店集團,3張套組★聯合住宿券,88折,9899,49,44,43,6,否,12.2
2026/09/02,00:00,14850929,BenQ,27型 2K 200Hz護眼螢幕,79折,5588,30,27,25,5,否,16.7
2026/09/02,00:00,14921074,華碩,15.6吋Core 7輕薄16G,86折,24999,100,98,97,3,否,3.0
2026/09/02,00:00,15346062,樂高,F1賽車42240,66折,5299,143,140,140,3,否,2.1
2026/09/02,00:00,15478183,Apple,2026 iPad Air M4晶片/11吋/WiFi/128G,92折,23666,30,27,27,3,否,10.0
2026/09/02,00:00,13229603,dyson,V8 SV25強勁無線吸塵器(經典熱銷款),53折,8990,150,148,148,2,否,1.3
2026/09/02,00:00,10606705,營養師輕食,1000EPA魚油 5入組(一入60顆),52折,5999,100,100,98,2,否,2.0
2026/09/02,00:00,15633791,星巴克,大杯那堤(兌換冰熱任選),75折,105,2,778,1,1,否,50.0
2026/09/02,00:00,11575124,達摩本草,專利山苦瓜胜月太6入(共540顆),41折,4950,80,79,79,1,否,1.2
2026/09/02,00:00,14055187,三星,55型OLED智慧顯示器,72折,36900,40,40,40,0,否,0.0
2026/09/02,07:00,13878536,良和珠寶黃金金豆 造型金豆(金重:0.27錢±0.01),良和珠寶黃金金豆 造型金豆(金重:0.27錢±0.01),85折,5388,68,,0,68,是,100.0
2026/09/02,11:00,11849720,CeraVe,長效保濕乳直降2入組,63折,891,346,269,174,172,否,49.7
2026/09/02,11:00,11041099,KIRIN 麒麟,生茶525mlx24入/箱,71折,666,498,459,424,74,否,14.9
2026/09/02,11:00,13110743,大成,獨享牛肉湯10包,35折,811,368,338,306,62,否,16.8
2026/09/02,11:00,6342134,三好米,台東關山好米9Kg(脫氧包裝),83折,549,550,528,491,59,否,10.7
2026/09/02,11:00,12694615,伊萊克斯,5公升觸控式氣炸鍋(E6AF1-520K),28折,1688,199,177,155,44,否,22.1
2026/09/02,11:00,5642941,橘子工坊,制菌洗衣精6包,52折,999,500,479,457,43,否,8.6
2026/09/02,11:00,8519077,康定,植萃酵素洗髮精２入組,72折,1150,260,241,221,39,否,15.0
2026/09/02,11:00,12863743,JVC,65型4K連網TV,49折,14988,38,15,12,26,否,68.4
2026/09/02,11:00,15331327,BRITA,純淨全效型6芯-歐洲製,59折,1183,150,140,124,26,否,17.3
2026/09/02,11:00,12608285,大同,10人份不鏽鋼電鍋-光耀藍,7折,2740,99,87,77,22,否,22.2
2026/09/02,11:00,15357287,LATIB,橄欖油膠囊檸檬飲28入,63折,2299,131,115,110,21,否,16.0
2026/09/02,11:00,15259569,藍鑽,除臭貓砂 8.5kg*2入,72折,1299,200,187,179,21,否,10.5
2026/09/02,11:00,8042846,杏輝,極速美白淡斑精華6入,0.5折,911,350,341,331,19,否,5.4
2026/09/02,11:00,15110436,10層樓的樟樹公寓：幫助孩子培養良好人際關係繪本(共五冊),10層樓的樟樹公寓：幫助孩子培養良好人際關係繪本(共五冊),55折,903,18,16,0,18,是,100.0
2026/09/02,11:00,11071919,百靈油,100ML*2+滾珠空瓶*1共200ML,91折,3311,242,231,227,15,否,6.2
2026/09/02,11:00,14921074,華碩,15.6吋Core 7輕薄16G,86折,24999,100,91,86,14,否,14.0
2026/09/02,11:00,14383417,Logitech 羅技,ALTO KEYS K98M機械式鍵盤,88折,2390,77,69,65,12,否,15.6
2026/09/02,11:00,9305945,NARS,裸光小白餅★星辰粉領先全台上市,82折,1650,150,145,139,11,否,7.3
2026/09/02,11:00,15101901,Philips 飛利浦,HX5191護齦音波牙刷,51折,2880,200,193,192,8,否,4.0
2026/09/02,11:00,14343865,德國雙人,黑曜不沾鍋28cm薄荷綠+小矽膠鏟,57折,2999,110,107,104,6,否,5.5
2026/09/02,11:00,14862166,修麗可,AGE緊緻精華禮盒,9折,4671,176,172,171,5,否,2.8
2026/09/02,11:00,15415065,Brille Brille,UPF50+兒童防曬帽,75折,670,200,197,196,4,否,2.0
2026/09/02,11:00,15403376,COVERNAT,31L大容量後背包(SOOBIN同款/多款/多色),74折,2599,62,62,58,4,否,6.5
2026/09/02,11:00,15090962,Samsung 三星,Galaxy A57 12/256G,73折,14990,30,28,26,4,否,13.3
2026/09/02,11:00,15533255,青鳥家居,奶蓋冰冰涼感系列 -任選,23折,899,260,256,256,4,否,1.5
2026/09/02,11:00,13878536,良和珠寶黃金金豆 造型金豆(金重:0.27錢±0.01),良和珠寶黃金金豆 造型金豆(金重:0.27錢±0.01),85折,5388,80,80,76,4,否,5.0
2026/09/02,11:00,15253180,URUHIMEMOMOKO 潤姬桃子,潤姬桃子30入x3盒,96折,2784,200,199,198,2,否,1.0
2026/09/02,11:00,8666029,Sofy蘇菲,彈力貼身衛生棉,39折,459,1,1,1,0,否,0.0
2026/09/02,11:00,15633791,星巴克,大杯那堤(兌換冰熱任選),75折,105,2,1,656,0,否,0.0
2026/09/02,14:00,14905461,理膚寶水,極效B5彈潤超修復精華,33折,3016,350,290,223,127,否,36.3
2026/09/02,14:00,14298709,STARBUCKS 星巴克,秋季限定咖啡6盒組(南瓜+榛果+焦糖各2),83折,999,299,245,190,109,否,36.5
2026/09/02,14:00,9805768,理膚寶水,多容安舒緩濕潤乳液,48折,1281,124,61,21,103,否,83.1
2026/09/02,14:00,14614874,義美生機,奇亞籽4袋,69折,699,427,370,332,95,否,22.2
2026/09/02,14:00,15528756,理膚寶水,愛麗絲系列超能抗光老禮盒,39折,2700,349,315,297,52,否,14.9
2026/09/02,14:00,15643668,理膚寶水,全護清透亮顏防曬瑰蜜霜,39折,1944,302,285,265,37,否,12.3
2026/09/02,14:00,7389662,大研生醫,視易適葉黃素3入組,41折,2450,149,129,114,35,否,23.5
2026/09/02,14:00,9601706,ecostore,洗碗機專用洗碗粉5kg,74折,1480,998,974,965,33,否,3.3
2026/09/02,14:00,13663841,蔻依,淡香精50ml,37折,2011,199,183,167,32,否,16.1
2026/09/02,14:00,11060709,滿意寶寶,極上呵護黏貼紙尿褲M-XL(任選2箱組),73折,3398,499,484,469,30,否,6.0
2026/09/02,14:00,10456013,銀湯匙,貓罐頭70g*48罐,49折,1388,632,618,604,28,否,4.4
2026/09/02,14:00,11686994,台中犁記,綜合蛋黃酥禮盒9入/盒x1,79折,729,415,400,391,24,否,5.8
2026/09/02,14:00,15228448,ZENOMI,智慧傾倒寵物飲水機,68折,1780,300,285,277,23,否,7.7
2026/09/02,14:00,15155030,NIKE 耐吉,AIR WINFLO 12 男女運動鞋 慢跑鞋 (多款選),57折,1899,149,142,126,23,否,15.4
2026/09/02,14:00,13847709,TOZO,OpenRhyme開放式降噪耳夾無線藍牙耳機,41折,1399,198,188,178,20,否,10.1
2026/09/02,14:00,10432463,MarCella 瑪榭,3件組★裸感美型無痕內衣-支撐加強,49折,1111,500,489,481,19,否,3.8
2026/09/02,14:00,13590645,珈樂堤,生飲級製冷瞬熱三溫飲水機,58折,3111,47,34,31,16,否,34.0
2026/09/02,14:00,15018783,NEW BALANCE,327_復古鞋/運動鞋_芝麻牛奶灰,67折,1999,200,188,184,16,否,8.0
2026/09/02,14:00,11764022,FL 生活+,附輪摺疊收納箱三層款,32折,2599,150,140,136,14,否,9.3
2026/09/02,14:00,11185254,海霸王,懷念料理極品十人桌菜,69折,3450,90,79,76,14,否,15.6
2026/09/02,14:00,14579602,LG 樂金,官方旗艦 一級能效◆18公升變頻除濕機◆WiFi遠控 時尚款(DD181MWE0),78折,17900,20,6,7,13,否,65.0
2026/09/02,14:00,15511802,ONEHOUSE韓匠微波專用鍋2件組,ONEHOUSE韓匠微波專用鍋2件組,39折,899,131,123,118,13,否,9.9
2026/09/02,14:00,15168605,聲寶,4-6坪一級變頻冷暖空調,74折,17900,15,11,8,7,否,46.7
2026/09/02,14:00,15425251,蘭蔻,極塑緊緻膠原霜50ml,47折,2790,343,341,337,6,否,1.7
2026/09/02,14:00,14611949,eminent 萬國通路,官方旗艦館 - 28吋 UNIVO 上掀式溜冰輪防爆拉鍊箱 KK98(共四色),7折,7711,67,65,61,6,否,9.0
2026/09/02,14:00,15230014,石頭科技,F25 RT GEN 2小白鯊零纏繞洗地機,41折,6999,49,46,43,6,否,12.2
2026/09/02,14:00,15505982,旭能專利長效雙層雪白錠x5盒,旭能專利長效雙層雪白錠x5盒,24折,2525,159,153,153,6,否,3.8
2026/09/02,14:00,14646142,健康優見,維生素C1000緩釋錠10瓶+贈B群,43折,1199,643,639,638,5,否,0.8
2026/09/02,14:00,15561920,Insta360,X6 8K全景運動相機-全能套裝(公司貨),99折,23990,30,28,28,2,否,6.7
2026/09/02,14:00,15633791,星巴克,大杯那堤(兌換冰熱任選),75折,105,2,2,1,1,否,50.0
2026/09/02,14:00,14729899,資生堂國際櫃,激抗痕ACE眼霜15mL,5折,2590,250,249,249,1,否,0.4
2026/09/02,14:00,15220728,國際牌,3枚刃電鬍刀-松石綠,71折,4288,100,100,99,1,否,1.0
2026/09/02,14:00,15317895,DELL,超省電★14吋Ultra 5輕薄商務,9折,39999,8,8,8,0,否,0.0
2026/09/02,18:00,13531219,CSD中衛,第一級醫療口罩-藍色/綠色/粉色 4盒入(50片/盒),52折,529,998,878,783,215,否,21.5
2026/09/02,18:00,14905461,理膚寶水,極效B5彈潤超修復精華,33折,3016,350,309,231,119,否,34.0
2026/09/02,18:00,14298709,STARBUCKS 星巴克,秋季限定咖啡6盒組(南瓜+榛果+焦糖各2),83折,999,300,263,181,119,否,39.7
2026/09/02,18:00,12797999,mo select,日本製今治薩馬爾罕長纖棉浴巾2入組,3折,899,119,97,66,53,否,44.5
2026/09/02,18:00,15236158,舒潔,棉柔厚韌3層110抽x30包,44折,579,499,476,447,52,否,10.4
2026/09/02,18:00,14032453,Panasonic 國際牌,12公升雙變頻智能除濕機★獨家奶茶色,6折,11999,50,33,5,45,否,90.0
2026/09/02,18:00,14333846,Tefal 特福,雪松綠不沾鍋22CM,31折,599,424,400,379,45,否,10.6
2026/09/02,18:00,7043917,澳佳寶,機伶小子濃縮魚油 2入組(共60顆),63折,950,289,281,248,41,否,14.2
2026/09/02,18:00,3667789,黑豆桑,滷味醬香6入組(缸底醬油/厚黑金醬油 各3入),42折,1199,260,241,221,39,否,15.0
2026/09/02,18:00,15298584,立頓,茗閒情台灣茶茶包8袋組(共288入),62折,1079,231,215,199,32,否,13.9
2026/09/02,18:00,14870910,3M,牙線棒4包組(3款選),55折,1111,300,291,271,29,否,9.7
2026/09/02,18:00,9509460,滿意寶寶,瞬潔乾爽輕巧褲L-XXL(任選3箱組),66折,3497,500,488,474,26,否,5.2
2026/09/02,18:00,15424785,GOODYEAR,戶外防水健走鞋(男女多款),47折,999,300,288,274,26,否,8.7
2026/09/02,18:00,12292295,台灣三洋,18KG變頻洗衣機,86折,16888,34,17,8,26,否,76.5
2026/09/02,18:00,9805768,理膚寶水,多容安舒緩濕潤乳液,48折,1281,16,,0,16,是,100.0
2026/09/02,18:00,10285841,桂格完膳,營養素無糖100鉻48入,85折,3600,89,81,75,14,否,15.7
2026/09/02,18:00,14921074,華碩,15.6吋Core 7輕薄16G,86折,24999,100,95,86,14,否,14.0
2026/09/02,18:00,15577678,Samsung 三星,Galaxy Z Fold8 Ultra 5G 8吋(12G/256G/Snapdragon 8 Elite Gen 5/2億畫素/AI手機),92折,60900,12,10,0,12,是,100.0
2026/09/02,18:00,8333154,3M,S301櫥下型生飲三道式淨水器特惠組,63折,9111,100,95,90,10,否,10.0
2026/09/02,18:00,11335160,DR.WU,杏仁酸溫和煥膚精華8%,5折,850,300,299,290,10,否,3.3
2026/09/02,18:00,15346062,樂高,F1賽車42240,66折,5299,133,128,125,8,否,6.0
2026/09/02,18:00,8039299,3M,防蹣可調式記憶枕,44折,2690,120,118,113,7,否,5.8
2026/09/02,18:00,15516709,GARMIN,CIRQA智慧手環,99折,6990,109,106,104,5,否,4.6
2026/09/02,18:00,12600205,象印,10人份IH微電腦電子鍋,42折,5990,50,46,45,5,否,10.0
2026/09/02,18:00,15485126,LOLAT 羅力,旅行用過濾蓮蓬頭+濾芯組,42折,790,100,98,96,4,否,4.0
2026/09/02,18:00,8054614,LG,PuriCare 360°寵物清淨機二代-單層,65折,16900,49,46,45,4,否,8.2
2026/09/02,18:00,14794538,BTP,藤黃果享受輕鬆嚼 6盒(30入/盒),49折,2830,13,11,10,3,否,23.1
2026/09/02,18:00,15370202,Apple,A+級福利品 iPhone 16 128G 6.1吋,92折,22990,13,13,10,3,否,23.1
2026/09/02,18:00,15037836,Panasonic國際牌,日本製LED吸頂燈,6折,4200,500,500,499,1,否,0.2
2026/09/02,18:00,8923748,King Star,18K玫瑰金天然鑽石手鍊/項鍊-任選,25折,5588,39,39,38,1,否,2.6
2026/09/02,18:00,13840769,來復易,防漏安心復健褲S-XL(4箱),59折,4386,1,1,1,0,否,0.0
2026/09/02,22:00,11849722,CeraVe,水楊酸潔膚露2入組,66折,934,350,262,160,190,否,54.3
2026/09/02,22:00,15528501,CeraVe,早C晚A抗痕禮盒,49折,1555,294,232,194,100,否,34.0
2026/09/02,22:00,15528758,理膚寶水,愛麗絲系列B5萬用霜禮盒,35折,1699,349,290,267,82,否,23.5
2026/09/02,22:00,14298709,STARBUCKS 星巴克,秋季限定咖啡6盒組(南瓜+榛果+焦糖各2),83折,999,299,264,223,76,否,25.4
2026/09/02,22:00,5517245,貝恩,嬰兒柔濕巾24包,53折,1329,398,378,362,36,否,9.0
2026/09/02,22:00,15034893,Whirlpool 惠而浦,12公升極薄清淨除濕機 WDEE1200TW,73折,7690,44,24,9,35,否,79.5
2026/09/02,22:00,7929075,純煉,滴雞精10入4盒任選+5包+益生菌,59折,3788,60,38,30,30,否,50.0
2026/09/02,22:00,8129278,威拂,魔撢補充包箱購共44片,66折,469,85,75,59,26,否,30.6
2026/09/02,22:00,9509460,滿意寶寶,瞬潔乾爽輕巧褲L-XXL(任選3箱組),66折,3497,500,485,481,19,否,3.8
2026/09/02,22:00,13590645,珈樂堤,生飲級製冷瞬熱三溫飲水機,58折,3111,49,38,31,18,否,36.7
2026/09/02,22:00,12608285,大同,10人份不鏽鋼電鍋-光耀藍,7折,2740,100,89,83,17,否,17.0
2026/09/02,22:00,15333897,asics,CONTEND 10 D 4E慢跑鞋 (多款選),75折,1499,149,137,132,17,否,11.4
2026/09/02,22:00,12092813,雪之上,全效合一水凝霜3入,55折,2620,120,111,105,15,否,12.5
2026/09/02,22:00,14267978,TCL,55型QLED量子智慧TV,67折,14900,29,17,14,15,否,51.7
2026/09/02,22:00,15563765,修麗可,抗皺緊緻★P-TIOX 超胜肽抗皺逆時無痕霜 48ml禮盒組(乳霜/抗老),9折,4671,39,30,25,14,否,35.9
2026/09/02,22:00,15401637,契爾氏,金盞花化妝水500ml,37折,2252,26,17,13,13,否,50.0
2026/09/02,22:00,11659902,潘婷,爆水膠囊護髮膜 64入,35折,1111,266,271,253,13,否,4.9
2026/09/02,22:00,7389662,大研生醫,視易適葉黃素3入組,41折,2450,150,146,140,10,否,6.7
2026/09/02,22:00,15209759,石頭科技,Qrevo Edge2掃拖機器人,33折,19999,49,41,40,9,否,18.4
2026/09/02,22:00,15583502,老爺酒店集團,3張套組★聯合住宿券,88折,9899,50,49,43,7,否,14.0
2026/09/02,22:00,13562715,補體素,優蛋白EX原味即飲237mlx24罐,94折,1850,180,175,174,6,否,3.3
2026/09/02,22:00,14751755,SWISS STYLE,29吋 DUO雙開系列-上掀前開/對開 日本煞車行李箱 (多色可選),46折,7880,145,141,140,5,否,3.4
2026/09/02,22:00,15462382,Apple,2025 iPad 11 A16/11吋/WiFi/128G,91折,14266,30,26,26,4,否,13.3
2026/09/02,22:00,15344244,CUOCO,3代鈦晶岩不沾大寶鍋34cm,63折,1580,179,177,176,3,否,1.7
2026/09/02,22:00,15175989,營養師輕食,台灣01益生菌 5入組(一入30包),65折,6595,100,98,97,3,否,3.0
2026/09/02,22:00,15059135,Lenovo,15.6吋R5 RTX3050電競筆電,93折,29990,25,23,23,2,否,8.0
2026/09/02,22:00,15144012,MON’S,空氣窄管褲 (任選M-3XL),39折,618,376,375,374,2,否,0.5
2026/09/02,22:00,9744328,台達電子,多功能浴室廁所涼暖風機-豪華300系列,49折,7399,400,400,399,1,否,0.2
2026/09/02,22:00,8666029,Sofy蘇菲,彈力貼身衛生棉,39折,459,1,1,1,0,否,0.0
2026/09/02,22:00,11658969,Canon,PowerShot V10 數位相機 VLOG相機(公司貨),48折,11200,15,15,15,0,否,0.0
2026/09/02,22:00,14660441,Flokk,人體工學椅 多色可選,45折,16999,20,20,20,0,否,0.0
2026/09/03,00:00,11405576,雨沐HOOMUA,經典前開式雨衣防滲水升級版,4折,399,979,819,733,246,否,25.1
2026/09/03,00:00,15131617,adidas 愛迪達,DURAMO 系列跑鞋 運動鞋 慢跑鞋 男鞋/女鞋 多款任選 (KH7331/KH5314/KH5315),4折,999,298,245,215,83,否,27.9
2026/09/03,00:00,15220069,舒潔,絲絨舒膚110抽x60包,52折,788,498,451,433,65,否,13.1
2026/09/03,00:00,13371170,美威鮭魚,煙燻鮭魚切片x6包組+30mo,74折,888,350,317,293,57,否,16.3
2026/09/03,00:00,12914393,Chic Chic 琪琪,飆低160/件★升級零感提拉無痕內衣,4折,638,487,462,449,38,否,7.8
2026/09/03,00:00,7857623,pidan,豆腐貓砂*4包入,66折,525,493,460,458,35,否,7.1
2026/09/03,00:00,14469858,得意的一天義大利橄欖油1Lx3瓶(超值贈品任選),得意的一天義大利橄欖油1Lx3瓶(超值贈品任選),84折,1485,210,192,176,34,否,16.2
2026/09/03,00:00,11566564,ALAI,買1送1 日本科技冰絲涼涼被,1折,799,410,390,383,27,否,6.6
2026/09/03,00:00,13785659,國際牌,奈米水離子吹風機-迷霧金(WNA9M),7折,4290,70,51,43,27,否,38.6
2026/09/03,00:00,12634518,YT shop,買一送一 超耐磨工作褲,23折,799,375,358,351,24,否,6.4
2026/09/03,00:00,9199790,牙周適,牙齦護理牙膏6入,54折,749,400,384,376,24,否,6.0
2026/09/03,00:00,15090558,adidas 愛迪達,BARREDA LO 運動休閒鞋 薄底鞋 男鞋/女鞋 多款任選 (HQ7382/HQ7384/HQ7386),44折,1190,300,290,278,22,否,7.3
2026/09/03,00:00,13244428,象印,買1送1超輕量彈蓋保溫杯600ml,35折,1288,237,223,215,22,否,9.3
2026/09/03,00:00,11821956,達摩本草,海藻鈣鎂複方買9送3組(共360顆),15折,1899,158,141,138,20,否,12.7
2026/09/03,00:00,9363639,國際牌,14公斤洗衣機,82折,11888,50,34,30,20,否,40.0
2026/09/03,00:00,9143638,資生堂國際櫃,百優乳霜★買50送54+200mo,39折,2320,299,288,283,16,否,5.4
2026/09/03,00:00,14523384,FOREO,智能淨透緊緻潔面儀,48折,3999,78,71,65,13,否,16.7
2026/09/03,00:00,13780223,石頭科技,Qrevo L全能掃拖機器人,31折,9388,50,42,37,13,否,26.0
2026/09/03,00:00,13753817,白宮行館渡假村,4人奢華家庭房含早,53折,5888,81,68,68,13,否,16.0
2026/09/03,00:00,4908380,統一LP33,健字號益生菌膠囊*4盒,62折,2995,148,141,136,12,否,8.1
2026/09/03,00:00,14833198,HP 惠普,★15吋Ultra 5 AI輕薄高效,57折,22999,19,11,7,12,否,63.2
2026/09/03,00:00,11825428,NEOFLAM,陶瓷深平底IH雙鍋28+24cm,25折,1099,599,590,587,12,否,2.0
2026/09/03,00:00,13879430,良和時尚珠寶黃金金條金塊 0.5錢 馬上有錢 金龍金塊(金重:0.50錢±0.01),良和時尚珠寶黃金金條金塊 0.5錢 馬上有錢 金龍金塊(金重:0.50錢±0.01),88折,9788,65,57,53,12,否,18.5
2026/09/03,00:00,11357662,滿意寶寶,極上呵護輕巧褲L-XL(任選3箱組),77折,4397,498,490,487,11,否,2.2
2026/09/03,00:00,11188381,伊萊克斯,Pure A9.2高效能抗菌空氣清淨機EP71-56,43折,9888,76,67,66,10,否,13.2
2026/09/03,00:00,11756917,ON 歐恩,肌酸 600克(原味),59折,1199,300,294,292,8,否,2.7
2026/09/03,00:00,15325345,Samsung 三星,Galaxy S26 Ultra 5G 6.9吋(12G/256G/Snapdragon 8 Elite Gen 5/2億鏡頭畫素/AI手機),83折,37590,30,29,29,1,否,3.3
2026/09/03,00:00,14389957,Apple,S+級福利品 AirPods Max(Lightning),6折,10900,50,50,50,0,否,0.0
2026/09/03,07:00,13286234,adidas 愛迪達,精選運動鞋 跑鞋 慢跑鞋 男鞋/女鞋 多款任選(GZ8184/G58098/IE8803/ID6516),37折,999,297,247,192,105,否,35.4
2026/09/03,07:00,10112878,orionjako,任選韓國海苔96入組 (12入/包x8包),62折,699,450,401,353,97,否,21.6
2026/09/03,07:00,14228179,IRIS,沁泡氣泡水500mlx2箱(共48入),57折,720,410,359,330,80,否,19.5
2026/09/03,07:00,14047011,adidas 愛迪達,DURAMO SL 2 透氣運動鞋 跑鞋 慢跑鞋 寬楦 男鞋 多款任選(IF9400/IH8221/IH8215/IH8219),43折,1090,299,279,248,51,否,17.1
2026/09/03,07:00,11170232,Arlink,雙UV紫外線殺菌牙刷架,33折,990,65,40,18,47,否,72.3
2026/09/03,07:00,14217313,OLAY,水光小白瓶30ml-2入,57折,1379,300,289,264,36,否,12.0
2026/09/03,07:00,15565407,周大福,網路限定 9999黃金金豆 1公克,85折,5499,50,30,15,35,否,70.0
2026/09/03,07:00,6993762,優格,經典貓飼料13.6kg,58折,1799,599,576,564,35,否,5.8
2026/09/03,07:00,9812458,MAGIC,大視界LED護眼檯燈,67折,2490,100,81,66,34,否,34.0
2026/09/03,07:00,13092955,幫寶適,一級幫散熱拉拉褲/黏貼尿布2箱,76折,2198,499,488,468,31,否,6.2
2026/09/03,07:00,12831408,MarCella 瑪榭,任選3件★集中美胸無鋼圈內衣,6折,1450,445,434,416,29,否,6.5
2026/09/03,07:00,14563050,Panasonic 國際牌,11公升一級能效nanoeX除濕機◆適用14坪(F-Y22PN),87折,9319,40,15,15,25,否,62.5
2026/09/03,07:00,15130344,YOMIX 優迷,磁吸收納線組★四合一迷你5000mAh半固態磁吸行動電源,23折,999,100,91,78,22,否,22.0
2026/09/03,07:00,14460587,IFME,小中童學步鞋/運動鞋/水涼鞋/機能鞋(多款任選),56折,829,300,288,280,20,否,6.7
2026/09/03,07:00,14587016,WEIDER 威德益生菌x2盒(3gx90包/盒),WEIDER 威德益生菌x2盒(3gx90包/盒),81折,1799,180,175,162,18,否,10.0
2026/09/03,07:00,14772650,營養師輕食,法國超臨界魚油 5入組,44折,4200,99,88,81,18,否,18.2
2026/09/03,07:00,10536422,QUAKER 桂格,無糖養氣人蔘 72入,73折,3185,90,83,72,18,否,20.0
2026/09/03,07:00,14023887,MYSHEROS 蜜雪兒,多色多款休閒褲(多款多色任選),28折,888,200,191,183,17,否,8.5
2026/09/03,07:00,13604330,DON,買1送1 60支100%天絲床包枕套組,0.7折,1199,65,59,48,17,否,26.2
2026/09/03,07:00,10996640,資生堂美髮,活耀洗髮露500ml,32折,1328,200,194,184,16,否,8.0
2026/09/03,07:00,15504240,舞光,50W雲朵遙控吸頂燈,45折,1588,126,119,116,10,否,7.9
2026/09/03,07:00,15511122,台畜,乾杯燒肉居酒屋x台畜_海陸饗宴13件組,53折,1688,178,173,168,10,否,5.6
2026/09/03,07:00,15091883,Philips 飛利浦,HX7421全能亮白音波電動牙刷,93折,5890,199,195,190,9,否,4.5
2026/09/03,07:00,12718554,白蘭氏,保捷三合一EX 30顆x3盒,8折,4752,70,67,61,9,否,12.9
2026/09/03,07:00,7245638,tokuyo,肩頸鬆PLUS肩頸按摩器,7折,2799,12,7,3,9,否,75.0
2026/09/03,07:00,13796975,首華,4-5坪一級變頻冷暖空調,46折,13900,20,15,12,8,否,40.0
2026/09/03,07:00,15515565,SK-II,青春精華液30ml,59折,4140,66,65,58,8,否,12.1
2026/09/03,07:00,15609162,麥當勞,Oreo冰炫風2杯,5折,59,9,8,6,3,否,33.3
2026/09/03,07:00,15495865,東芝,55型4K智慧顯示器,47折,11900,31,30,29,2,否,6.5
2026/09/03,07:00,15572689,樂高,橡膠惡魔果實75647,79折,1999,114,114,114,0,否,0.0
2026/09/03,07:00,15529915,小米,27型 IPS 200Hz電競螢幕,87折,2988,30,30,30,0,否,0.0
2026/09/03,07:00,9474221,添寧,貼心敢動褲M-XL,49折,999,1,976,946,0,否,0.0
2026/09/03,07:00,15512330,vivoX300 Ultra 5G 6.82吋(16G/512G/Snapdragon8EliteGen5/2億萬拍照畫素),vivoX300 Ultra 5G 6.82吋(16G/512G/Snapdragon8EliteGen5/2億萬拍照畫素),98折,48490,15,15,15,0,否,0.0
2026/09/03,11:00,11405576,雨沐HOOMUA,經典前開式雨衣防滲水升級版,4折,399,995,861,702,293,否,29.4
2026/09/03,11:00,15307428,Owala,彈蓋+可拆式吸管運動水壺740ml,66折,599,120,0,0,120,是,100.0
2026/09/03,11:00,13181394,白蘭,買2送1★4X洗衣球162顆,44折,699,400,345,294,106,否,26.5
2026/09/03,11:00,14542275,歌林,雙電壓旅行折疊鍋,35折,888,91,62,13,78,否,85.7
2026/09/03,11:00,14254074,adidas 愛迪達,VL COURT 復古休閒鞋 運動鞋 男鞋/女鞋,43折,999,299,256,225,74,否,24.7
2026/09/03,11:00,13581205,豪德寺,招財貓日式150抽x80包,64折,769,300,255,231,69,否,23.0
2026/09/03,11:00,13704397,湛盧咖啡,經典綜合濾掛咖啡2盒(共72包;中焙/深焙任選),82折,1199,248,204,180,68,否,27.4
2026/09/03,11:00,14233533,法國皇家,貓餐包85g*24包,44折,939,260,220,194,66,否,25.4
2026/09/03,11:00,10362698,花王,柔舒蒸氣眼罩 72入,55折,1299,228,191,162,66,否,28.9
2026/09/03,11:00,11246023,滿意寶寶,寶可夢晚安褲L-XXXL(任選2箱組),78折,1978,500,457,437,63,否,12.6
2026/09/03,11:00,15087578,Gelovery Gift,北海道十勝生乳捲2條,45折,499,592,578,536,56,否,9.5
2026/09/03,11:00,7002382,MOS摩斯漢堡,日式咖哩包18入,55折,899,349,317,295,54,否,15.5
2026/09/03,11:00,10579121,日本味王,強效蔓越莓口嚼錠30粒x10盒,46折,1380,300,272,249,51,否,17.0
2026/09/03,11:00,14148896,adidas 愛迪達,防曬連帽外套 抗UV 薄外套 寬鬆 女款(多款任選),47折,1090,299,282,264,35,否,11.7
2026/09/03,11:00,11911911,大同,10人份電鍋-瑰蜜粉,78折,2590,99,80,66,33,否,33.3
2026/09/03,11:00,12063597,LG 樂金,16公升WiFi變頻除濕機-粉紅 MD161QPK3,7折,14111,32,,0,32,是,100.0
2026/09/03,11:00,15380716,曼黛瑪璉,3件組-包覆提托經典內衣,24折,1250,291,283,265,26,否,8.9
2026/09/03,11:00,9418416,BLACKMORES 澳佳寶,迷你濃縮魚油 3入,51折,2618,200,189,174,26,否,13.0
2026/09/03,11:00,14824428,NINE WEST,免仟元↘斜背包/肩背包/托特包(多款),3折,999,259,242,233,26,否,10.0
2026/09/03,11:00,8047529,寶拉珍選,2%水楊酸身體乳3入,61折,1990,397,381,374,23,否,5.8
2026/09/03,11:00,13799375,Simply 新普利,超級夜酵素DX 100顆(x2盒),36折,4099,500,491,484,16,否,3.2
2026/09/03,11:00,14951833,森歐黎漾,沙龍級洗髮精任選二入組,45折,1649,500,494,488,12,否,2.4
2026/09/03,11:00,10013625,倩碧,水磁場保濕凝膠75送50ml,9折,1900,200,193,189,11,否,5.5
2026/09/03,11:00,10727456,初/中/高級本,行動學習新版套書,65折,1245,25,22,17,8,否,32.0
2026/09/03,11:00,7231980,FL 生活+,自動掀蓋鞋盒8入組,19折,1499,155,148,147,8,否,5.2
2026/09/03,11:00,15279755,海爾,16L智能恆溫熱水器,59折,9999,47,41,39,8,否,17.0
2026/09/03,11:00,13986702,Sodastream,時尚風自動扣瓶氣泡水機,39折,2580,100,95,93,7,否,7.0
2026/09/03,11:00,8013804,飛利浦,全自動義式咖啡機(EP2220),28折,9999,100,95,94,6,否,6.0
2026/09/03,11:00,15033477,HP 惠普,14吋R7獨家,61折,18999,20,20,16,4,否,20.0
2026/09/03,11:00,15119015,樂敦,V游離型葉黃素複方軟膠囊 120粒*2入,72折,2599,106,105,103,3,否,2.8
2026/09/03,11:00,13815875,法國Staub,圓形琺瑯鑄鐵深鍋20cm,57折,4999,60,58,57,3,否,5.0
2026/09/03,11:00,15553788,Google,Pixel 11 Pro 512G,91折,40990,20,19,18,2,否,10.0
2026/09/03,11:00,14902093,CyberCycle,蜻蜓迷你折疊電輔車,5折,9988,19,19,18,1,否,5.3
2026/09/03,11:00,12009327,FAMMIX 菲米斯,SAFER-P1六合一把手式電子鎖,58折,9899,30,30,29,1,否,3.3
2026/09/03,11:00,15609023,頂呱呱,雞脖子買1送1(共計2份),5折,85,3,3,3,0,否,0.0
2026/09/03,14:00,9951817,小潘,鳳凰酥12入x2盒(不附提袋),7折,699,427,274,134,293,否,68.6
2026/09/03,14:00,14373966,田食原,加拿大冷凍藍莓4包(共2kg),41折,839,410,330,274,136,否,33.2
2026/09/03,14:00,13279705,ARIEL,抗菌抗臭洗衣精2+6組,57折,799,496,414,366,130,否,26.2
2026/09/03,14:00,14937238,台北茹曦酒店,午/晚餐吃到飽,83折,1088,278,230,216,62,否,22.3
2026/09/03,14:00,14041278,Prisme999純金黃金經典墜飾 項鍊/手鍊 多款 (約0.02錢±0.01) 贈禮盒隨機,Prisme999純金黃金經典墜飾 項鍊/手鍊 多款 (約0.02錢±0.01) 贈禮盒隨機,82折,818,342,311,287,55,否,16.1
2026/09/03,14:00,14603940,adidas 愛迪達,GRAND COURT CLOUDFOAM 休閒運動鞋 男鞋 多款任選(GW9196/GW9195/IH6185),4折,999,299,270,247,52,否,17.4
2026/09/03,14:00,8133411,大研生醫,德國頂級魚油3入組,36折,2450,149,119,98,51,否,34.2
2026/09/03,14:00,14274026,hoi! 好好生活,日京山風-任選3件超值組500ml,66折,1099,275,248,228,47,否,17.1
2026/09/03,14:00,6954757,A star,潔牙骨超大桶裝1900G,44折,749,300,269,253,47,否,15.7
2026/09/03,14:00,11515499,Diptyque,淡香精75ml,64折,4199,97,65,57,40,否,41.2
2026/09/03,14:00,14505050,OLAY,超紅瓶乳霜2入超值組,62折,1999,156,127,118,38,否,24.4
2026/09/03,14:00,7379217,伊藤園,無糖綠茶530mlx2箱(共48入),53折,898,348,331,315,33,否,9.5
2026/09/03,14:00,11311189,LG,新革新超淨化大白抗敏空氣清淨機,55折,7099,47,31,24,23,否,48.9
2026/09/03,14:00,14512162,DR.WU,角鯊玫瑰果精華油3入組,5折,3300,120,107,98,22,否,18.3
2026/09/03,14:00,14974268,Apple,iPhone 17 Pro(256G/6.3吋),93折,37900,30,11,8,22,否,73.3
2026/09/03,14:00,7543952,IRIS,木質天板五層收納櫃,48折,1999,81,77,61,20,否,24.7
2026/09/03,14:00,14849275,杏輝醫藥,活芯升級版軟膠囊4入組(60粒/盒),59折,6900,100,85,82,18,否,18.0
2026/09/03,14:00,15083036,華碩,16吋Ultra 7輕薄1TB,94折,34999,44,31,28,16,否,36.4
2026/09/03,14:00,15413922,adidas 愛迪達,運動休閒鞋 男鞋/女鞋 - Originals 多款任選 (KI9860/KI9861/KI9855),48折,1390,299,291,286,13,否,4.3
2026/09/03,14:00,13806294,飛利浦,全自動義式咖啡機EP1221,52折,8911,99,93,88,11,否,11.1
2026/09/03,14:00,14952657,麥雪爾,假兩件雪紡/造型綁結上衣 (多款任選),31折,1080,270,263,260,10,否,3.7
2026/09/03,14:00,11139341,東元,6-7坪一級變頻冷暖空調,73折,24900,15,6,6,9,否,60.0
2026/09/03,14:00,15077437,dyson,Ai掃拖機器人(熱活水洗地/自清潔),87折,21900,80,77,74,6,否,7.5
2026/09/03,14:00,8476296,Le Creuset,琺瑯鑄鐵鍋巴蒂鍋24cm,34折,3999,100,98,97,3,否,3.0
2026/09/03,14:00,15609162,麥當勞,Oreo冰炫風2杯,5折,59,9,8,7,2,否,22.2
2026/09/03,14:00,15518679,Apple,S+級福利品 2025 iPad 11 A16/11吋/WiFi/512G,9折,22988,30,28,28,2,否,6.7
2026/09/03,14:00,13528252,Sofy蘇菲,超熟睡/超日安褲型衛生棉箱購,36折,725,1,1,1,0,否,0.0
2026/09/03,18:00,9951817,小潘,鳳凰酥12入x2盒(不附提袋),7折,699,430,349,236,194,否,45.1
2026/09/03,18:00,15544230,adidas 愛迪達,TERREX TRACEFINDER PLUS GORE-TEX 越野跑鞋 運動鞋 慢跑鞋 防潑水 男鞋,46折,1790,295,233,135,160,否,54.2
2026/09/03,18:00,12928521,adidas 愛迪達,DURAMO RC 跑鞋 精選運動鞋 慢跑鞋 男鞋/女鞋 多款任選(ID2704/ID2702/KH7331/KH7328),43折,999,300,230,145,155,否,51.7
2026/09/03,18:00,11246023,滿意寶寶,寶可夢晚安褲L-XXXL(任選2箱組),78折,1978,500,411,372,128,否,25.6
2026/09/03,18:00,14563050,Panasonic 國際牌,11公升一級能效nanoeX除濕機◆適用14坪(F-Y22PN),87折,9319,76,27,0,76,是,100.0
2026/09/03,18:00,13704397,湛盧咖啡,經典綜合濾掛咖啡2盒(共72包;中焙/深焙任選),82折,1199,250,230,181,69,否,27.6
2026/09/03,18:00,13169304,Dove 多芬,滋養沐浴4入,55折,569,298,262,232,66,否,22.1
2026/09/03,18:00,12864858,滿意寶寶,純水濕巾24包,46折,899,314,277,250,64,否,20.4
2026/09/03,18:00,10334422,瑪莉屋口袋比薩,披薩10片+海鮮披薩1片,64折,899,400,373,338,62,否,15.5
2026/09/03,18:00,10927589,威猛先生,超濃水管疏通膠4入組,5折,499,299,271,241,58,否,19.4
2026/09/03,18:00,8197639,鍋寶,內陶瓷手提真空保溫杯780ml,35折,699,249,233,211,38,否,15.3
2026/09/03,18:00,14436238,ONEHOUSE無段式阿姆斯電動升降桌,ONEHOUSE無段式阿姆斯電動升降桌,44折,2780,65,62,28,37,否,56.9
2026/09/03,18:00,14905461,理膚寶水,極效B5彈潤超修復精華,33折,3016,350,333,314,36,否,10.3
2026/09/03,18:00,15506513,巴黎萊雅,豐盈洗/護髮素任選3入,75折,949,319,305,285,34,否,10.7
2026/09/03,18:00,10950080,台酒生技,黑酵母酒粕青春露5入,28折,1288,250,238,219,31,否,12.4
2026/09/03,18:00,3557402,Twinings唐寧茶,經典皇家禮盒茶包48入(贈提袋),75折,1399,220,215,192,28,否,12.7
2026/09/03,18:00,14899787,mo select,台灣製316不鏽鋼防滑六角筷10雙,37折,899,150,135,124,26,否,17.3
2026/09/03,18:00,15425588,FAIR LADY,夏日老錢風交叉涼鞋/厚底涼鞋/平底拖鞋(多款任選),34折,1380,189,182,165,24,否,12.7
2026/09/03,18:00,7049119,SLIM,雙人天絲乳膠記憶膠防蹣獨立筒床墊,1折,4399,69,62,52,17,否,24.6
2026/09/03,18:00,14974195,象印,6人份微電腦電子鍋,41折,3990,50,44,33,17,否,34.0
2026/09/03,18:00,10791996,Home Dr.,NMN EX時光膠囊30顆X3盒,34折,3750,50,40,37,13,否,26.0
2026/09/03,18:00,11215702,杏輝醫藥,蓉憶記膠囊 國家健康食品 5入組 (共150粒),58折,9850,39,37,28,11,否,28.2
2026/09/03,18:00,8426761,ON 歐恩,金牌乳清蛋白5磅(多口味可選),64折,3249,199,196,192,7,否,3.5
2026/09/03,18:00,13817360,Scoot&Ride,Kick1 Push&Go滑步滑板車,58折,3499,130,124,123,7,否,5.4
2026/09/03,18:00,14974250,HP 惠普,14吋C7 1TB大容量,68折,23999,20,17,14,6,否,30.0
2026/09/03,18:00,11455870,Logitech 羅技,MX Keys S無線智能鍵盤,77折,3090,80,77,74,6,否,7.5
2026/09/03,18:00,14060718,HP,UIA4925三合一wifi墨匣機★支援手機列印mac系統可用,82折,3111,30,26,25,5,否,16.7
2026/09/03,18:00,15403392,only,10KG洗脫烘變頻滾筒,9折,10490,10,7,5,5,否,50.0
2026/09/03,18:00,14275188,石頭科技,F25 Ultra淨蒸者蒸氣熱水雙效洗地機,42折,16888,50,49,46,4,否,8.0
2026/09/03,18:00,15083036,華碩,16吋Ultra 7輕薄1TB,94折,34999,28,27,25,3,否,10.7
2026/09/03,18:00,15609162,麥當勞,Oreo冰炫風2杯,5折,59,9,8,7,2,否,22.2
2026/09/03,18:00,10338884,娘家,大紅麴6盒(共180顆),76折,13268,50,49,49,1,否,2.0
2026/09/03,22:00,14373966,田食原,加拿大冷凍藍莓4包(共2kg),41折,839,186,109,67,119,否,64.0
2026/09/03,22:00,9951817,小潘,鳳凰酥12入x2盒(不附提袋),7折,699,430,372,331,99,否,23.0
2026/09/03,22:00,15131617,adidas 愛迪達,DURAMO 系列跑鞋 運動鞋 慢跑鞋 男鞋/女鞋 多款任選 (KH7331/KH5314/KH5315),4折,999,298,248,222,76,否,25.5
2026/09/03,22:00,14951759,理膚寶水,MELA B3淡斑精華,34折,3614,295,266,241,54,否,18.3
2026/09/03,22:00,11336310,美體小舖,薑根鏗活調理洗髮精,5折,690,198,164,150,48,否,24.2
2026/09/03,22:00,14254133,adidas 愛迪達,VL COURT 系列 復古休閒鞋 運動鞋 男鞋/女鞋,43折,999,300,276,255,45,否,15.0
2026/09/03,22:00,15457201,THE VEGAN 樂維根,經典植物優蛋白 2入組 1KG/袋,6折,1299,500,471,455,45,否,9.0
2026/09/03,22:00,15526806,adidas 愛迪達,TERREX TRACEFINDER 2 CLIMAPROOF 越野跑鞋 運動鞋 慢跑鞋 男鞋 多款任選 (HQ5097),45折,1590,299,278,258,41,否,13.7
2026/09/03,22:00,9643162,清秀佳人,送濕式衛生紙12抽2入★M-XL5件包/XXL4件包x12入,72折,1111,400,382,362,38,否,9.5
2026/09/03,22:00,3943637,泡舒,洗潔精2800gx4瓶,51折,699,400,372,362,38,否,9.5
2026/09/03,22:00,12386506,老實農場,檸檬/萊姆冰角任選6袋,52折,699,430,411,395,35,否,8.1
2026/09/03,22:00,11385308,EatBLISS 益比喜,善又美草本複方膠囊3入組(30粒/盒),28折,1980,67,48,37,30,否,44.8
2026/09/03,22:00,14148896,adidas 愛迪達,防曬連帽外套 抗UV 薄外套 寬鬆 女款(多款任選),47折,1090,300,288,273,27,否,9.0
2026/09/03,22:00,14897108,NIKE 耐吉,DOWNSHIFTER 14 男女運動鞋 慢跑鞋 (多款選),51折,1299,247,234,226,21,否,8.5
2026/09/03,22:00,13788279,MIT iLook,買一送一60支天絲床包枕套組,36折,1389,136,123,117,19,否,14.0
2026/09/03,22:00,15034893,Whirlpool 惠而浦,一級能效 12公升極致薄型清新淨味除濕機(WDEE1200TW),76折,7990,68,64,55,13,否,19.1
2026/09/03,22:00,13840692,來復易,防漏安心復健褲S-XL (2箱),62折,2298,999,993,988,11,否,1.1
2026/09/03,22:00,13247621,禾聯,43型4智慧聯網TV,79折,7999,34,26,24,10,否,29.4
2026/09/03,22:00,15416875,WOKY,哈哈鍋3.0不沾深煎鍋26cm,51折,1999,158,154,151,7,否,4.4
2026/09/03,22:00,15090813,追覓科技,D30 Ultra CE全能掃拖機器人,44折,8999,27,22,20,7,否,25.9
2026/09/03,22:00,15380296,SHOKZ,OpenDots ONE E310 開放式耳夾藍牙耳機,66折,4999,60,54,53,7,否,11.7
2026/09/03,22:00,7527118,植村秀,定妝噴霧100ml雙入組,64折,2552,100,95,93,7,否,7.0
2026/09/03,22:00,13120348,成長天地,100cm桌面 兒童書桌椅,56折,7777,55,51,48,7,否,12.7
2026/09/03,22:00,12638816,BRITA,去水垢濾芯(6入裝),83折,1435,150,144,143,7,否,4.7
2026/09/03,22:00,15078200,娘家,嚴選冷凍滴雞精33入雙禮盒,53折,4380,39,37,36,3,否,7.7
2026/09/03,22:00,13094241,Herman Miller,人體工學椅,62折,24888,8,7,5,3,否,37.5
2026/09/03,22:00,10371748,娘家官方直營,益生菌3盒組(40包/盒),53折,3188,299,298,296,3,否,1.0
2026/09/03,22:00,15609162,麥當勞,Oreo冰炫風2杯,5折,59,9,8,7,2,否,22.2
2026/09/03,22:00,12313306,技嘉平台,RTX5060電競機(i5-12400F/16G/1TB),88折,26499,18,17,17,1,否,5.6
2026/09/03,22:00,12015328,MONTBLANC 萬寶龍,經典匠心/大班系列 皮夾短夾(多款),62折,8688,11,11,11,0,否,0.0
2026/09/04,00:00,8037995,倍潔雅,花漾柔感150抽x84包,5折,849,288,204,169,119,否,41.3
2026/09/04,00:00,13740632,HETRAS,飯店療癒沐浴2入,48折,579,515,445,409,106,否,20.6
2026/09/04,00:00,10646071,卜蜂,手切霜降松阪豬超值8包組,39折,999,327,282,261,66,否,20.2
2026/09/04,00:00,12111481,悅氏,light鹼性水600mlx3箱(共72入),38折,548,548,504,487,61,否,11.1
2026/09/04,00:00,14532866,Tefal 特福,醇火不沾鍋具3件組,33折,899,347,325,300,47,否,13.5
2026/09/04,00:00,12952058,American Explorer 美國探險家,25/26/29/30吋 運動箱 防爆拉鍊 TSA海關鎖 靜音輪 胖胖箱 行李箱 旅行箱,27折,1078,490,456,445,45,否,9.2
2026/09/04,00:00,12928225,Chic Chic 琪琪,獨降180/件★零著感內衣4件(多款選),42折,719,457,429,419,38,否,8.3
2026/09/04,00:00,10523447,醫強,75%酒精液 6桶(4000ml/桶 防疫清潔),33折,1499,297,272,260,37,否,12.5
2026/09/04,00:00,14466576,特福,360°熱旋快速6人份5L觸控式氣炸鍋,41折,1788,85,57,48,37,否,43.5
2026/09/04,00:00,13224566,m2 美度,超能膠原飲/晚安飲 任選1箱(100包),42折,7280,491,461,455,36,否,7.3
2026/09/04,00:00,7763758,包大人,瞬吸防漏 黏貼型紙褲,55折,999,992,966,957,35,否,3.5
2026/09/04,00:00,11822051,DIADORA,男女輕量慢跑鞋(網路獨家),54折,699,299,283,266,33,否,11.0
2026/09/04,00:00,14195271,營養師輕食,雙苦瓜胜肽膠囊 6入組(一瓶90顆),49折,4975,76,53,44,32,否,42.1
2026/09/04,00:00,8649334,德邁國際電腦工學椅,德邁國際電腦工學椅,59折,2499,109,91,84,25,否,22.9
2026/09/04,00:00,14035038,鐵鎚,除臭貓砂40磅 *2組,55折,1099,499,488,475,24,否,4.8
2026/09/04,00:00,14117894,LACOSTE,CLASSIC FIT網眼POLO衫,48折,1919,49,29,27,22,否,44.9
2026/09/04,00:00,12572924,德國雙人,蝦粉色筷子6雙,25折,499,608,599,591,17,否,2.8
2026/09/04,00:00,14383314,義美生醫,W PROTEIN濃縮乳清蛋白飲-奶茶3盒,73折,1650,200,188,186,14,否,7.0
2026/09/04,00:00,15440242,飛利浦,43型4K智慧顯示器,52折,8888,47,38,35,12,否,25.5
2026/09/04,00:00,9488505,SK-II,青春露330ml,54折,4899,214,207,204,10,否,4.7
2026/09/04,00:00,14402787,石頭科技,Qrevo C Pro掃拖機器人-超值組,34折,13999,49,40,39,10,否,20.4
2026/09/04,00:00,14645690,健康優見,葉黃素軟膠囊10瓶+贈維生素C 2瓶,43折,1999,194,188,186,8,否,4.1
2026/09/04,00:00,14086690,NIKE,DUNK LOW RETRO 休閒鞋 男款,61折,2099,200,194,193,7,否,3.5
2026/09/04,00:00,14939682,未來美,PDRN麗珠月太修護乳2入,41折,2080,86,82,80,6,否,7.0
2026/09/04,00:00,15270995,礁溪長榮鳳凰酒店,2大2幼一泊二食,56折,8990,50,48,45,5,否,10.0
2026/09/04,00:00,15632342,Louis Vuitton 路易威登,x Hermes x GOYARD經典包款(多款),71折,75111,20,16,16,4,否,20.0
2026/09/04,00:00,12248825,Meiji 明治,明倍適營養補充品任選口味48入,77折,2880,81,78,77,4,否,4.9
2026/09/04,00:00,15598493,伊萊克斯,極淨瞬熱RO瞬熱飲水機(礦石白/奶茶棕),67折,7990,99,97,96,3,否,3.0
2026/09/04,00:00,15133669,BRITA,純淨濾水壺XL(共1壺8芯),56折,2279,48,46,46,2,否,4.2
2026/09/04,00:00,15256718,華碩,16吋i5商用16G/W11P,93折,27999,50,50,49,1,否,2.0
2026/09/04,00:00,15301580,Amazfit 華米,Bip Max 智慧手錶,93折,2799,25,25,24,1,否,4.0
2026/09/04,00:00,15567876,DJI,OSMO 360 II 暢拍套裝 全景相機/運動相機｜旗艦畫質可換鏡片｜內建105G(聯強國際貨),93折,19490,29,28,28,1,否,3.4
2026/09/04,00:00,15609156,麥當勞,麥香雞經典套餐,73折,150,1,1,1,0,否,0.0
2026/09/04,07:00,8814670,RainCity,2入組 開車必備自動反向傘 鋁合金玻纖10骨抗暴風,26折,479,610,537,459,151,否,24.8
2026/09/04,07:00,9195625,統一,陽光無加糖豆奶250mlx2箱(共48入),74折,538,598,516,455,143,否,23.9
2026/09/04,07:00,13198821,花蓮鶴岡,60年老欉文旦10斤x2箱(外銷),37折,599,300,231,170,130,否,43.3
2026/09/04,07:00,15035514,摩洛哥優油100ml買1送1,摩洛哥優油100ml買1送1,32折,1299,200,173,147,53,否,26.5
2026/09/04,07:00,9112475,Coosur 山富,冷壓特級初榨橄欖油1L*3入,61折,1299,240,213,188,52,否,21.7
2026/09/04,07:00,14154519,Prepar,Tritan保鮮盒4件套組(3色任選),48折,1099,280,256,235,45,否,16.1
2026/09/04,07:00,10687028,理膚寶水,B5+全面修復霜3入,57折,1987,250,230,206,44,否,17.6
2026/09/04,07:00,13855503,ARIEL,抗菌抗臭洗衣精6入,74折,1049,500,482,461,39,否,7.8
2026/09/04,07:00,9596499,Oral-B 歐樂B,PRO3 3D電動牙刷+兩年份刷頭,43折,2111,148,121,109,39,否,26.4
2026/09/04,07:00,15609235,Amore,買一送一 日系寬鬆多款百搭上衣(6款),36折,659,150,135,112,38,否,25.3
2026/09/04,07:00,15054743,EatBLISS 益比喜,小晶晶金盞花葉黃素凍升級版汪汪隊限量版100入,4折,2780,500,482,466,34,否,6.8
2026/09/04,07:00,7851422,MarCella 瑪榭,7件組★MIT無縫抗菌內褲-薄感中低腰,75折,999,500,486,470,30,否,6.0
2026/09/04,07:00,9301042,pierre cardin 皮爾卡登,網路獨家 男款 棉質彈力經典直筒型休閒長褲(五色任選),2折,799,200,185,172,28,否,14.0
2026/09/04,07:00,13528183,老協珍,燉燕窩禮盒 5入/附波鑽碗 x2盒(60g/入),7折,1899,200,181,175,25,否,12.5
2026/09/04,07:00,11689147,達摩本草,92%高濃度魚油 6入(共720顆),35折,3990,79,71,59,20,否,25.3
2026/09/04,07:00,15358085,滿意寶寶,TOMICA&哆啦A夢輕巧褲L-XL(任選2箱組),57折,2176,498,485,478,20,否,4.0
2026/09/04,07:00,15564553,曼黛瑪璉,4件組-經典包覆提托內衣 B-E 罩杯,24折,1650,496,486,477,19,否,3.8
2026/09/04,07:00,8142113,白蘭氏,雞精72入,59折,3276,100,91,81,19,否,19.0
2026/09/04,07:00,13626252,Tiger Family,MAX Pro 2S系列超輕量護脊書包- 可摺疊版(中高年級適用),73折,2770,199,186,181,18,否,9.0
2026/09/04,07:00,15286829,Roichen,全包覆正脊坐墊EX-升級加大款,57折,1899,56,43,39,17,否,30.4
2026/09/04,07:00,12019044,TOZO,OpenBuds降噪開放式AI藍芽耳機,53折,1290,199,191,183,16,否,8.0
2026/09/04,07:00,6736978,三星,258L一級變頻窄身冰箱,5折,9999,50,42,34,16,否,32.0
2026/09/04,07:00,15101343,Tefal 特福,法製精悍炒鍋28cm,61折,3599,90,83,76,14,否,15.6
2026/09/04,07:00,13892968,WEDGWOOD,天絲雙人床包枕套,23折,1999,149,139,135,14,否,9.4
2026/09/04,07:00,15320035,義美生醫,W PROTEIN懶散兔聯名禮盒,62折,750,400,393,388,12,否,3.0
2026/09/04,07:00,14110838,妮維雅,雙管精萃凝乳3入,82折,879,350,346,338,12,否,3.4
2026/09/04,07:00,14155319,CROSS,xZENDAR新品到 開學通勤包★專櫃頂級真皮小牛皮 肩背包 斜背包 (男女中性包),0.4折,2899,188,182,177,11,否,5.9
2026/09/04,07:00,13560155,飛利浦,雙溫萃取全自動義式咖啡機,74折,22900,50,44,40,10,否,20.0
2026/09/04,07:00,14204771,Orijen,無穀鮮肉貓糧5.4kg,45折,2099,300,294,291,9,否,3.0
2026/09/04,07:00,15413927,adidas 愛迪達,MEGASTRIDE 運動休閒鞋 男鞋/女鞋 多款任選 (KJ3920/KJ3925),48折,1690,299,296,290,9,否,3.0
2026/09/04,07:00,15090962,Samsung 三星,Galaxy A57 12/256G,73折,14990,30,26,24,6,否,20.0
2026/09/04,07:00,15175989,營養師輕食,台灣01益生菌 5入組(一入30包),65折,6595,100,97,94,6,否,6.0
2026/09/04,07:00,15333726,GJS 金敬順 黃金9999金條 雙雙對對 二錢 多選款(金重:2.00錢),GJS 金敬順 黃金9999金條 雙雙對對 二錢 多選款(金重:2.00錢),93折,38088,44,43,40,4,否,9.1
2026/09/04,07:00,11315457,CONVERSE,CHUCK 70 1970 高筒 男女休閒鞋 帆布鞋 (多款選),59折,1599,200,198,197,3,否,1.5
2026/09/04,07:00,15057870,Acer 宏碁,16型IPS 60Hz觸控超薄可攜式螢幕,65折,3299,30,30,28,2,否,6.7
2026/09/04,07:00,14885401,高島,Loop背鬆百變按摩槍,65折,2588,52,52,51,1,否,1.9
2026/09/04,07:00,14691727,dyson,HD16溫控負離子吹風機(普魯士藍限定色),77折,12900,150,150,149,1,否,0.7
2026/09/04,07:00,15633791,星巴克,大杯那堤(兌換冰熱任選),75折,105,2,2,1,1,否,50.0
2026/09/04,11:00,12928521,adidas 愛迪達,DURAMO RC 跑鞋 精選運動鞋 慢跑鞋 男鞋/女鞋 多款任選(ID2704/ID2702/KH7331/KH7328),43折,999,299,,0,299,是,100.0
2026/09/04,11:00,11150640,好奇,純水濕巾30包,65折,1029,397,357,335,62,否,15.6
2026/09/04,11:00,12710206,鮮綠生活,蒲燒鰻魚片4包,46折,829,194,165,141,53,否,27.3
2026/09/04,11:00,13289938,麗克特,無線萬用調理機,74折,2980,197,167,146,51,否,25.9
2026/09/04,11:00,7156692,金格食品,綜合小餅3盒組(任選；附贈提袋),59折,1049,262,232,213,49,否,18.7
2026/09/04,11:00,14465389,Nestle 雀巢,金牌濾掛咖啡綜合禮盒兩盒共96入,88折,968,309,281,264,45,否,14.6
2026/09/04,11:00,13240324,皇家東方泰,古法舒壓100分鐘,28折,899,328,303,289,39,否,11.9
2026/09/04,11:00,12622026,象印,大容量吊環隨行杯720ml,4折,999,254,235,219,35,否,13.8
2026/09/04,11:00,12118491,元氣堂,醣的對策胜月太苦瓜膠囊30粒x6盒,4折,2280,150,140,118,32,否,21.3
2026/09/04,11:00,15595656,PUMA,簡約百搭休閒鞋 運動鞋 (多款選),39折,890,143,126,111,32,否,22.4
2026/09/04,11:00,15050298,The North Face,中性純棉印花短袖T恤 (多款任選),53折,799,350,337,320,30,否,8.6
2026/09/04,11:00,13234622,Dove多芬,小金碗修護髮膜4入,5折,599,600,578,573,27,否,4.5
2026/09/04,11:00,15630115,TOMMY HILFIGER,男女款LOGO短T,33折,945,148,126,122,26,否,17.6
2026/09/04,11:00,13224566,m2 美度,超能膠原飲/晚安飲 任選1箱(100包),42折,7280,497,486,473,24,否,4.8
2026/09/04,11:00,15287902,王品集團,鍋物中菜$1600抵用券,86折,1388,250,243,226,24,否,9.6
2026/09/04,11:00,14032453,Panasonic 國際牌,12公升雙變頻智能除濕機★獨家奶茶色,6折,12111,33,23,12,21,否,63.6
2026/09/04,11:00,13727412,OXO,按壓式蔬菜香草脫水器3L/不傷鍋矽膠2件組/經典削皮刀3件組/輕鬆料理2件組(4選1),62折,799,294,284,274,20,否,6.8
2026/09/04,11:00,12475407,潤姬桃子,S1精華液3入,55折,2620,120,109,101,19,否,15.8
2026/09/04,11:00,13872609,Palladium,免仟元↘菱紋輕量休閒鞋(男鞋/女鞋),5折,990,208,196,189,19,否,9.1
2026/09/04,11:00,12271828,怪獸部落,慢烘鮮肉主食糧1.8kg(貓咪主食糧),78折,1799,500,489,484,16,否,3.2
2026/09/04,11:00,15645484,Foodcycler,廚餘大師Pro+手持扇,76折,11680,50,39,35,15,否,30.0
2026/09/04,11:00,9007774,資生堂國際櫃,激抗痕緊緻霜★買50送45+200mo,43折,3390,249,241,234,15,否,6.0
2026/09/04,11:00,15617006,LANEIGE 蘭芝,LANEIGE x Matin Kim 限定版聯名氣墊,73折,1890,14,,0,14,是,100.0
2026/09/04,11:00,14107740,幫寶適,一級幫散熱拉拉褲/黏貼尿布5箱,74折,5295,499,488,485,14,否,2.8
2026/09/04,11:00,13197310,義大利CUOCO,厚2代鈦晶岩大寶鍋組34cm,66折,1311,230,221,218,12,否,5.2
2026/09/04,11:00,11742667,白蘭氏,深海魚油+蝦紅素 3瓶,65折,2769,120,112,109,11,否,9.2
2026/09/04,11:00,15110257,YOMIX,雙面磁吸三腳自拍棒,66折,1190,57,52,49,8,否,14.0
2026/09/04,11:00,15368659,m2 美度,超能膠原新生飲8盒組(8入/盒),46折,5080,286,280,278,8,否,2.8
2026/09/04,11:00,11155674,幸福孩子的7個好習慣套書,幸福孩子的7個好習慣套書,55折,1086,68,64,62,6,否,8.8
2026/09/04,11:00,14917016,好好生醫,燕窩酸益生菌白晝光 4入,71折,3680,100,96,94,6,否,6.0
2026/09/04,11:00,13351861,船井生醫,FIP100纖維粉增量限定版(共240包),34折,6580,50,49,45,5,否,10.0
2026/09/04,11:00,10962637,OMRON 歐姆龍,藍牙傳輸四點式體重體脂計 HBF-702T,57折,5080,98,96,94,4,否,4.1
2026/09/04,11:00,12504165,Segway,電動滑板車E2 Pro,68折,15599,15,11,11,4,否,26.7
2026/09/04,11:00,14234356,海爾,65型QLED量子點智慧TV,75折,14988,11,8,8,3,否,27.3
2026/09/04,11:00,14191788,特福,高速真空火氧冷熱調理機,4折,7999,34,33,32,2,否,5.9
2026/09/04,11:00,15059252,Lenovo,15.6吋Ryzen 3 U版輕薄筆電,86折,12990,25,24,24,1,否,4.0
2026/09/04,11:00,15633791,星巴克,大杯那堤(兌換冰熱任選),75折,105,2,2,2,0,否,0.0
2026/09/04,11:00,15591177,小米,紅米 Note 17 Pro Max(8G/512G),94折,15999,24,24,24,0,否,0.0
2026/09/04,14:00,14856095,Sunny Hills 微熱山丘,鳳梨酥禮盒2盒,81折,999,303,224,147,156,否,51.5
2026/09/04,14:00,8037995,倍潔雅,花漾柔感150抽x84包,5折,849,292,230,154,138,否,47.3
2026/09/04,14:00,13198821,花蓮鶴岡,60年老欉文旦10斤x2箱(外銷),37折,599,300,257,186,114,否,38.0
2026/09/04,14:00,14640371,台北喜來登大飯店,下午茶吃到飽,76折,838,398,337,312,86,否,21.6
2026/09/04,14:00,8814670,RainCity,2入組 開車必備自動反向傘 鋁合金玻纖10骨抗暴風,26折,479,610,575,526,84,否,13.8
2026/09/04,14:00,4908315,桂格,即沖即食大燕麥片1100gx6罐,64折,849,396,359,329,67,否,16.9
2026/09/04,14:00,13598055,橘子工坊,天然洗衣球162顆,35折,919,494,461,440,54,否,10.9
2026/09/04,14:00,10821716,國際牌,14吋微電腦DC扇 F-S14KM,33折,1299,349,318,305,44,否,12.6
2026/09/04,14:00,10423370,特福,波爾多不沾鍋4鍋6件組,3折,1299,229,197,186,43,否,18.8
2026/09/04,14:00,15597776,紅布朗,乘光相聚-人氣綜合堅果禮盒,62折,599,550,515,507,43,否,7.8
2026/09/04,14:00,13289938,麗克特,無線萬用調理機,74折,2980,200,181,158,42,否,21.0
2026/09/04,14:00,13531104,凱斯博士,無酒精漱口水2入,5折,699,400,378,359,41,否,10.2
2026/09/04,14:00,11808107,FOOTER,6入組-運動氣墊襪,54折,919,199,183,163,36,否,18.1
2026/09/04,14:00,14951759,理膚寶水,MELA B3淡斑精華,34折,3614,299,283,265,34,否,11.4
2026/09/04,14:00,14048619,m2 美度,超能膠原C粉100入,36折,1680,499,471,465,34,否,6.8
2026/09/04,14:00,15544230,adidas 愛迪達,TERREX TRACEFINDER PLUS GORE-TEX 越野跑鞋 運動鞋 慢跑鞋 防潑水 男鞋,46折,1790,300,281,269,31,否,10.3
2026/09/04,14:00,6736978,三星,258L一級變頻窄身冰箱,5折,9999,50,32,19,31,否,62.0
2026/09/04,14:00,15296212,佳麗寶,ALLIE濾鏡調色防曬3入,55折,1225,245,230,225,20,否,8.2
2026/09/04,14:00,15394414,周大福,網路限定款9999黃金金豆 1公克_小星星,88折,5588,17,3,0,17,是,100.0
2026/09/04,14:00,15541009,AmaBios 亞馬生醫,MPE-311激孅粒現10盒,46折,7399,200,199,183,17,否,8.5
2026/09/04,14:00,15054743,EatBLISS 益比喜,小晶晶金盞花葉黃素凍升級版汪汪隊限量版100入,4折,2780,500,491,485,15,否,3.0
2026/09/04,14:00,15477277,巴黎萊雅,紫熨斗撫紋眼霜2入,63折,1699,180,172,165,15,否,8.3
2026/09/04,14:00,12963341,TECO東元,綠光顯塵無線吸塵器XJ2501CB,52折,2599,100,92,85,15,否,15.0
2026/09/04,14:00,12012287,Sheba希寶,鮮饌包主食70g*48入,53折,999,158,146,143,15,否,9.5
2026/09/04,14:00,14381714,Photofast,mini充 10000mAh防爆SSB固態行動電源,74折,1490,250,239,236,14,否,5.6
2026/09/04,14:00,15585319,SHARP 夏普,25公變頻美學除濕機 DW-UX25HT-H/W,8折,20900,30,25,19,11,否,36.7
2026/09/04,14:00,14851712,我的健康日記,膠原飲96入(蜂王、燕窩 2款任選),76折,4199,150,145,140,10,否,6.7
2026/09/04,14:00,11105043,GJS 金敬順黃金9999金條 元寶 金豆 多選款(金重:1.00錢),GJS 金敬順黃金9999金條 元寶 金豆 多選款(金重:1.00錢),94折,18988,119,113,109,10,否,8.4
2026/09/04,14:00,12177151,FL 生活+,可掀蓋抽屜收納箱3入,35折,1999,200,200,190,10,否,5.0
2026/09/04,14:00,11006259,禾聯,4-6坪一級變頻冷暖空調,5折,15215,20,11,11,9,否,45.0
2026/09/04,14:00,15401638,契爾氏,激光極淨白淡斑精華50ml,35折,3060,187,182,179,8,否,4.3
2026/09/04,14:00,14819340,Luzz,加農砲PRO級雙認證匹克球拍,68折,3180,29,22,22,7,否,24.1
2026/09/04,14:00,15111391,麥雪爾,萊賽爾/造型百搭洋裝 (多款任選),36折,1580,173,170,166,7,否,4.0
2026/09/04,14:00,15325345,Samsung 三星,Galaxy S26 Ultra 5G 6.9吋(12G/256G/Snapdragon 8 Elite Gen 5/2億鏡頭畫素/AI手機),83折,37590,30,28,24,6,否,20.0
2026/09/04,14:00,9820572,Oral-B 歐樂B,iO SLIM電動牙刷+刷頭二入,54折,5490,50,48,45,5,否,10.0
2026/09/04,14:00,15088626,澳佳寶,四倍金粹濃縮魚油 5入,52折,5499,23,18,18,5,否,21.7
2026/09/04,14:00,9709582,船井生醫,成長關健牛奶鈣魚膠原粉3盒(共150包),39折,6111,55,51,50,5,否,9.1
2026/09/04,14:00,13120356,迪朗奇,220.22全自動義式咖啡機,54折,17900,49,46,46,3,否,6.1
2026/09/04,14:00,13108092,H&D 東稻家居,濱城多功能沙發床,24折,3099,47,47,45,2,否,4.3
2026/09/04,14:00,15631860,Apple,Mac mini M4(16G/256G)★無線鼠超值組,98折,26900,15,15,14,1,否,6.7
2026/09/04,14:00,10320114,Bora,摺疊藍牙電鋼琴,56折,6388,62,62,62,0,否,0.0
2026/09/04,14:00,10958352,好奇,小森林尿布 (好眠褲/好動褲/黏貼型),83折,1419,1,1,1,0,否,0.0
2026/09/04,14:00,15576993,Flokk,人體工學椅 布面/羊毛,48折,30990,7,7,7,0,否,0.0
2026/09/04,18:00,14856095,Sunny Hills 微熱山丘,鳳梨酥禮盒2盒,81折,999,304,246,165,139,否,45.7
2026/09/04,18:00,15062016,KEBUKE 可不可,氣泡茶420mlx24入/箱(愛司莓果/春梅冷露),54折,499,565,536,488,77,否,13.6
2026/09/04,18:00,14376137,CeraVe,長效保濕乳2入組,54折,1034,300,284,250,50,否,16.7
2026/09/04,18:00,14947437,mo select,究好加大型雙層連續抽取式花紋衛生紙(150抽x84包/箱),44折,799,499,480,452,47,否,9.4
2026/09/04,18:00,14532866,Tefal 特福,醇火不沾鍋具3件組,33折,899,350,328,305,45,否,12.9
2026/09/04,18:00,4204214,妙管家,抗菌洗衣精8瓶,5折,799,499,478,455,44,否,8.8
2026/09/04,18:00,14107410,樂米穀場,花蓮富里產雪之光輝1.5kg*6入,49折,799,400,378,359,41,否,10.2
2026/09/04,18:00,15248939,雅詩蘭黛,小棕眼霜買15送15ml,27折,1799,186,177,152,34,否,18.3
2026/09/04,18:00,9688786,Kotex 靠得住,晚安好眠褲/日用懶人褲 M-XL(多款選),39折,639,919,902,885,34,否,3.7
2026/09/04,18:00,15597846,Fikka,羅馬假期．輕量樂福洞洞鞋/Air Walker 002．月球漫步空氣緩衝跑車洞洞鞋,82折,1380,105,94,72,33,否,31.4
2026/09/04,18:00,13913204,飛利浦,14.2L抗敏清淨除濕機-DE5306,64折,8999,39,15,6,33,否,84.6
2026/09/04,18:00,13224566,m2 美度,超能膠原飲/晚安飲 任選1箱(100包),42折,7280,500,488,473,27,否,5.4
2026/09/04,18:00,7679325,船井burner倍熱,極纖錠獨家增量版4盒+夜孅2袋,27折,4499,69,62,47,22,否,31.9
2026/09/04,18:00,13454873,小米官方旗艦館,Xiaomi 電動打氣機 2 Pro,83折,1299,198,191,181,17,否,8.6
2026/09/04,18:00,15609452,POCO,POCO F9 Ultra (16G/512G),89折,26999,40,32,26,14,否,35.0
2026/09/04,18:00,12721647,LG,19KG變頻洗衣機,67折,18888,35,25,22,13,否,37.1
2026/09/04,18:00,15252400,BRAUN 百靈,新5系PRO免拆快洗電鬍刀★附鬢角刀,49折,3388,99,92,88,11,否,11.1
2026/09/04,18:00,11689147,達摩本草,92%高濃度魚油 6入(共720顆),35折,3990,80,79,69,11,否,13.8
2026/09/04,18:00,15209759,石頭科技,Qrevo Edge2掃拖機器人,33折,19999,49,41,38,11,否,22.4
2026/09/04,18:00,14159538,24HRS,寶寶藍新色上市★鎮店無感支撐內衣-5件組,55折,1900,500,498,490,10,否,2.0
2026/09/04,18:00,7600368,悠活原力,買2送1!蔓越莓益生菌3盒(30粒/盒),48折,999,194,194,185,9,否,4.6
2026/09/04,18:00,9488505,SK-II,青春露330ml,54折,4899,214,209,205,9,否,4.2
2026/09/04,18:00,15027125,SPORTS RESEARCH,Omega-3 濃縮魚油 1250mg 150粒,84折,1699,200,197,192,8,否,4.0
2026/09/04,18:00,14459491,SWAROVSKI 施華洛世奇,官方直營 Latisha小花/Sublima/BellaV/Dextera圓圈 鏈墜/手鍊/耳環 (多款任選),51折,2199,47,44,39,8,否,17.0
2026/09/04,18:00,14851712,我的健康日記,膠原飲96入(蜂王、燕窩 2款任選),76折,4199,150,149,142,8,否,5.3
2026/09/04,18:00,14055209,三星,65型OLED智慧顯示器,85折,46900,20,15,15,5,否,25.0
2026/09/04,18:00,9951232,CAESAR 凱撒衛浴,除氯過濾蓮蓬頭1機6芯+淋浴軟管組,48折,1190,200,199,195,5,否,2.5
2026/09/04,18:00,7341640,Buffalo 牛頭牌,小牛不鏽鋼雙耳炒鍋40cm,58折,3799,22,19,17,5,否,22.7
2026/09/04,18:00,15607846,華碩,16吋R7電競RTX5060,93折,45999,27,25,23,4,否,14.8
2026/09/04,18:00,13591561,DR.WU,角鯊潤澤修復精華油,95折,2000,148,147,144,4,否,2.7
2026/09/04,18:00,11918994,杏輝醫藥,蓉憶記膠囊 健字號 30粒/盒 8入,57折,15520,91,90,88,3,否,3.3
2026/09/04,18:00,15520096,Apple,2026 iPad Air M4晶片/11吋/WiFi/256G,91折,27896,30,28,28,2,否,6.7
2026/09/04,18:00,15633791,星巴克,大杯那堤(兌換冰熱任選),75折,105,3,2,2,1,否,33.3
2026/09/04,18:00,15529843,Maipassport,收納壓壓袋,58折,2549,54,53,53,1,否,1.9
2026/09/04,18:00,15543359,NIKE 耐吉,VOMERO PREMIUM 旗艦款 男女慢跑鞋 運動鞋 氣墊緩震 (多款選),72折,5199,100,99,99,1,否,1.0
